id,title,date,article_url,place_of_accident,district,number_of_deaths,number_of_injured,vehicle_type,cause_of_accident,country,report_type,type_of_accident,accident_date,accident_time,month,month_num,condition,accident_hour,month_name,cause_of_accident_normalized
597,Road accident kills 2,2017-10-27 12:10:36,https://en.prothomalo.com/bangladesh/Road-accident-kills-2,chittagong-teknaf highway near rabeta hospital,,2,8,"Truck, Human Hauler",truck hit a human hauler,Bangladesh,event,road accident,2017-10-27,12:10:36,Oct,10,,12,Oct,truck hit a human hauler
601,Road accident kills student,2017-10-09 17:46:54,https://en.prothomalo.com/bangladesh/Road-accident-kills-student,duttapara bazaar area on natore-dhaka highway,Natore,1,0,Bus,ran over,Bangladesh,event,road accident,2017-10-09,17:46:54,Oct,10,Light rain,17,Oct,ran over
602,Chuadanga road accident kills girl,2017-10-02 17:16:29,https://en.prothomalo.com/bangladesh/Chuadanga-road-accident-kills-girl,baidyanathpur village,Chuadanga,1,0,"Tractor, Human Hauler",tractor hit human hauler,Bangladesh,event,road accident,2017-10-02,17:16:29,Oct,10,Moderate rain,17,Oct,tractor hit human hauler
613,2 killed in Netrakona road accident,2017-08-26 22:44:42,https://en.prothomalo.com/bangladesh/2-killed-in-Netrakona-road-accident-2,hirakanda on netrakona- kalmakanda road,Netrakona,2,1,Motorcycle,,Bangladesh,event,road accident,2017-08-26,22:44:42,Aug,8,,22,Aug,
614,2 killed in Netrakona road accident,2017-08-26 22:44:42,https://en.prothomalo.com/bangladesh/2-killed-in-Netrakona-road-accident,hirakanda on netrakona- kalmakanda road,Netrakona,2,1,Motorcycle,,Bangladesh,event,road accident,2017-08-26,22:44:42,Aug,8,,22,Aug,
617,"Microbus with bridal party plunges into canal at Borguna, 7 dead",2024-06-22 16:24:58,,haldia bazar area of chawra union,,7,0,Microbus,bridge collapsed,Bangladesh,event,road accident,2024-06-22,16:24:58,Jun,6,,16,Jun,bridge collapsed
620,BRTC truck runs over SSC examinee in Uttara,2025-04-27 17:36:49,https://en.prothomalo.com/bangladesh/city/r5pquikuo0,"azampur, uttara",Dhaka,1,0,Truck,speeding truck,Bangladesh,event,road accident,2025-04-27,17:36:49,Apr,4,Light rain,17,Apr,speeding truck
622,3 workers killed in Pabna road crash,2024-12-27 12:05:03,https://en.prothomalo.com/bangladesh/accident/ekltddobfy,rangamati area of santhia upazila,Pabna,3,5,Three-Wheeler And Truck,a speeding truck ran over a three-wheeler,Bangladesh,event,road accident,2024-12-27,12:05:03,Dec,12,Clear sky,12,Dec,a speeding truck ran over a threewheeler
625,2 killed in Gazipur road accident,2017-07-08 23:23:08,,"baipass and mouchak areas, dhaka-tangail highway",Dhaka,2,0,"Bus, Motorcycle","bus knocked down motorcycle, boy crushed under wheels of speeding bus",Bangladesh,event,road accident,2017-07-08,23:23:08,Jul,7,Moderate rain,23,Jul,bus knocked down motorcycle boy crushed under wheels of speeding bus
626,Three motorbike riders killed in Gopalganj road crash,2025-01-17 12:19:21,https://en.prothomalo.com/bangladesh/accident/u9eby3k1yh,dhaka-khulna highway at hironnokandi,Gopalganj,3,0,"Motorcycle, Vehicle",vehicle hit motorcycle,Bangladesh,event,road accident,2025-01-17,12:19:21,Jan,1,Clear sky,12,Jan,vehicle hit motorcycle
629,"Truck, pickup van collision kills 4 in Habiganj",2025-04-18 10:19:43,https://en.prothomalo.com/bangladesh/accident/62zmalfk3n,bakharnakhar area on the dhaka-sylhet highway,Habiganj,4,5,Truck And A Pickup Van,collision,Bangladesh,event,road accident,2025-04-18,10:19:43,Apr,4,Light rain,10,Apr,collision
630,Driver of bus killing two CUET students arrested,2024-04-24 17:15:14,https://en.prothomalo.com/bangladesh/local-news/y3n10gzsf4,kotwali area of chattogram city,Chattogram,0,2,Bus,hit and run,Bangladesh,event,road accident,2024-04-24,17:15:14,Apr,4,rain not reaching ground,17,Apr,hit and run
631,BNP chief’s adviser Habib injured in road accident,2017-07-02 22:06:43,https://en.prothomalo.com/bangladesh/BNP-chief’s-adviser-Habib-injured-in-road-accident,gurudaspur,Natore,0,3,"Car, Truck",head-on collision,Bangladesh,event,road accident,2017-07-02,22:06:43,Jul,7,Heavy rain,22,Jul,head-on collision
639,Metro Rail authorities urge public to avoid flying paper lanterns,2024-12-30 20:18:48,https://en.prothomalo.com/bangladesh/m7xhtkudmi,mrt line-6 route from uttara north to motijheel and surrounding areas,Dhaka,0,0,"Metro Rail, Paper Lanterns",paper lanterns entangled in high-voltage electric lines,Bangladesh,event,road accident,2024-12-30,20:18:48,Dec,12,Clear sky,20,Dec,paper lanterns entangled in highvoltage electric lines
642,Child goes missing as auto-rickshaw falls into drain in Chattogram,2025-04-19 09:35:15,https://en.prothomalo.com/bangladesh/local-news/cso5ox254g,chawkbazar area of chattogram city,Chattogram,0,1,Battery-Run Rickshaw,over speed,Bangladesh,event,road accident,2025-04-19,09:35:15,Apr,4,Moderate rain,9,Apr,over speed
643,"Woman, daughter among 3 killed in ambulance-van collision in Jashore",2025-03-19 11:03:29,https://en.prothomalo.com/bangladesh/accident/o3upx6bi9u,jhikargachha,Jashore,3,0,Ambulance And Engine-Run Rickshaw Van,head-on collision,Bangladesh,event,road accident,2025-03-19,11:03:29,Mar,3,Clear sky,11,Mar,head-on collision
644,Man killed in bus-truck collision in Dhaka ,2024-11-17 11:54:10,https://en.prothomalo.com/bangladesh/city/526xq1dh4e,paltan area,Dhaka,1,0,"Bus, Truck, Rickshaw",head-on collision,Bangladesh,event,road accident,2024-11-17,11:54:10,Nov,11,Partly cloudy,11,Nov,head-on collision
646,"Five dead, 25 injured in bus-truck collision in Gopalganj",2024-09-01 10:13:50,https://en.prothomalo.com/bangladesh/accident/x73yy25999,dhaka-gopalganj highway in kashiani upazila,Gopalganj,5,25,Passenger Bus And A Truck,head-on collision,Bangladesh,event,road accident,2024-09-01,10:13:50,Sep,9,Light rain,10,Sep,head-on collision
648,7 killed in bus-auto rickshaw collision in Mymensingh,2024-02-16 16:21:25,https://en.prothomalo.com/bangladesh/accident/59kq5vbve6,mymensingh-sherpur highway in the alalpur area of mymensingh sadar upazila,Mymensingh,7,0,Bus And A Cng-Run Auto Rickshaw,head-on collision,Bangladesh,event,road accident,2024-02-16,16:21:25,Feb,2,Clear sky,16,Feb,head-on collision
649,Road crash at Hanif flyover kills one,2023-12-21 13:56:36,https://en.prothomalo.com/bangladesh/accident/wszlhyefw3,jatrabari,Dhaka,1,0,"Bus, Motorcycle",hit by a bus,Bangladesh,event,road accident,2023-12-21,13:56:36,Dec,12,Partly cloudy,13,Dec,hit by a bus
650,"4 killed from bus-truck collision in Tangail, 8 injured",2024-10-04 16:06:04,https://en.prothomalo.com/bangladesh/accident/9so2dbk3a6,tangail-mymensingh highway in sholakura area,Tangail,4,8,"Bus, Truck",head-on collision,Bangladesh,event,road accident,2024-10-04,16:06:04,Oct,10,Heavy rain,16,Oct,head-on collision
652,5 killed as buses collide head-on in Chattogram,2025-03-31 10:50:09,,chattogram-cox’s bazar highway in lohagara upazila,Chattogram,5,8,Passenger Buses,head-on collision,Bangladesh,event,road accident,2025-03-31,10:50:09,Mar,3,Light rain,10,Mar,head-on collision
655,One killed in road crash in Dhaka,2023-06-05 11:36:25,https://en.prothomalo.com/bangladesh/city/2a9jwz1w0w,jatrabari area,Dhaka,1,0,,,Bangladesh,event,road accident,2023-06-05,11:36:25,Jun,6,Mainly clear,11,Jun,
657,5 killed as truck hits auto-rickshaw in Jamalpur,2025-01-31 08:52:43,https://en.prothomalo.com/bangladesh/accident/ybxv2w0xzf,sarishabari upazila,Jamalpur,5,1,"Truck, Auto-Rickshaw",truck hitting auto-rickshaw,Bangladesh,event,road accident,2025-01-31,08:52:43,Jan,1,Light rain,8,Jan,truck hitting autorickshaw
659,Separate road accidents kill 2 in Magura,2017-05-31 14:15:37,,dhaka-magura highway and magura-jhenidah road,Magura,2,0,"Pickup Van, Truck, Bus",head-on collision and being crushed under wheels,Bangladesh,event,road accident,2017-05-31,14:15:37,May,5,Moderate rain,14,May,headon collision and being crushed under wheels
660,Bus overturns killing five in Cumilla,2024-05-17 12:26:50,https://en.prothomalo.com/bangladesh/accident/7hsdawhs6p,basantapur area,Cumilla,5,10,Bus,lost control,Bangladesh,event,road accident,2024-05-17,12:26:50,May,5,Partly cloudy,12,May,lost control
662,4 killed in Bogura bus-covered van collision,2024-07-09 11:48:15,https://en.prothomalo.com/bangladesh/accident/cy89cslfvt,rangpur-dhaka highway at banani lichutala area,Rangpur,4,7,"Passenger Bus, Covered Van",head-on collision,Bangladesh,event,road accident,2024-07-09,11:48:15,Jul,7,Moderate rain,11,Jul,head-on collision
665,Four killed in Ctg road accident,2017-05-25 20:12:16,https://en.prothomalo.com/bangladesh/Four-killed-in-Ctg-road-accident,chittagong-cox's bazar highway at koshaipara in chandnaish upazila,,4,9,"Truck, Human-Hauler",truck collided with a human-hauler,Bangladesh,event,road accident,2017-05-25,20:12:16,May,5,,20,May,truck collided with a humanhauler
666,Two college students die as truck collides with motorcycle in Natore ,2023-08-31 09:54:41,https://en.prothomalo.com/bangladesh/accident/hos2y1mx1y,baraigram,Natore,2,0,"Truck, Motorcycle",truck collided with motorcycle,Bangladesh,event,road accident,2023-08-31,09:54:41,Aug,8,Moderate rain,9,Aug,truck collided with motorcycle
667,ASI among 6 killed in Gopalganj road accident,2017-05-25 16:01:14,https://en.prothomalo.com/bangladesh/ASI-among-6-killed-in-Gopalganj-road-accident,dhaka-khulna highway at nichupara,Gopalganj,6,4,"Microbus, Easy Bike",microbus hit an easy bike,Bangladesh,event,road accident,2017-05-25,16:01:14,May,5,Light rain,16,May,microbus hit an easy bike
670,Traffic police killed in Gaibandha road crash,2023-08-24 12:20:22,https://en.prothomalo.com/bangladesh/accident/fcqszxpuik,golchattar,Gaibandha,1,0,"Truck, Motorcycle",truck hit motorbike,Bangladesh,event,road accident,2023-08-24,12:20:22,Aug,8,Moderate rain,12,Aug,truck hit motorbike
671,Eleven die as truck hits vehicles at toll plaza in Jhalakathi,2024-04-17 15:06:30,https://en.prothomalo.com/bangladesh/local-news/z0chp27pt6,gabkhan bridge toll plaza,Jhalokati,11,25,"Cement-Laden Truck, Other Vehicles",truck lost control and hit a number of vehicles,Bangladesh,event,road accident,2024-04-17,15:06:30,Apr,4,Dense rain,15,Apr,truck lost control and hit a number of vehicles
674,10 injured after 3 vehicles collide on expressway in Munshiganj,2025-02-17 14:31:33,https://en.prothomalo.com/bangladesh/accident/2x8785gcfe,sreenagar expressway near sreenagar ferry ghat,Munshiganj,0,10,"Passenger Bus, Truck, Pickup Van",collision due to dense fog and limited visibility,Bangladesh,event,road accident,2025-02-17,14:31:33,Feb,2,Light rain,14,Feb,collision due to dense fog and limited visibility
675,Anchored ferry drowns in Padma river with vehicles,2024-01-17 12:15:10,https://en.prothomalo.com/bangladesh/accident/0d0lkdv3vw,paturia’s ghat no. 5,Manikganj,0,0,"Ferry, Vehicles",drowned in the padma river,Bangladesh,event,road accident,2024-01-17,12:15:10,Jan,1,Partly cloudy,12,Jan,drowned in the padma river
676,One killed as bus overturns on Expressway,2024-04-24 12:33:15,https://en.prothomalo.com/bangladesh/accident/x9d7l1xo1c,bandarkhola area on bangabandhu sheikh mujibur rahman expressway,Madaripur,1,10,Bus,,Bangladesh,event,road accident,2024-04-24,12:33:15,Apr,4,Dense rain,12,Apr,
677,13 killed in bus-pickup van collision in Faridpur,2024-04-16 10:46:03,,"dhaka-khulna highway in sadar upazila of faridpur, tetultala area of kanaipur union parishad",Faridpur,13,0,"Bus, Pickup Van",collision,Bangladesh,event,road accident,2024-04-16,10:46:03,Apr,4,Partly cloudy,10,Apr,collision
678,Lightning strike kills fisherman in Kishoreganj,2023-06-17 10:50:00,https://en.prothomalo.com/bangladesh/accident/1ad2qum1t9,nurpur haor,Kishoreganj,1,1,,lightning strike,Bangladesh,event,road accident,2023-06-17,10:50:00,Jun,6,Heavy rain,10,Jun,lightning strike
679,Truck hits 70-year-old man to death in Jatrabari,2023-09-03 09:57:02,https://en.prothomalo.com/bangladesh/accident/x2qi8p5g5k,jatrabari,Dhaka,1,0,Truck,,Bangladesh,event,road accident,2023-09-03,09:57:02,Sep,9,Light rain,9,Sep,
683,12 people killed in head-on collision between two trucks in Sylhet,2023-06-07 08:13:39,https://en.prothomalo.com/bangladesh/accident/jewt65xa46,nazirabazar,Sylhet,12,0,Two Trucks,head-on collision,Bangladesh,event,road accident,2023-06-07,08:13:39,Jun,6,Light rain,8,Jun,head-on collision
684,Road crash kills 3 in Dinajpur,2024-12-06 12:37:30,https://en.prothomalo.com/bangladesh/accident/11zrxs5fe2,kamarpur zodur mor area of birganj upazila,Dinajpur,3,15,"Bus, Truck",head-on collision,Bangladesh,event,road accident,2024-12-06,12:37:30,Dec,12,Mainly clear,12,Dec,head-on collision
685,Four dead as BRTC bus hits rickshaw van in Dinajpur,2024-02-06 11:18:08,https://en.prothomalo.com/bangladesh/accident/z7w8cchc5x,"ranirbandar bazar area, pakerhat road",Dinajpur,4,0,Bus And Rickshaw Van,bus hit a stationary rickshaw van,Bangladesh,event,road accident,2024-02-06,11:18:08,Feb,2,Partly cloudy,11,Feb,bus hit a stationary rickshaw van
688,College teacher killed as bus runs over him in Bogura,2023-05-24 15:31:39,https://en.prothomalo.com/bangladesh/accident/7jivze9xjs,bogura-rangpur highway at jhopgari in sadar upazila,Rangpur,1,0,Bus,,Bangladesh,event,road accident,2023-05-24,15:31:39,May,5,Light rain,15,May,
689,Two truckers killed in Panchagarh road accident,2017-05-17 14:32:00,https://en.prothomalo.com/bangladesh/Two-truckers-killed-in-Panchagarh-road-accident,panchagarh-dhaka highway in boda,Panchagarh,2,2,Truck,head-on collision,Bangladesh,event,road accident,2017-05-17,14:32:00,May,5,,14,May,head-on collision
690,3 dead as sand pile collapses in Rajbari ,2023-09-13 12:04:26,https://en.prothomalo.com/bangladesh/accident/ei4lnoet25,joikura ghat,Rajbari,3,0,"Truck, Excavator Machine",sand pile collapsed on them while loading it on a truck,Bangladesh,event,road accident,2023-09-13,12:04:26,Sep,9,Light rain,12,Sep,sand pile collapsed on them while loading it on a truck
691,13 missing as passenger trawler capsizes in Meghna River ,2025-05-31 22:47:35,https://en.prothomalo.com/bangladesh/local-news/ic0q3f20e5,meghna river near dubarchar area adjacent to karim bazar in hatiya,Noakhali,0,0,Passenger Trawler,capsized due to strong winds and waves,Bangladesh,event,road accident,2025-05-31,22:47:35,May,5,Moderate rain,22,May,capsized due to strong winds and waves
693,Five killed as two buses collide in Faridpur,2024-10-15 10:46:29,https://en.prothomalo.com/bangladesh/local-news/8zaofzgj1v,"dhaka-khulna highway, near karimpur jora bridge in mallickpur of faridpur sadar upazila",Faridpur,5,15,Bus,head-on collision,Bangladesh,event,road accident,2024-10-15,10:46:29,Oct,10,Light rain,10,Oct,head-on collision
697,Transport syndicate set to extort Tk 8.32b during Eid: Jatri Kalyan Samity,2025-03-26 21:36:53,https://en.prothomalo.com/bangladesh/cxrjumq7y8,dhaka reporters’ unity,Dhaka,0,0,"Road, Rail, Water And Air Transport",fare irregularities and extortion,Bangladesh,event,road accident,2025-03-26,21:36:53,Mar,3,Partly cloudy,21,Mar,fare irregularities and extortion
698,Education academy DG killed in road accident,2017-05-13 18:10:13,https://en.prothomalo.com/bangladesh/Education-academy-DG-killed-in-road-accident,baroiarhat area,Chattogram,1,0,,,Bangladesh,event,road accident,2017-05-13,18:10:13,May,5,Light rain,18,May,
699,Five killed in Gazipur road crash,2024-09-15 10:22:26,https://en.prothomalo.com/bangladesh/accident/6ind9vrd3g,tongi-kaliganj-ghorashal road,Gazipur,5,1,Cng-Run Auto Rickshaw,,Bangladesh,event,road accident,2024-09-15,10:22:26,Sep,9,Moderate rain,10,Sep,
706,2 killed as bus overturns on Bogura-Rangpur highway,2023-06-28 14:37:22,https://en.prothomalo.com/bangladesh/accident/vv09h3fo9o,bogura-rangpur highway at chandihara in shibganj upazila,Bogra,2,2,Bus,overturned,Bangladesh,event,road accident,2023-06-28,14:37:22,Jun,6,Moderate rain,14,Jun,overturned
707,Chhatra Dal activist shot dead in Narsingdi,2024-12-22 13:22:45,https://en.prothomalo.com/bangladesh/local-news/auf6dhwevn,panchdona bazar fish market mosque,Narsingdi,1,0,,shot dead by miscreants,Bangladesh,event,road accident,2024-12-22,13:22:45,Dec,12,Partly cloudy,13,Dec,shot dead by miscreants
708,Four killed in Mymensingh road crash,2023-10-11 11:32:06,https://en.prothomalo.com/bangladesh/accident/y1i0b58wzt,"chelerghat area, dhaka-mymensingh highway",Mymensingh,4,0,Bus,bus ran over people,Bangladesh,event,road accident,2023-10-11,11:32:06,Oct,10,Light rain,11,Oct,bus ran over people
710,5 killed in bus-truck head-on collision in Dinajpur,2024-07-05 12:03:37,https://en.prothomalo.com/bangladesh/accident/77a3uamyl6,panchbari bazar chakrampur (daisei) area of ​​dinajpur-gobindaganj road,Dinajpur,5,28,"Bus, Truck",head-on collision,Bangladesh,event,road accident,2024-07-05,12:03:37,Jul,7,Moderate rain,12,Jul,head-on collision
711,Driver dies as truck crashes into covered van in Banani,2023-08-25 21:14:01,https://en.prothomalo.com/bangladesh/accident/prmrnuuwrz,banani area,Dhaka,1,0,"Truck, Covered Van",,Bangladesh,event,road accident,2023-08-25,21:14:01,Aug,8,Heavy rain,21,Aug,
715,Indefinite transport strike on Sylhet-Tamabil road from Monday,2023-07-10 08:54:05,https://en.prothomalo.com/bangladesh/uf0w1vuqpa,sylhet-tamabil road,Sylhet,5,0,All Types Of Transport,,Bangladesh,event,road accident,2023-07-10,08:54:05,Jul,7,Heavy rain,8,Jul,
716,Two truck workers killed in city accident,2017-04-29 10:41:25,,shyampur area,Dhaka,2,0,,,Bangladesh,event,road accident,2017-04-29,10:41:25,Apr,4,Heavy rain,10,Apr,
717,Three killed as truck hit buses carrying Jamaat members in Rajshahi,2025-04-07 10:11:24,https://en.prothomalo.com/bangladesh/local-news/kvxl4jpbxj,kharkhari area on the outskirts of rajshahi city,Rajshahi,3,50,Truck And Two Buses,truck collided with two buses,Bangladesh,event,road accident,2025-04-07,10:11:24,Apr,4,,10,Apr,truck collided with two buses
719,4 killed in head-on collision of motorcycles in Shibchar ,2025-04-01 23:00:20,https://en.prothomalo.com/bangladesh/local-news/0tg964x2yr,kutubpur saheb bajar,Madaripur,4,2,Motorcycle,head on collision,Bangladesh,event,road accident,2025-04-01,23:00:20,Apr,4,Light rain,23,Apr,head-on collision
720,Four dead as bus hits auto-rickshaw in Gaibandha,2023-04-21 20:45:01,https://en.prothomalo.com/bangladesh/accident/urtdici3zx,taltala area of gabindaganj upazila,Gaibandha,4,0,"Bus, Auto-Rickshaw",bus hit auto-rickshaw,Bangladesh,event,road accident,2023-04-21,20:45:01,Apr,4,Moderate rain,20,Apr,bus hit autorickshaw
721,42 RMG workers injured as bus overturns in Banani,2025-03-28 14:20:46,https://en.prothomalo.com/bangladesh/city/329w3knjek,banani area,Dhaka,0,42,Bus,overturned,Bangladesh,event,road accident,2025-03-28,14:20:46,Mar,3,Clear sky,14,Mar,overturned
723,"Truck driver, assistant killed in road accident",2017-04-26 15:17:50,https://en.prothomalo.com/bangladesh/Workers-killed-in-Sirajganj-road-crash,dhaka-bogra highway,Sirajganj,2,3,Transport Workers,road accident,Bangladesh,event,road accident,2017-04-26,15:17:50,Apr,4,Partly cloudy,15,Apr,road accident
726,"7 killed as truck, microbus collide in Narsingdi ",2023-08-25 08:21:33,https://en.prothomalo.com/bangladesh/accident/jfny1v132t,ghasirdia area,Narsingdi,7,0,"Truck, Microbus",collision,Bangladesh,event,road accident,2023-08-25,08:21:33,Aug,8,Moderate rain,8,Aug,collision
728,Five killed in truck-car collision in Habiganj,2024-05-02 12:11:03,https://en.prothomalo.com/bangladesh/accident/cfa5t17hh9,haritala area on sylhet-dhaka highway,Habiganj,5,0,Truck And Car,head on collision,Bangladesh,event,road accident,2024-05-02,12:11:03,May,5,Moderate rain,12,May,head-on collision
729,3 students killed as truck hits motorcycle in Chattogram,2023-11-04 16:31:05,https://en.prothomalo.com/bangladesh/accident/hm71unkdx8,"komoldha area, mirsharai upazila",Chattogram,3,1,"Truck, Motorcycle",truck hit motorcycle from behind while it was taking a u-turn,Bangladesh,event,road accident,2023-11-04,16:31:05,Nov,11,Partly cloudy,16,Nov,truck hit motorcycle from behind while it was taking a uturn
733,16 killed as bus plunges into ditch,2023-03-19 09:19:54,https://en.prothomalo.com/bangladesh/accident/piut06j8gp,kutubpur,Madaripur,16,30,Bus,fell into a ditch,Bangladesh,event,road accident,2023-03-19,09:19:54,Mar,3,Moderate rain,9,Mar,fell into a ditch
734,Bodies of 2 workers recovered from septic tank in Dhaka,2023-05-28 15:49:59,https://en.prothomalo.com/bangladesh/nps7yk5yjf,septic tank of an under-construction building,Dhaka,2,0,,fell into septic tank,Bangladesh,event,road accident,2023-05-28,15:49:59,May,5,Patches of fog,15,May,fell into septic tank
735,"Road crash kills 2, injures 6 in Chattogram",2023-04-21 19:21:30,https://en.prothomalo.com/bangladesh/accident/yjccy7747r,chattogram-cox's bazar highway,Chattogram,2,6,Bus,head-on collision,Bangladesh,event,road accident,2023-04-21,19:21:30,Apr,4,Heavy rain,19,Apr,head-on collision
737,Cop killed in road accident,2017-04-18 09:57:24,https://en.prothomalo.com/bangladesh/Cop-killed-in-road-accident,bogura-rangpur highway at mokamtola,Bogra,1,0,Truck,truck knocked him down,Bangladesh,event,road accident,2017-04-18,09:57:24,Apr,4,Moderate rain,9,Apr,truck knocked him down
740,12 injured as bus flipped over after crashing into footpath in Dhaka ,2023-04-19 16:42:42,https://en.prothomalo.com/bangladesh/city/jzaqzydayt,mirpur road,Dhaka,0,12,Bus,overturned after crashing into a footpath,Bangladesh,event,road accident,2023-04-19,16:42:42,Apr,4,Partly cloudy,16,Apr,overturned after crashing into a footpath
741,Two SSC examinees killed in road crash in Satkhira,2023-05-22 15:10:36,https://en.prothomalo.com/bangladesh/accident/g5g0vwf26f,satkhira-khulna highway near binerpota bridge,Satkhira,2,0,"Truck, Motorcycle",truck hit motorbike,Bangladesh,event,road accident,2023-05-22,15:10:36,May,5,Light rain,15,May,truck hit motorbike
742,"Rath Yatra: 5 electrocuted, 50 injured in Bogura",2024-07-07 20:40:53,,seujgari area of bogura town,,5,37,Rath,electrocution,Bangladesh,event,road accident,2024-07-07,20:40:53,Jul,7,,20,Jul,electrocution
744,"Father, daughter killed in Dinajpur road accident",2017-04-15 22:05:06,https://en.prothomalo.com/bangladesh/Father-daughter-killed-in-Dinajpur-road-accident,mirzapur area of birampur upazila,Dinajpur,2,3,Bus And Rickshaw Van,bus hit a rickshaw van,Bangladesh,event,road accident,2017-04-15,22:05:06,Apr,4,Moderate rain,22,Apr,bus hit a rickshaw van
746,B’baria road accident kills 2,2017-04-05 10:10:08,https://en.prothomalo.com/bangladesh/B’baria-road-accident-kills-2,bertala on dhaka-sylhet highway,Brahmanbaria,2,0,"Truck, Motorcycle",truck hit their bike,Bangladesh,event,road accident,2017-04-05,10:10:08,Apr,4,Light rain,10,Apr,truck hit their bike
748,Two dead as wall collapses in Chattogram,2023-02-23 11:18:07,,"jamal khan, chattogram city",Chattogram,2,1,Not Applicable,wall collapse during demolition,Bangladesh,event,road accident,2023-02-23,11:18:07,Feb,2,Partly cloudy,11,Feb,wall collapse during demolition
750,Two siblings lose lives while going by hired motorbike to celebrate Eid,2024-06-17 20:28:43,https://en.prothomalo.com/bangladesh/accident/hjdkzofx4p,"sohagpur bus stand area, ashuganj, brahmanbaria",Brahmanbaria,2,0,Motorcycle,,Bangladesh,event,road accident,2024-06-17,20:28:43,Jun,6,Moderate rain,20,Jun,
751,Three go missing as boat capsizes in Lalmonirhat,2023-07-09 13:27:07,,teesta river,Lalmonirhat,0,0,,strong currents,Bangladesh,event,road accident,2023-07-09,13:27:07,Jul,7,Moderate rain,13,Jul,strong currents
752,Dhaka-Mymensingh road blocked as female worker killed in road crash,2025-03-12 12:32:13,https://en.prothomalo.com/bangladesh/local-news/i17wk9nu8u,dhaka-mymensingh highway in gazipur,Gazipur,1,0,Truck,road accident,Bangladesh,event,road accident,2025-03-12,12:32:13,Mar,3,Mainly clear,12,Mar,road accident
753,Blockade in Banani over death of RMG worker in road crash,2025-03-10 10:54:33,https://en.prothomalo.com/bangladesh/city/yh9dbozxlc,chairman bari area,Dhaka,1,1,,road accident,Bangladesh,event,road accident,2025-03-10,10:54:33,Mar,3,Clear sky,10,Mar,road accident
756,"Five killed as truck, easybike collide head-on in Khulna",2024-02-10 19:02:16,https://en.prothomalo.com/bangladesh/accident/815q7wlgu0,khulna-satkhira highway at angardoha culvert area,Khulna,5,0,Truck And Battery-Run Easybike,head-on collision,Bangladesh,event,road accident,2024-02-10,19:02:16,Feb,2,Clear sky,19,Feb,head-on collision
757,Pedal rickshaw drivers demand ban on battery-run rickshaws,2024-08-26 16:54:03,,shahbagh intersection,Dhaka,0,0,"Pedal Rickshaw, Battery-Run Rickshaw, Autorickshaw","protest demanding a ban on battery-run rickshaws from main roads, causing traffic standstill.",Bangladesh,event,road accident,2024-08-26,16:54:03,Aug,8,Moderate rain,16,Aug,protest demanding a ban on batteryrun rickshaws from main roads causing traffic standstill
758,Mymensingh road accident kills 3,2017-04-08 11:30:58,https://en.prothomalo.com/bangladesh/Mymensingh-road-accident-kills-3,bhaitkandi sokholla intersection,Mymensingh,3,2,Truck-Pickup Van,collision,Bangladesh,event,road accident,2017-04-08,11:30:58,Apr,4,Moderate rain,11,Apr,collision
760,17 killed as bus falls into water body in Jhalakathi,2023-07-22 12:43:06,https://en.prothomalo.com/bangladesh/accident/5sy2zk7bvm,"dhansiri union parishad, jhalakathi sadar upazila",Jhalokati,17,0,Bus,fell into a water body,Bangladesh,event,road accident,2023-07-22,12:43:06,Jul,7,Moderate rain,12,Jul,fell into a water body
762,12 killed in Chuadanga road accident,2017-03-26 11:52:21,,damurhuda upazila,Chuadanga,12,10,"Truck, Votovoti",truck hits a small vehicle,Bangladesh,event,road accident,2017-03-26,11:52:21,Mar,3,Moderate rain,11,Mar,truck hits a small vehicle
763,6 killed in collision between CNG-run auto-rickshaw and microbus in Sylhet,2023-07-20 11:21:27,https://en.prothomalo.com/bangladesh/accident/o8dbb8iqvk,sylhet-companiganj regional highway,Sylhet,6,0,"Cng-Run Auto-Rickshaw, Microbus",collision,Bangladesh,event,road accident,2023-07-20,11:21:27,Jul,7,Moderate rain,11,Jul,collision
764,'People in rural areas suffer from 8 to 12hrs of load shedding',2024-05-05 21:34:35,https://en.prothomalo.com/bangladesh/7a2540fiba,kishoreganj’s karimganj and tarail upazilas,Kishoreganj,0,0,,,Bangladesh,event,road accident,2024-05-05,21:34:35,May,5,Heavy rain,21,May,
769,6 killed as bus collides head-on with auto-rickshaw in Sherpur,2024-12-29 15:33:54,https://en.prothomalo.com/bangladesh/accident/roc1yum4vu,sherpur-dhaka regional highway near the bhatshala jora pump area,Sherpur,6,0,Passenger Bus And Auto-Rickshaw,head-on collision,Bangladesh,event,road accident,2024-12-29,15:33:54,Dec,12,Clear sky,15,Dec,head-on collision
770,"CUET shut sine die, bus torched",2024-04-25 18:13:04,https://en.prothomalo.com/bangladesh/local-news/5njaejhjse,chittagong university of engineering and technology (cuet),Chattogram,2,0,,road accident,Bangladesh,event,road accident,2024-04-25,18:13:04,Apr,4,Partly cloudy,18,Apr,road accident