id,title,date,article_url,place_of_accident,district,number_of_deaths,number_of_injured,vehicle_type,cause_of_accident,country,report_type,type_of_accident,accident_date,accident_time,month,month_num,condition,accident_hour,month_name,cause_of_accident_normalized
772,Three killed in road crash in Jashore,2023-05-02 09:09:38,https://en.prothomalo.com/bangladesh/accident/r4zvj277j3,keshabpur area,Jashore,3,0,Motorcycles,collision,Bangladesh,event,road accident,2023-05-02,09:09:38,May,5,Partly cloudy,9,May,collision
773,"Bus-Leguna collision kills 4, injures 7 in Faridpur",2024-01-19 22:13:37,https://en.prothomalo.com/bangladesh/accident/t5h6xpyscc,dhaka-khulna highway in bhanga,Faridpur,4,7,Bus And Leguna,head-on collision,Bangladesh,event,road accident,2024-01-19,22:13:37,Jan,1,Light rain,22,Jan,head-on collision
775,Couple killed as bus hits autorickshaw in Dinajpur,2023-08-11 22:57:26,https://en.prothomalo.com/bangladesh/local-news/x4a3mmgs70,near the central bus terminal,Dinajpur,2,2,"Bus, Cng Autorickshaw",bus hitting cng autorickshaw,Bangladesh,event,road accident,2023-08-11,22:57:26,Aug,8,Moderate rain,22,Aug,bus hitting cng autorickshaw
776,"4 killed, 30 hurt as bus overturns in Habiganj",2023-02-16 22:52:14,https://en.prothomalo.com/bangladesh/accident/1ov8neni4e,dhaka-sylhet highway,Habiganj,4,30,Bus,overturned,Bangladesh,event,road accident,2023-02-16,22:52:14,Feb,2,Clear sky,22,Feb,overturned
777,Bus kills schoolboy in Hatirjheel,2023-04-22 17:53:21,https://en.prothomalo.com/bangladesh/accident/go1igg4d4p,dhaka,Dhaka,1,0,"Bus, Motorcycle",bus hit a motorcycle,Bangladesh,event,road accident,2023-04-22,17:53:21,Apr,4,Heavy rain,17,Apr,bus hit a motorcycle
779,Man dies as oil tanker hits him after losing control,2023-05-23 12:12:39,https://en.prothomalo.com/bangladesh/accident/fbxyejclj7,dhaka-rangpur highway,Gaibandha,1,0,Truck (Tanker),losing control,Bangladesh,event,road accident,2023-05-23,12:12:39,May,5,Moderate rain,12,May,losing control
780,Two workers die as under-construction roof collapses,2023-05-23 10:36:55,https://en.prothomalo.com/bangladesh/local-news/c5nv12cibj,betuarmukh area of kamal bazar,Sylhet,2,0,,collapse of the roof of an under-construction building,Bangladesh,event,road accident,2023-05-23,10:36:55,May,5,Moderate rain,10,May,collapse of the roof of an underconstruction building
782,Bus hits motorcyclist to death in Dhaka ,2023-07-25 17:58:58,https://en.prothomalo.com/bangladesh/accident/rjlqe3bf8y,rayerbagh bus stoppage,Dhaka,1,1,"Bus, Motorcycle",hit by a bus,Bangladesh,event,road accident,2023-07-25,17:58:58,Jul,7,Light rain,17,Jul,hit by a bus
784,2 dead in bus-truck collision on Dhaka-Natore highway,2023-07-23 11:24:11,https://en.prothomalo.com/bangladesh/accident/0wszujlgto,dhaka-natore highway,Natore,2,10,"Passenger Bus, Truck",collision,Bangladesh,event,road accident,2023-07-23,11:24:11,Jul,7,Light rain,11,Jul,collision
785,Two people killed as truck hits motorbike in Kushtia,2022-12-03 11:46:36,https://en.prothomalo.com/bangladesh/accident/r4hr566ti4,kushtia-ishwardi highway at bahirchar,Kushtia,2,0,"Truck, Motorcycle",truck hit a motorbike,Bangladesh,event,road accident,2022-12-03,11:46:36,Dec,12,Clear sky,11,Dec,truck hit motorcycle accident
788,Journalist’s dismembered body found in Bogura,2024-02-15 22:56:53,https://en.prothomalo.com/bangladesh/local-news/tobu9qah6o,muril bazar on naogaon-bogura road,Bogra,1,0,,"disappearance and recovery of body, potential road accident or murder",Bangladesh,event,road accident,2024-02-15,22:56:53,Feb,2,Moderate rain,22,Feb,disappearance and recovery of body potential road accident or murder
790,"Mother, daughter electrocuted to death in Khagrachhari",2022-12-25 09:46:54,https://en.prothomalo.com/bangladesh/accident/ltnr6ws9cc,shah nagar area,Khagrachhari,2,0,,electrocution,Bangladesh,event,road accident,2022-12-25,09:46:54,Dec,12,Partly cloudy,9,Dec,electrocution
791,Two killed in Brahmanbaria road crash,2023-04-29 09:32:55,https://en.prothomalo.com/bangladesh/accident/4e6v2flz2r,shyamolighat,Brahmanbaria,2,0,"Motorcycle, Microbus",collision with a microbus coming from the opposite direction,Bangladesh,event,road accident,2023-04-29,09:32:55,Apr,4,Light rain,9,Apr,collision with a microbus coming from the opposite direction
792,Two killed in Brahmanbaria road crash,2023-04-29 09:32:55,https://en.prothomalo.com/bangladesh/local-news/pqscanfypk,shyamolighat of dhaka-sylhet highway,Brahmanbaria,2,0,"Motorcycle, Microbus",head-on collision with a vehicle coming from the opposite direction,Bangladesh,event,road accident,2023-04-29,09:32:55,Apr,4,Light rain,9,Apr,headon collision with a vehicle coming from the opposite direction
794,Five killed in Trishal road crash,2022-11-20 22:49:05,https://en.prothomalo.com/bangladesh/accident/9k7oow05nt,trishal,Mymensingh,5,0,"Truck, Auto-Rickshaw",truck crashed into auto-rickshaw,Bangladesh,event,road accident,2022-11-20,22:49:05,Nov,11,Partly cloudy,22,Nov,truck crashed into autorickshaw
796,Wedding joy turns into tears as two brothers killed in Goalanda road crash,2024-02-01 16:30:27,,dhaka-khulna highway in goalanda upazila,Rajbari,2,1,"Truck, Motorcycle",soil-laden truck hit a motorbike,Bangladesh,event,road accident,2024-02-01,16:30:27,Feb,2,Light rain,16,Feb,soilladen truck hit a motorbike
797,Three killed in Bogura road crash,2023-06-27 19:47:53,https://en.prothomalo.com/bangladesh/4bmsz8rtir,naogaon-bogura regional highway,Naogaon,3,2,"Cng-Run Auto-Rickshaw, Human Hauler",head-on collision,Bangladesh,event,road accident,2023-06-27,19:47:53,Jun,6,Light rain,19,Jun,head-on collision
798,2 killed in Cumilla road crash,2022-12-18 19:31:23,https://en.prothomalo.com/bangladesh/accident/sv6idq6a0i,cumilla-sylhet highway,Cumilla,2,1,"Truck, Motorcycle",truck hit a motorbike,Bangladesh,event,road accident,2022-12-18,19:31:23,Dec,12,Partly cloudy,19,Dec,truck hit motorcycle accident
799,2 killed in Cumilla road crash,2022-12-18 19:31:23,https://en.prothomalo.com/bangladesh/2-killed-in-Cumilla-road-crash,cumilla-sylhet highway in debidwar upazila,Cumilla,2,1,"Truck, Motorcycle",truck hit a motorbike,Bangladesh,event,road accident,2022-12-18,19:31:23,Dec,12,Partly cloudy,19,Dec,truck hit motorcycle accident
803,College student dies in bike race with friends,2023-02-15 09:22:01,https://en.prothomalo.com/bangladesh/accident/4r7fbi5k49,magura-jhenaidah road,Magura,1,0,,,Bangladesh,event,road accident,2023-02-15,09:22:01,Feb,2,Clear sky,9,Feb,
805,"Truck hits vehicles at a high speed, death toll rises to 14",2024-04-17 19:35:00,https://en.prothomalo.com/bangladesh/accident/ve1cqau8jk,gabkhan bridge toll plaza,Jhalokati,14,0,"Truck, Multiple Vehicles",driver lost control over the steering,Bangladesh,event,road accident,2024-04-17,19:35:00,Apr,4,Dense rain,19,Apr,driver lost control over the steering
807,Three people killed in Gopalganj road crash,2023-03-07 21:29:16,,dhaka-khulna highway,Gopalganj,3,0,"Bus, Motorcycle, Bicycle",bus rammed into a motorcycle and a bicycle,Bangladesh,event,road accident,2023-03-07,21:29:16,Mar,3,Partly cloudy,21,Mar,bus rammed into a motorcycle and a bicycle
808,Two killed in Brahmanbaria road crash,2023-04-08 18:10:14,https://en.prothomalo.com/bangladesh/accident/4e6v2flz2r,jadavpur area,Brahmanbaria,2,1,Auto-Rickshaw And A Truck,collision,Bangladesh,event,road accident,2023-04-08,18:10:14,Apr,4,Partly cloudy,18,Apr,collision
809,Two killed in Brahmanbaria road crash,2023-04-08 18:10:14,https://en.prothomalo.com/bangladesh/local-news/pqscanfypk,jadavpur area on shahbajpur-shahjadapur regional highway,Brahmanbaria,2,1,Auto-Rickshaw And A Truck,collision,Bangladesh,event,road accident,2023-04-08,18:10:14,Apr,4,Partly cloudy,18,Apr,collision
811,Two killed in Rajshahi road crash,2022-10-30 09:47:55,https://en.prothomalo.com/bangladesh/Two-killed-in-Rajshahi-road-crash,rajshahi-naogaon highway,Rajshahi,2,0,"Truck, Motorcycle",run over by a truck,Bangladesh,event,road accident,2022-10-30,09:47:55,Oct,10,,9,Oct,run over by a truck
812,Road crash kills three in Cox’s Bazar,2023-03-04 14:34:51,,"aziz nagar, aziznagar-12 bridge area",Cox's Bazar,3,6,"Bus, Pickup Van",head-on collision,Bangladesh,event,road accident,2023-03-04,14:34:51,Mar,3,Clear sky,14,Mar,head-on collision
813,Four killed after lorry collides head-on with pickup in Cumilla  ,2023-06-11 21:00:53,,dhaka-chattogram highway at lalbagh area,Dhaka,4,0,"Lorry, Pickup Van",head-on collision,Bangladesh,event,road accident,2023-06-11,21:00:53,Jun,6,Light rain,21,Jun,head-on collision
814,Six members of a family burnt in fire in Bhashantek,2024-04-12 18:51:50,https://en.prothomalo.com/bangladesh/city/qe71pgq6ya,paschim bhashantek area,Dhaka,0,6,,fire originated from a mosquito coil,Bangladesh,event,road accident,2024-04-12,18:51:50,Apr,4,Light rain,18,Apr,fire originated from a mosquito coil
816,Cylinder explosion in Savar injures 10,2023-08-13 16:36:15,https://en.prothomalo.com/bangladesh/accident/aleol9wpde,shreepur’s noyanagar area,Dhaka,0,10,Gas Cylinder,gas cylinder leakage explosion,Bangladesh,event,road accident,2023-08-13,16:36:15,Aug,8,Moderate rain,16,Aug,gas cylinder leakage explosion
820,Cumilla road crash leaves 2 dead,2023-01-19 14:41:49,https://en.prothomalo.com/bangladesh/accident/fzz3v8z981,cumilla-chandpur road at boro dharmapur,Cumilla,2,0,,,Bangladesh,event,road accident,2023-01-19,14:41:49,Jan,1,Clear sky,14,Jan,
821,Cumilla road crash leaves 2 dead,2023-01-19 14:41:49,https://en.prothomalo.com/bangladesh/accident/cumilla-road-crash-leaves-2-dead,cumilla-chandpur road at boro dharmapur,Cumilla,2,0,,,Bangladesh,event,road accident,2023-01-19,14:41:49,Jan,1,Clear sky,14,Jan,
824,Child dies as truck ploughs into house in Kurigram,2023-01-09 11:46:40,,jatrapur union parishad,Kurigram,1,0,Truck,truck ploughed through a roadside house,Bangladesh,event,road accident,2023-01-09,11:46:40,Jan,1,Clear sky,11,Jan,truck ploughed through a roadside house
829,Three killed in Jamalpur road crash,2023-04-09 13:40:26,https://en.prothomalo.com/bangladesh/accident/1v9hjmb7st,betmari area of jamalpur’s melandaha upazila,Jamalpur,3,0,"Truck, Pickup Van",truck hit pickup van,Bangladesh,event,road accident,2023-04-09,13:40:26,Apr,4,Partly cloudy,13,Apr,truck hit pickup van
830,"Water bus hit by bulkhead capsizes in Buriganga, 30 missing",2023-07-16 22:38:14,https://en.prothomalo.com/bangladesh/accident/ocnx7lbp15,"buriganga river, sadarghat area",Dhaka,0,0,"Water Bus, Bulkhead",hit by a sand-laden bulkhead,Bangladesh,event,road accident,2023-07-16,22:38:14,Jul,7,Moderate rain,22,Jul,hit by a sandladen bulkhead
831,Woman lawyer killed in road crash at Hanif flyover,2023-07-16 16:25:27,https://en.prothomalo.com/bangladesh/accident/7tds52fkm5,mayor mohammad hanif flyover,Dhaka,1,1,"Bus, Motorcycle",bus hit the motorcycle,Bangladesh,event,road accident,2023-07-16,16:25:27,Jul,7,Moderate rain,16,Jul,bus hit the motorcycle
832,"City corporation garbage truck kills worker, road blocked",2024-02-24 10:43:22,https://en.prothomalo.com/bangladesh/local-news/gpyj6jsy63,kunia borobari area,Gazipur,1,0,Garbage Truck,run over by a garbage truck,Bangladesh,event,road accident,2024-02-24,10:43:22,Feb,2,Partly cloudy,10,Feb,run over by a garbage truck
834,2 killed in road crash in Kushtia,2023-07-13 11:58:20,https://en.prothomalo.com/bangladesh/accident/z2nknex4xo,kalumor area of kumarkhali on the kushtia-rajbari highway,Kushtia,2,0,"Car, Motorcycle, Nasimon",,Bangladesh,event,road accident,2023-07-13,11:58:20,Jul,7,Light rain,11,Jul,
836,Man burned to death as truck catches fire in Sylhet,2023-01-29 17:05:48,https://en.prothomalo.com/bangladesh/accident/r3en5xwbr3,sylhet-fenchuganj road at parairchak,Sylhet,1,0,Truck,collision between two trucks followed by fire,Bangladesh,event,road accident,2023-01-29,17:05:48,Jan,1,Partly cloudy,17,Jan,collision between two trucks followed by fire
837,Motorcyclist killed in ‘race’ of two buses in Dhaka,2023-04-02 13:34:39,https://en.prothomalo.com/bangladesh/accident/r000zwqvua,savar's ashulia,Dhaka,1,0,"Bus, Motorcycle","road accident involving a motorcycle and buses, leading to fire.",Bangladesh,event,road accident,2023-04-02,13:34:39,Apr,4,Moderate rain,13,Apr,road accident involving a motorcycle and buses leading to fire
838,"5 police SIs, an ASI injured in Noakhali road accident",2017-02-24 16:15:24,https://en.prothomalo.com/bangladesh/5-police-SIs-an-ASI-injured-in-Noakhali-road,munshir bari dorga area,Noakhali,0,5,Microbus,hit a roadside tree,Bangladesh,event,road accident,2017-02-24,16:15:24,Feb,2,Dense rain,16,Feb,hit a roadside tree
840,Hasnat’s car hit by another vehicle at Gulistan,2024-11-28 17:02:25,https://en.prothomalo.com/bangladesh/city/ehm5l8cfb1,"gulistan area, jatrabari-gulistan flyover toll plaza",Dhaka,0,0,"Car, Motorcade Vehicle",collision between vehicles,Bangladesh,event,road accident,2024-11-28,17:02:25,Nov,11,Partly cloudy,17,Nov,collision between vehicles
841,2 CUET students killed in road crash,2024-04-22 21:20:23,https://en.prothomalo.com/bangladesh/accident/wx24imoutw,zianagar area,Chattogram,2,1,Bus,bus ran over students,Bangladesh,event,road accident,2024-04-22,21:20:23,Apr,4,Light rain,21,Apr,bus ran over students
843,Motorcyclist hit by bus in Narayanganj dies,2023-07-04 09:11:13,https://en.prothomalo.com/bangladesh/accident/21au647nxt,dhaka medical college hospital,Dhaka,1,0,"Bus, Motorcycle",struck by a bus,Bangladesh,event,road accident,2023-07-04,09:11:13,Jul,7,Light rain,9,Jul,struck by a bus
844,3 siblings killed in Sirajganj road crash,2023-05-01 22:41:39,https://en.prothomalo.com/bangladesh/accident/p2n1l6rpco,dhaka-bogura highway in raiganj upazila of sirajganj,Sirajganj,3,2,Bus And Ambulance,head-on collision,Bangladesh,event,road accident,2023-05-01,22:41:39,May,5,Moderate rain,22,May,head-on collision
845,"School teacher, van driver killed in Rajshahi road crash",2023-02-28 13:26:12,https://en.prothomalo.com/bangladesh/accident/7449mv2jhd,keshorhaat area of mohanpur upazila,Rajshahi,2,0,"Bus, Van",bus hitting van,Bangladesh,event,road accident,2023-02-28,13:26:12,Feb,2,,13,Feb,bus hitting van
846,Special drive against over speeding on Padma expressay,2023-03-30 10:30:31,https://en.prothomalo.com/bangladesh/local-news/8nqp7wrpnf,padma bridge expressway,Madaripur,0,0,Vehicles,speeding,Bangladesh,event,road accident,2023-03-30,10:30:31,Mar,3,Light rain,10,Mar,speeding
847,4 killed in truck-pick-up van collision in Sirajganj,2023-06-29 20:17:46,https://en.prothomalo.com/bangladesh/accident/gennyzcir8,pukurpara area in ullapara upazila,Sirajganj,4,2,Truck And Pick-Up Van,collision,Bangladesh,event,road accident,2023-06-29,20:17:46,Jun,6,Moderate rain,20,Jun,collision
848,Two killed as truck hits three-wheeler,2023-03-23 11:21:41,https://en.prothomalo.com/bangladesh/accident/tdsoc0yroc,mymensingh-netrokona road in gouripur upazila,Mymensingh,2,3,Truck And Cng-Run Auto-Rickshaw,truck hit a cng-run auto-rickshaw,Bangladesh,event,road accident,2023-03-23,11:21:41,Mar,3,Light rain,11,Mar,truck hit a cngrun autorickshaw
850,"Netrokona speedboat capsize: 3 children bodies recovered, 1 still missing",2025-09-14 14:38:29,,"panchhat charpara area of gazipur union, khaliajuri upazila",Netrakona,3,0,Speedboat,capsize,Bangladesh,event,road accident,2025-09-14,14:38:29,Sep,9,,14,Sep,capsize
852,11 fishermen injured as gas cylinder explodes inside trawler in Cox’s Bazar,2023-09-01 18:50:25,https://en.prothomalo.com/bangladesh/local-news/ws6rn3s8zv,ghat-6 of nuniachara,Cox's Bazar,0,11,Trawler,gas cylinder explosion,Bangladesh,event,road accident,2023-09-01,18:50:25,Sep,9,Moderate rain,18,Sep,gas cylinder explosion
854,Road crash kills 7 of a family including 3 children in Chattogram,2023-11-07 14:36:10,https://en.prothomalo.com/bangladesh/accident/t5lrxgzfaf,chattogram-khagrachhari regional highway at the board school area of ward 7 of mirzapur union,Chattogram,7,2,Bus And Cng-Run Auto-Rickshaw,head-on-collision,Bangladesh,event,road accident,2023-11-07,14:36:10,Nov,11,Partly cloudy,14,Nov,headoncollision
857,Three die as bus hits pickup van in Dinajpur,2022-12-11 13:23:48,https://en.prothomalo.com/bangladesh/accident/gnt8yzriwe,fulbari upazila,Dinajpur,3,0,"Bus, Pickup Van",bus hit a pickup van,Bangladesh,event,road accident,2022-12-11,13:23:48,Dec,12,Partly cloudy,13,Dec,bus hit a pickup van
858,Fish trader killed in city road crash,2022-11-10 13:53:43,https://en.prothomalo.com/bangladesh/accident/ry12v0wxhy,dhaka-mawa highway in jatrabari area,Dhaka,1,2,,,Bangladesh,event,road accident,2022-11-10,13:53:43,Nov,11,Mainly clear,13,Nov,
860,Six killed in collision between truck and auto-rickshaw in Narsingdi,2024-10-26 16:28:05,https://en.prothomalo.com/bangladesh/accident/qrha8obv3m,pacharbari area on the itakhola-manohardi regional highway,Narsingdi,6,0,"Truck, Auto-Rickshaw",head-on collision,Bangladesh,event,road accident,2024-10-26,16:28:05,Oct,10,Light rain,16,Oct,head-on collision
863,3 of a family burnt in fire from gas cylinder leak in Gazipur,2023-08-14 15:04:59,https://en.prothomalo.com/bangladesh/local-news/17ktstyf46,boardbazar muktarbari area of gazipur city,Gazipur,0,3,Gas Cylinder,gas cylinder leak,Bangladesh,event,road accident,2023-08-14,15:04:59,Aug,8,Dense rain,15,Aug,gas cylinder leak
864,4 of a family killed during Eid trip ,2025-03-30 17:41:31,https://en.prothomalo.com/bangladesh/local-news/rs7ubej2bx,chandrapara area on the mymensingh-kishoreganj regional highway,Mymensingh,4,0,"Auto-Rickshaw, Bus",bus ran over the auto-rickshaw,Bangladesh,event,road accident,2025-03-30,17:41:31,Mar,3,Partly cloudy,17,Mar,bus ran over the autorickshaw
867,CU teacher killed in road crash,2022-09-03 11:53:04,https://en.prothomalo.com/bangladesh/accident/6fzfmefmvw,chittagong university,Chattogram,1,0,"Bike, Car",speeding car hit bike,Bangladesh,event,road accident,2022-09-03,11:53:04,Sep,9,Moderate rain,11,Sep,speeding car hit bike
873,3 construction workers die from electrocution in Gazipur,2023-03-30 13:50:01,https://en.prothomalo.com/bangladesh/local-news/stlqzc4vzl,kewa village,Gazipur,3,0,Construction Equipment,"electrocution while lifting iron rods, came in contact with live electric wire",Bangladesh,event,road accident,2023-03-30,13:50:01,Mar,3,Moderate rain,13,Mar,electrocution while lifting iron rods came in contact with live electric wire
874,5 passengers miraculously survive after container lorry crushes car ,2023-08-05 19:46:02,https://en.prothomalo.com/bangladesh/local-news/ospfg83pqr,dhaka-chattogram highway near faujdarhat cadet college,Chattogram,0,0,"Private Car, Container Lorry",lorry overturned on a private car,Bangladesh,event,road accident,2023-08-05,19:46:02,Aug,8,Moderate rain,19,Aug,lorry overturned on a private car
877,Youth killed in Tangail motorcycle crash,2022-11-25 13:12:11,,tangail,Tangail,1,1,Motorcycle,crashed into another two-wheeler,Bangladesh,event,road accident,2022-11-25,13:12:11,Nov,11,Mainly clear,13,Nov,crashed into another twowheeler
880,Three killed in road crash in Chandpur,2023-02-22 12:34:13,https://en.prothomalo.com/bangladesh/accident/o2x4193uz5,ghosher haat area on chandpur-cumilla highway,Chandpur,3,1,Bus And Cng-Run Auto-Rickshaw,head-on collision,Bangladesh,event,road accident,2023-02-22,12:34:13,Feb,2,Light rain,12,Feb,head-on collision
881,"2 killed, 15 hurt in road crash on Barishal-Patharghata highway",2023-03-24 15:43:11,https://en.prothomalo.com/bangladesh/accident/cpnf2qa714,kanudashkathi area on the barishal-patharghata highway,Jhalokati,2,15,Brtc Bus,bus hit a tree by the roadside following an altercation between the driver and the supervisor,Bangladesh,event,road accident,2023-03-24,15:43:11,Mar,3,Light rain,15,Mar,bus hit a tree by the roadside following an altercation between the driver and the supervisor
885,"2 dead, 20 injured as picnic bus overturns in Rangamati",2023-03-18 08:50:37,https://en.prothomalo.com/bangladesh/9ci75ozzy1,manikchhari area,Rangamati,2,20,Bus,went out of control and overturned,Bangladesh,event,road accident,2023-03-18,08:50:37,Mar,3,,8,Mar,went out of control and overturned
886,Three die as truck hits motorbike in Khilgaon ,2022-11-19 12:12:43,https://en.prothomalo.com/bangladesh/city/ibq7grqtjo,khilgaon flyover,Dhaka,3,0,"Truck, Motorcycle",truck hit motorbike,Bangladesh,event,road accident,2022-11-19,12:12:43,Nov,11,Partly cloudy,12,Nov,truck hit motorbike
887,Two killed in truck-CNG collision in Sylhet,2023-02-13 13:11:04,https://en.prothomalo.com/bangladesh/accident/r7xinmc8mo,golapganj upazila,Sylhet,2,3,Cng Autorickshaw And Truck,collision between autorickshaw and truck,Bangladesh,event,road accident,2023-02-13,13:11:04,Feb,2,Partly cloudy,13,Feb,collision between autorickshaw and truck
888,Road crashes killed four in Gazipur,2022-12-17 16:18:57,https://en.prothomalo.com/bangladesh/accident/xc0hb6n7c2,dhaka-tangail and dhaka-mymensingh highways,Gazipur,4,0,,,Bangladesh,event,road accident,2022-12-17,16:18:57,Dec,12,Partly cloudy,16,Dec,
892,"Mother, three children killed as wall collapses in Teknaf ",2023-11-17 10:56:21,https://en.prothomalo.com/bangladesh/accident/xxp77mt3aj,"panirchhara area of morichyaghona, moulvibazar, hnila union",Cox's Bazar,4,0,,mud wall collapse due to heavy rain,Bangladesh,event,road accident,2023-11-17,10:56:21,Nov,11,Heavy rain,10,Nov,mud wall collapse due to heavy rain
893,Student killed as truck runs over him in Chuadanga,2022-11-13 09:29:55,https://en.prothomalo.com/bangladesh/accident/w7fsxnh2dx,chuadanga town,Chuadanga,1,0,"Truck, Motorcycle",truck hit motorcycle and ran over victim,Bangladesh,event,road accident,2022-11-13,09:29:55,Nov,11,Clear sky,9,Nov,truck hit motorcycle and ran over victim
894,2 dead as picnic bus hits tree in Chattogram,2022-11-11 14:53:25,https://en.prothomalo.com/bangladesh/accident/pn9lv07psr,chattogram-cox’s bazar highway in lohagara upazila,Chattogram,2,0,Picnic Bus,hit a roadside tree,Bangladesh,event,road accident,2022-11-11,14:53:25,Nov,11,Partly cloudy,14,Nov,hit a roadside tree
896,Minor killed in road crash in Dhaka,2022-12-07 08:40:11,https://en.prothomalo.com/bangladesh/accident/79n324amox,dholaipara,Dhaka,1,0,Bus,hit by bus,Bangladesh,event,road accident,2022-12-07,08:40:11,Dec,12,Partly cloudy,8,Dec,hit by bus
897,"2 killed in head-on collision of bus, car in Gaibandha",2023-06-30 12:19:28,https://en.prothomalo.com/bangladesh/accident/nweiawkvk8,pantapara on the dhaka-rangpur highway,Gaibandha,2,0,"Bus, Car",head-on collision,Bangladesh,event,road accident,2023-06-30,12:19:28,Jun,6,Moderate rain,12,Jun,head-on collision
901,3 dead as bus hits auto rickshaw in Cumilla,2022-10-31 14:14:28,https://en.prothomalo.com/bangladesh/accident/26jnmj7u3l,dhaka-chattogram highway,Cumilla,3,4,"Bus, Auto Rickshaw",bus hit auto rickshaw,Bangladesh,event,road accident,2022-10-31,14:14:28,Oct,10,Dust or sand whirls,14,Oct,bus hit auto rickshaw
902,Bus driver dies after being run over by pick-up van,2023-04-28 15:05:18,https://en.prothomalo.com/bangladesh/accident/sbi5gqkn4p,moghbazar flyover,Dhaka,1,0,"Bus, Pickup Van",pickup van ran over bus driver,Bangladesh,event,road accident,2023-04-28,15:05:18,Apr,4,Moderate rain,15,Apr,pickup van ran over bus driver
903,Road crash kills 2 in Rangpur,2022-07-05 16:02:59,https://en.prothomalo.com/bangladesh/accident/road-crash-kills-2-in-rangpur,mahiganj soreyaltal,Rangpur,2,4,"Truck, Auto-Rickshaw",truck hitting auto-rickshaw,Bangladesh,event,road accident,2022-07-05,16:02:59,Jul,7,Moderate rain,16,Jul,truck hitting autorickshaw
904,Death toll rises to 8 in Khagrachhari road accident,2017-02-04 10:33:50,https://en.prothomalo.com/bangladesh/Death-toll-rises-to-8-in-Khagrachhari-road,chittagong medical college hospital (cmch),Chattogram,8,0,,,Bangladesh,event,road accident,2017-02-04,10:33:50,Feb,2,Clear sky,10,Feb,
905,University student killed after being hit by bus in Dhaka,2023-01-22 18:40:42,https://en.prothomalo.com/bangladesh/accident/jh8uq7wlzn,kuril bishwa road area,Dhaka,1,0,Bus,bus hit a pedestrian,Bangladesh,event,road accident,2023-01-22,18:40:42,Jan,1,Clear sky,18,Jan,bus hit a pedestrian
907,2 farmers killed in Pabna road crash; 5 hurt,2022-11-23 11:06:41,https://en.prothomalo.com/bangladesh/accident/oqmb6m9q8m,kashinathpur-bogura highway in santhia upazila,Pabna,2,5,"Truck, Three-Wheeler",truck hit a three-wheeler,Bangladesh,event,road accident,2022-11-23,11:06:41,Nov,11,Partly cloudy,11,Nov,truck hit a threewheeler
908,Four killed as bus hits truck on Dhaka-Mawa expressway in Munshiganj,2023-04-20 11:15:05,,shologhor on the dhaka-mawa expressway,Munshiganj,4,2,"Passenger Bus, Truck",passenger bus hit a parked truck from behind,Bangladesh,event,road accident,2023-04-20,11:15:05,Apr,4,Heavy rain,11,Apr,passenger bus hit a parked truck from behind
909,2 workers die inside septic tank in Chattogram,2023-02-15 09:28:14,https://en.prothomalo.com/bangladesh/local-news/6bff4wftqj,dakshin madarsha village,Chattogram,2,0,,working inside a septic tank without adequate protective gear,Bangladesh,event,road accident,2023-02-15,09:28:14,Feb,2,Clear sky,9,Feb,working inside a septic tank without adequate protective gear
913,Couple killed in Naogaon road crash,2022-08-13 17:50:12,https://en.prothomalo.com/bangladesh/accident/a3inn0govj,naogaon-rajshahi regional highway near latahar bridge in nowhata area,Naogaon,2,0,Car,lost control over the steering,Bangladesh,event,road accident,2022-08-13,17:50:12,Aug,8,Moderate rain,17,Aug,lost control over the steering
915,NSU student dies as covered van hits motorbike in city,2023-04-01 13:53:01,,beribadh area,Dhaka,1,0,"Motorbike, Covered Van",covered van hit the motorbike,Bangladesh,event,road accident,2023-04-01,13:53:01,Apr,4,Moderate rain,13,Apr,covered van hit the motorbike
916,Three teens killed in Barguna bike crash,2022-11-04 14:12:01,https://en.prothomalo.com/bangladesh/local-news/ztelfkbkr9,betagi,Barguna,3,0,Motorcycle,hit a roadside tree,Bangladesh,event,road accident,2022-11-04,14:12:01,Nov,11,Partly cloudy,14,Nov,hit a roadside tree
917,"Father, son among 5 killed as covered van ploughs into restaurant",2022-12-02 13:09:12,https://en.prothomalo.com/bangladesh/accident/chly435hkw,manirampur upazila,Jashore,5,0,Covered Van,veered off the road and ploughed into a roadside restaurant,Bangladesh,event,road accident,2022-12-02,13:09:12,Dec,12,Clear sky,13,Dec,veered off the road and ploughed into a roadside restaurant
919,Two children die after falling off rooftop in Dhaka,2023-01-28 09:07:21,https://en.prothomalo.com/bangladesh/city/0x5l251ax9,sylheti bazar area of kamrangirchar's ahsanbagh,Dhaka,2,0,,falling off the rooftop,Bangladesh,event,road accident,2023-01-28,09:07:21,Jan,1,Clear sky,9,Jan,falling off the rooftop
921,Pak diplomat escape unhurt after a bus rams his car in Brahmanbaria,2023-05-26 20:33:33,https://en.prothomalo.com/bangladesh/accident/b03tgq0ue8,brahmanbaria,Brahmanbaria,0,0,"Car, Bus",speeding bus collided head-on with car,Bangladesh,event,road accident,2023-05-26,20:33:33,May,5,Moderate rain,20,May,speeding bus collided headon with car