id,title,date,article_url,place_of_accident,district,number_of_deaths,number_of_injured,vehicle_type,cause_of_accident,country,report_type,type_of_accident,accident_date,accident_time,month,month_num,condition,accident_hour,month_name,cause_of_accident_normalized
925,Physician dies on Cumilla highway while being chased by motorbikes,2025-09-04 13:23:10,https://en.prothomalo.com/bangladesh/city/z21jwzc65p,"cumilla–chandpur highway, bizra area of laksham upazila, cumilla",Cumilla,1,0,"Car, Motorcycle",lost control after being chased by motorcyclists,Bangladesh,event,road accident,2025-09-04,13:23:10,Sep,9,,13,Sep,lost control after being chased by motorcyclists
932,"Driver, helper arrested over university student’s death in Dhaka road crash",2023-01-23 11:57:38,https://en.prothomalo.com/bangladesh/accident/5gtawuogj0,near jamuna future park,Dhaka,1,0,Bus,,Bangladesh,event,road accident,2023-01-23,11:57:38,Jan,1,Partly cloudy,11,Jan,
934,Student dies in motorbike-truck collision in Dhaka,2023-07-23 11:41:18,,rampura,Dhaka,1,0,"Truck, Motorcycle",head-on collision,Bangladesh,event,road accident,2023-07-23,11:41:18,Jul,7,Light rain,11,Jul,head-on collision
936,"Two dead, four wounded in Sylhet road crash",2023-01-20 21:58:07,https://en.prothomalo.com/bangladesh/accident/oysleg3hxu,dakshin surma upazila,Sylhet,2,4,"Truck, Cng-Run Auto-Rickshaw",speeding truck crashed into a cng-run auto-rickshaw,Bangladesh,event,road accident,2023-01-20,21:58:07,Jan,1,Clear sky,21,Jan,speeding truck crashed into a cngrun autorickshaw
938,"Mother, child killed in Panchagarh road accident",2017-01-24 10:11:43,,amarkhana area of panchagarh sadar upazila,Panchagarh,2,1,,,Bangladesh,event,road accident,2017-01-24,10:11:43,Jan,1,,10,Jan,
939,Traffic police killed in city road crash,2022-08-28 10:54:42,https://en.prothomalo.com/bangladesh/accident/erbc1o1yqr,uttara area,Dhaka,1,0,Truck,lorry ran over constable,Bangladesh,event,road accident,2022-08-28,10:54:42,Aug,8,Light rain,10,Aug,lorry ran over constable
940,5 killed in separate road crashes in Bogura,2023-07-15 12:16:56,https://en.prothomalo.com/bangladesh/accident/k4kybxnkwn,dhaka-bogra highway in the katabaria area,Dhaka,2,1,"Truck, Motorcycle",truck hit a motorbike,Bangladesh,event,road accident,2023-07-15,12:16:56,Jul,7,Light rain,12,Jul,truck hit motorcycle accident
942,Three people electrocuted in Kishoreganj,2022-08-26 21:29:06,https://en.prothomalo.com/bangladesh/accident/rfjisj1x5o,bhairab upazila,Kishoreganj,3,3,,electrocution,Bangladesh,event,road accident,2022-08-26,21:29:06,Aug,8,Light rain,21,Aug,electrocution
944,Ex-DU teacher under whose car a woman was dragged and killed died at DMCH  ,2023-01-13 18:32:15,https://en.prothomalo.com/bangladesh/city/yfo90abng9,dhaka university (du) area,Dhaka,1,0,Car,trapped under his private car,Bangladesh,event,road accident,2023-01-13,18:32:15,Jan,1,Partly cloudy,18,Jan,trapped under his private car
945,2 killed in Dhaka as ‘auto-rickshaw crashes into truck’,2023-01-13 13:11:02,https://en.prothomalo.com/bangladesh/city/cwicimte8r,jatrabari area,Dhaka,2,2,"Cng-Run Auto-Rickshaw, Truck",auto-rickshaw crashed into a truck,Bangladesh,event,road accident,2023-01-13,13:11:02,Jan,1,Partly cloudy,13,Jan,autorickshaw crashed into a truck
947,Rickshawpuller killed in Narayanganj road crash,2022-10-19 11:00:08,https://en.prothomalo.com/bangladesh/accident/62xu4td0em,kachpur bridge,Narayanganj,1,0,"Unidentified Vehicle, Rickshaw",hit by an unidentified speeding vehicle,Bangladesh,event,road accident,2022-10-19,11:00:08,Oct,10,Partly cloudy,11,Oct,hit by an unidentified speeding vehicle
948,"3 killed, 77 hurt in Panchagarh road crashes",2023-03-04 21:58:20,https://en.prothomalo.com/bangladesh/accident/now1tkypye,debiganj and boda upazilas of panchagarh,Panchagarh,3,77,,separate road crashes,Bangladesh,event,road accident,2023-03-04,21:58:20,Mar,3,,21,Mar,separate road crashes
949,Two killed as pickup van rams auto-rickshaw in city,2023-03-03 21:14:18,https://en.prothomalo.com/bangladesh/accident/nkjbnvx5fb,jatrabari area,Dhaka,2,3,"Pickup Van, Cng-Run Auto-Rickshaw",pickup van rammed a cng-run auto-rickshaw,Bangladesh,event,road accident,2023-03-03,21:14:18,Mar,3,Clear sky,21,Mar,pickup van rammed a cngrun autorickshaw
951,"Trawler carrying 28 sacrificial cows sinks in Padma 
",2023-06-24 20:09:22,https://en.prothomalo.com/bangladesh/local-news/kl75h6iq0u,padma river in sutrokandi area under kanchanpur union,Manikganj,0,0,Engine-Run Trawler,capsized due to severe tides,Bangladesh,event,road accident,2023-06-24,20:09:22,Jun,6,Moderate rain,20,Jun,capsized due to severe tides
953,Collision near Chattogram port: Two bodies recovered,2022-10-14 15:20:43,https://en.prothomalo.com/bangladesh/accident/z321r2x0ai,"near chattogram port, bay of bengal",Chattogram,2,0,"Lighterage Vessel, Ship",collision between two ships,Bangladesh,event,road accident,2022-10-14,15:20:43,Oct,10,Light rain,15,Oct,collision between two ships
955,"Two killed, four injured in Narayanganj road crash",2022-10-12 13:43:36,https://en.prothomalo.com/bangladesh/accident/dwfqqq02ux,dhaka-sylhet highway in araihazar upazila,Narayanganj,2,4,"Bus, Auto-Rickshaw",speeding bus hit a cng-run auto-rickshaw,Bangladesh,event,road accident,2022-10-12,13:43:36,Oct,10,Heavy rain,13,Oct,speeding bus hit a cngrun autorickshaw
956,Two killed in road crash in the city,2022-11-08 11:26:41,https://en.prothomalo.com/bangladesh/accident/06pktri4mv,postagola,Dhaka,2,0,"Truck, Pickup Van",,Bangladesh,event,road accident,2022-11-08,11:26:41,Nov,11,Mainly clear,11,Nov,
958,Three victims of Uttarkhan fire admitted to hospital,2022-12-31 10:45:51,https://en.prothomalo.com/bangladesh/accident/5wuy43nohe,uttarkhan,Dhaka,0,3,Gas Cylinder,gas cylinder explosion,Bangladesh,event,road accident,2022-12-31,10:45:51,Dec,12,Partly cloudy,10,Dec,gas cylinder explosion
959,"Mother, son drown as boat sinks in Narail",2022-12-31 09:44:46,https://en.prothomalo.com/bangladesh/0cfpjhl0ws,nabaganga river in narail's kalia upazila,Narail,2,0,,capsized,Bangladesh,event,road accident,2022-12-31,09:44:46,Dec,12,,9,Dec,unknown
960,School teacher killed in Dinajpur road crash,2022-07-21 14:19:32,,dinajpur-phulbari road,Dinajpur,1,0,"Bus, Bicycle",speeding bus hit bicycle,Bangladesh,event,road accident,2022-07-21,14:19:32,Jul,7,Moderate rain,14,Jul,speeding bus hit bicycle
961,"Mother, daughter among three killed in Faridpur road crash",2022-12-29 14:17:33,,dhaka-bhanga highway at salildia in bhanga upazila,Faridpur,3,3,Car And Truck,crash amid dense fog,Bangladesh,event,road accident,2022-12-29,14:17:33,Dec,12,Partly cloudy,14,Dec,crash amid dense fog
964,Tangail road crash claims six lives ,2022-10-06 16:43:51,https://en.prothomalo.com/bangladesh/accident/xd8bymn3av,bangabandhu bridge east golchattar area,Tangail,6,35,"Bus, Microbus",collision between bus and microbus,Bangladesh,event,road accident,2022-10-06,16:43:51,Oct,10,Light rain,16,Oct,collision between bus and microbus
966,Child killed in Cox’s Bazar landslide,2022-06-20 11:44:17,https://en.prothomalo.com/bangladesh/accident/child-killed-in-coxs-bazar-landslide-2,moheshkhali upazila,Cox's Bazar,1,0,,landslide triggered by rain,Bangladesh,event,road accident,2022-06-20,11:44:17,Jun,6,Heavy rain,11,Jun,landslide triggered by rain
969,Ninth-grader dies after scarf gets stuck with auto’s wheels in Mymensingh,2022-12-21 11:25:44,https://en.prothomalo.com/bangladesh/accident/mcbdlk630a,gafargaon upazila,Mymensingh,1,0,Battery-Run Autorickshaw,scarf got stuck with the wheels of a battery-run autorickshaw,Bangladesh,event,road accident,2022-12-21,11:25:44,Dec,12,Mainly clear,11,Dec,scarf got stuck with the wheels of a batteryrun autorickshaw
970,Two die as truck hits bike in Sylhet,2022-10-28 12:28:38,https://en.prothomalo.com/bangladesh/accident/0ylllu56jk,jakiganj upazila,Sylhet,2,0,"Truck, Motorcycle",speeding truck hit motorbike,Bangladesh,event,road accident,2022-10-28,12:28:38,Oct,10,Clear sky,12,Oct,speeding truck hit motorbike
972,Five killed after auto-rickshaw collides with ambulance  ,2022-12-19 20:51:27,https://en.prothomalo.com/bangladesh/accident/3y5t1respf,rangpur-dinajpur highway at nengtichera area of taraganj upazila,Rangpur,5,2,Ambulance And Auto-Rickshaw,head-on collision,Bangladesh,event,road accident,2022-12-19,20:51:27,Dec,12,Partly cloudy,20,Dec,head-on collision
976,Battery-run rickshaw puller killed in road crash in Dhaka,2022-07-30 20:15:47,https://en.prothomalo.com/bangladesh/accident/k321op61bn,asad gate area of mohammadpur on mirpur road near asad gate,Gopalganj,1,0,"Auto Rickshaw, Anonymous Vehicle",hit by an anonymous vehicle,Bangladesh,event,road accident,2022-07-30,20:15:47,Jul,7,Moderate rain,20,Jul,hit by an anonymous vehicle
978,One killed in Dinajpur road crash,2022-12-12 09:56:45,https://en.prothomalo.com/bangladesh/accident/b7swi9b7qx,"hili-mollabazar road, chhoto dangapara area",Dinajpur,1,1,Motorcycle,hit a tree,Bangladesh,event,road accident,2022-12-12,09:56:45,Dec,12,Clear sky,9,Dec,hit a tree
979,Kalyan to be interrogated at jail gate in journo accident case,2017-01-11 17:06:05,https://en.prothomalo.com/bangladesh/Kalyan-to-be-interrogated-at-jail-gate-in-journo,dhaka,Dhaka,0,1,Car,,Bangladesh,event,road accident,2017-01-11,17:06:05,Jan,1,Partly cloudy,17,Jan,
980,Two brothers killed in Gazipur road crash,2022-11-09 09:41:18,https://en.prothomalo.com/bangladesh/accident/8lo9fybnne,kaliakair upazila,Gazipur,2,0,"Motorbike, Covered Van",covered van ran over the motorbike,Bangladesh,event,road accident,2022-11-09,09:41:18,Nov,11,Partly cloudy,9,Nov,covered van ran over the motorbike
981,Youth's bloody body left lying on the road  ,2023-01-26 18:27:52,https://en.prothomalo.com/bangladesh/city/ndn9ugvsj6,rampura bridge at hatirjheel area,Dhaka,1,0,,,Bangladesh,event,road accident,2023-01-26,18:27:52,Jan,1,Partly cloudy,18,Jan,
984,7 killed in road crash in Jashore,2023-07-08 09:17:01,https://en.prothomalo.com/bangladesh/accident/5c297iiamk,jashore-magura highway in the lebutala area of jashore sadar upazila,Jashore,7,1,Bus And Easy-Bike,head-on collision,Bangladesh,event,road accident,2023-07-08,09:17:01,Jul,7,Moderate rain,9,Jul,head-on collision
985,Schoolboy killed in Dhaka road crash,2022-09-11 13:57:12,https://en.prothomalo.com/bangladesh/accident/c0pq29plq0,tejgaon,Dhaka,1,0,Unidentified Vehicle,hit by unidentified vehicle,Bangladesh,event,road accident,2022-09-11,13:57:12,Sep,9,Moderate rain,13,Sep,hit by unidentified vehicle
986,Four killed in head-on collision between truck and ambulance in Gopalganj,2023-07-06 11:54:07,https://en.prothomalo.com/bangladesh/accident/wnc6zgxulr,purba miapara area,Gopalganj,4,3,Ambulance And Excavator Carrying Truck,head-on collision,Bangladesh,event,road accident,2023-07-06,11:54:07,Jul,7,Light rain,11,Jul,head-on collision
987,2 bikers killed in city road accident,2017-01-18 11:57:16,https://en.prothomalo.com/bangladesh/2-bikers-killed-in-city-road-accident,najimuddin road crossing in the city’s chawkbazar area,Dhaka,2,1,"Truck, Motorcycle",truck hit motorcyclists,Bangladesh,event,road accident,2017-01-18,11:57:16,Jan,1,Clear sky,11,Jan,truck hit motorcyclists
988,"Road crash kills parents, daughter in Thakurgaon",2022-11-27 13:04:03,https://en.prothomalo.com/bangladesh/accident/5tzxmdsf34,thakurgaon-baliadanga road,Thakurgaon,3,0,Bus And Motorbike,bus hit motorbike,Bangladesh,event,road accident,2022-11-27,13:04:03,Nov,11,Clear sky,13,Nov,bus hit motorbike
990,Three killed as Ena Paribahan bus rams van in Chattogram,2022-11-26 18:07:58,https://en.prothomalo.com/bangladesh/accident/5u2dht1jvw,dhaka-chattogram highway,Dhaka,3,2,"Bus, Pickup Van",bus rammed a stationary pickup van,Bangladesh,event,road accident,2022-11-26,18:07:58,Nov,11,Clear sky,18,Nov,bus rammed a stationary pickup van
992,4 killed as truck ploughs into roadside market in Narsingdi,2022-10-02 11:07:01,https://en.prothomalo.com/bangladesh/accident/eyqq4awcxx,mahmudabad,Narsingdi,4,3,Truck,truck hit pedestrians in a market,Bangladesh,event,road accident,2022-10-02,11:07:01,Oct,10,Heavy rain,11,Oct,truck hit pedestrians in a market
993,Two bikers killed in Magura road crash,2022-09-30 13:27:36,https://en.prothomalo.com/bangladesh/accident/ntu3d5kxue,chaygharia area of jashore-magura road,Magura,2,1,"Microbus, Bike",hit by a microbus,Bangladesh,event,road accident,2022-09-30,13:27:36,Sep,9,Partly cloudy,13,Sep,hit by a microbus
995,Tourist drowns in Kaptai Lake,2022-08-06 22:10:16,https://en.prothomalo.com/bangladesh/local-news/i31aghiefg,kaptai lake,Rangamati,1,0,,drowning while bathing,Bangladesh,event,road accident,2022-08-06,22:10:16,Aug,8,,22,Aug,drowning while bathing
996,Bus crashes into toll booth of Padma Bridge,2022-07-09 21:24:32,https://en.prothomalo.com/bangladesh/accident/bus-crashes-into-toll-booth-of-padma-bridge,padma bridge mawa end,Munshiganj,0,1,Commuter Bus,commuter bus crashed into toll booth,Bangladesh,event,road accident,2022-07-09,21:24:32,Jul,7,Light rain,21,Jul,commuter bus crashed into toll booth
997,Two killed in Jhenaidah road crash,2022-07-07 12:32:47,,jhenaidah-kaliganj highway,Jhenaidah,2,0,"Pickup Van, Truck",pickup van crashed into a parked truck,Bangladesh,event,road accident,2022-07-07,12:32:47,Jul,7,Moderate rain,12,Jul,pickup van crashed into a parked truck
998,Three of family crushed under bus wheels in Natore,2022-11-18 19:48:38,https://en.prothomalo.com/bangladesh/accident/783lbabx7k,dhebar para area on lalpur-gopalpur highway,Natore,3,0,Bus,crushed under the wheels of a bus,Bangladesh,event,road accident,2022-11-18,19:48:38,Nov,11,Dust or sand whirls,19,Nov,crushed under the wheels of a bus
1001,"3 dead, 35 injured as two buses collide head-on in Rangpur",2023-01-10 13:15:30,https://en.prothomalo.com/bangladesh/accident/rqx3x7fyn0,doalipara area of the rangpur-dinajpur highway,Rangpur,3,35,Bus,head-on collision,Bangladesh,event,road accident,2023-01-10,13:15:30,Jan,1,Clear sky,13,Jan,head-on collision
1002,2 killed in Satkhira road accident,2017-01-04 10:57:49,,nehalpur,Satkhira,2,3,Truck,plunged into a roadside ditch,Bangladesh,event,road accident,2017-01-04,10:57:49,Jan,1,Clear sky,10,Jan,plunged into a roadside ditch
1003,"Tourist vehicle overturns in Cox’s Bazar, 1 dead, 7 injured ",2023-01-07 11:01:11,,marine drive road,Cox's Bazar,1,7,Tourist Vehicle,driver lost control over the steering,Bangladesh,event,road accident,2023-01-07,11:01:11,Jan,1,Partly cloudy,11,Jan,driver lost control over the steering
1009,Four bodies recovered after Karnaphuli trawler capsize,2022-10-13 23:06:31,https://en.prothomalo.com/bangladesh/accident/nthw37ib9e,karnaphuli river,Chattogram,4,0,Fishing Trawler,boat sinking,Bangladesh,event,road accident,2022-10-13,23:06:31,Oct,10,Moderate rain,23,Oct,boat sinking
1010,SSC examinee killed in road crash on the way to exam centre,2022-09-17 16:03:53,https://en.prothomalo.com/bangladesh/accident/b3v1n9zo8u,mp girls high school centre in kaliganj,Panchagarh,1,0,Auto-Rickshaw,road crash,Bangladesh,event,road accident,2022-09-17,16:03:53,Sep,9,,16,Sep,road accident
1015,Baby born miraculously during road crash admitted to hospital ,2022-07-19 17:13:26,https://en.prothomalo.com/bangladesh/local-news/n5c4hycton,trishal,Mymensingh,3,1,,,Bangladesh,event,road accident,2022-07-19,17:13:26,Jul,7,Moderate rain,17,Jul,
1016,2 Rohingyas killed in Cox’s Bazar road crash,2022-06-20 12:54:28,https://en.prothomalo.com/bangladesh/accident/2-rohingyas-killed-in-coxs-bazar-road-crash,cox’s bazar-teknaf highway,Cox's Bazar,2,0,"Covered Van, Human Hauler",collision,Bangladesh,event,road accident,2022-06-20,12:54:28,Jun,6,Heavy rain,12,Jun,collision
1017,3 die in separate incidents in Narayanganj,2023-06-08 10:02:13,https://en.prothomalo.com/bangladesh/local-news/ayaj0xpjj4,fatullah upazila,Narayanganj,3,0,Motorcycle,separate incidents,Bangladesh,event,road accident,2023-06-08,10:02:13,Jun,6,Moderate rain,10,Jun,separate incidents
1018,Student killed in road crash in Dhaka,2023-03-30 10:55:50,https://en.prothomalo.com/bangladesh/accident/zicx448lgu,jatrabari dholaipar hanif flyover,Dhaka,1,1,Motorcycle,,Bangladesh,event,road accident,2023-03-30,10:55:50,Mar,3,Heavy rain,10,Mar,
1024,2 killed in Barishal road crash,2022-08-28 15:41:16,https://en.prothomalo.com/bangladesh/accident/ujms38tw4n,dhaka-barishal highway at rahmatpur,Barishal,2,2,"Bus, Van, Tricycle Van",,Bangladesh,event,road accident,2022-08-28,15:41:16,Aug,8,Dense rain,15,Aug,
1025,2 killed in Barishal road crash,2022-08-28 15:41:16,https://en.prothomalo.com/bangladesh/accident/2-killed-in-barishal-road-crash,dhaka-barishal highway at rahmatpur,Barishal,2,2,"Bus, Van",,Bangladesh,event,road accident,2022-08-28,15:41:16,Aug,8,Dense rain,15,Aug,
1027,Truck-microbus collision leaves 2 dead in Natore,2022-05-18 11:12:37,https://en.prothomalo.com/bangladesh/accident/truck-microbus-collision-leaves-2-dead-in-natore,baraigram upazila,Natore,2,1,"Truck, Microbus",head-on collision,Bangladesh,event,road accident,2022-05-18,11:12:37,May,5,Moderate rain,11,May,head-on collision
1029,"2 dead, 3 hurt as truck overturns in Khagrachhari",2022-08-23 11:35:56,https://en.prothomalo.com/bangladesh/accident/iyx2ao6p94,mahalchhari-jaliyapara road in guimara upazila,Khagrachhari,2,3,Log-Laden Truck,driver lost control of the overloaded vehicle,Bangladesh,event,road accident,2022-08-23,11:35:56,Aug,8,Heavy rain,11,Aug,driver lost control of the overloaded vehicle
1031,2 Juba League men die in Mongla accident,2016-12-23 11:38:43,https://en.prothomalo.com/bangladesh/2-Juba-league-men-die-in-Mongla-accident,mongla,Bagerhat,2,0,,,Bangladesh,event,road accident,2016-12-23,11:38:43,Dec,12,Partly cloudy,11,Dec,
1032,4 killed in Comilla accident,2016-12-23 10:58:25,https://en.prothomalo.com/bangladesh/4-killed-in-Comilla-accident,dhaka-chittagong highway at dayapur in chouara area of sadar dakkhin upazila,Dhaka,4,0,,,Bangladesh,event,road accident,2016-12-23,10:58:25,Dec,12,Partly cloudy,10,Dec,
1033,Man killed as concrete block falls off metro rail route,2022-05-31 09:09:06,https://en.prothomalo.com/bangladesh/accident/man-killed-as-concrete-block-falls-off-metro-rail-route,mirpur,Dhaka,1,0,,concrete block fell from under-construction metro rail track,Bangladesh,event,road accident,2022-05-31,09:09:06,May,5,Moderate rain,9,May,concrete block fell from underconstruction metro rail track
1034,Work of BRT project on Uttara part remains suspended,2022-08-16 16:15:51,https://en.prothomalo.com/bangladesh/city/q1v7t4x2fw,uttara,Dhaka,0,0,Bus,lack of safety measures during brt project work,Bangladesh,event,road accident,2022-08-16,16:15:51,Aug,8,Moderate rain,16,Aug,lack of safety measures during brt project work
1035,At least three killed as BRT project's girder falls on car in Uttara,2022-08-15 18:26:03,https://en.prothomalo.com/bangladesh/accident/ybeuy1pwid,"jashimuddin road area, uttara",Dhaka,3,3,Car,falling girder from brt project,Bangladesh,event,road accident,2022-08-15,18:26:03,Aug,8,Light rain,18,Aug,falling girder from brt project
1037,"CUET VC confined, students against leaving halls",2024-04-25 19:39:27,https://en.prothomalo.com/bangladesh/local-news/stpj37teuk,chittagong university of engineering and technology (cuet),Chattogram,2,0,,road accident,Bangladesh,event,road accident,2024-04-25,19:39:27,Apr,4,Partly cloudy,19,Apr,road accident
1039,Four killed in microbus-truck-bus collision in Habiganj,2022-07-18 19:50:47,https://en.prothomalo.com/bangladesh/accident/64a92icw2y,bakharnagar intersection of dhaka-sylhet highway,Habiganj,4,5,"Microbus, Truck, Bus",collision,Bangladesh,event,road accident,2022-07-18,19:50:47,Jul,7,Light rain,19,Jul,collision
1041,"2 killed, 10 hurt in Rajshahi road crash ",2022-06-22 16:34:35,https://en.prothomalo.com/bangladesh/2-killed-10-hurt-in-rajshahi-road-crash,dhaka-rajshahi highway,Rajshahi,2,10,"Truck, Van",truck hit a van,Bangladesh,event,road accident,2022-06-22,16:34:35,Jun,6,,16,Jun,truck hit a van
1042,"Five killed, nearly 50 injured in Rangpur road crash",2022-09-05 09:43:34,https://en.prothomalo.com/bangladesh/accident/oz08y5nd9d,rangpur-dinajpur highway near the kharubhaj bridge in ikorchali hajipara area,Rangpur,5,50,Bus,head on collision,Bangladesh,event,road accident,2022-09-05,09:43:34,Sep,9,Heavy rain,9,Sep,head-on collision
1043,Two died while loading logs onto truck in Barishal,2023-03-01 10:42:59,https://en.prothomalo.com/bangladesh/local-news/qrnhttvdft,shoada area near gaurnadi-goplaganj road,Barishal,2,2,Truck,loading logs,Bangladesh,event,road accident,2023-03-01,10:42:59,Mar,3,Clear sky,10,Mar,loading logs
1045,DNCC garbage truck kills youth,2022-07-13 20:49:31,https://en.prothomalo.com/bangladesh/accident/5vcjnhtmoo,mirpur-14,Dhaka,1,0,Truck,truck ran over a pedestrian,Bangladesh,event,road accident,2022-07-13,20:49:31,Jul,7,Light rain,20,Jul,truck ran over a pedestrian
1048,Five killed as bus hits CNG-run autorickshaw in Bogura ,2023-02-23 16:09:42,https://en.prothomalo.com/bangladesh/accident/38gwvnh19r,sujabad area of shahjanpur upazila,,5,0,Bus And Autorickshaw,collision between bus and autorickshaw,Bangladesh,event,road accident,2023-02-23,16:09:42,Feb,2,,16,Feb,collision between bus and autorickshaw
1050,Two killed in road crash on Bangabandhu Expressway,2022-07-11 01:09:05,https://en.prothomalo.com/bangladesh/accident/two-killed-in-road-crash-on-bangabandhu-expressway,rajendrapur flyover of the bangabandhu expressway,Dhaka,2,3,Car,road crash,Bangladesh,event,road accident,2022-07-11,01:09:05,Jul,7,Dense rain,1,Jul,road accident
1053,Health official killed in Faridpur road crash,2022-02-28 14:34:01,https://en.prothomalo.com/bangladesh/accident/health-official-killed-in-faridpur-road-crash,pukhuria-atarshi road in bhanga upazila,Faridpur,1,0,,,Bangladesh,event,road accident,2022-02-28,14:34:01,Feb,2,Light rain,14,Feb,
1054,Beijing keen to strengthen cooperation with Dhaka,2022-06-11 11:31:40,https://en.prothomalo.com/bangladesh/beijing-keen-to-strengthen-cooperation-with-dhaka,container depot in chattogram,Chattogram,0,0,Container,fire,Bangladesh,event,road accident,2022-06-11,11:31:40,Jun,6,Light rain,11,Jun,fire
1055,Auto-rickshaw driver found dead in Natore,2022-05-16 11:28:00,https://en.prothomalo.com/bangladesh/local-news/auto-rickshaw-driver-found-dead-in-natore,ghatchilan area,Natore,1,0,Auto-Rickshaw,,Bangladesh,event,road accident,2022-05-16,11:28:00,May,5,Moderate rain,11,May,
1056,"One killed, 20 injured in Manikganj road crash",2022-07-05 14:20:38,https://en.prothomalo.com/bangladesh/accident/one-killed-20-injured-in-manikganj-road-crash,manikganj-golra highway,Manikganj,1,20,"Bus, Truck",head-on collision,Bangladesh,event,road accident,2022-07-05,14:20:38,Jul,7,Light rain,14,Jul,head-on collision
1059,Man killed after being hit by auto-rickshaw chased by police,2023-02-15 10:32:31,https://en.prothomalo.com/bangladesh/local-news/ux7bycy2oz,"dhaka-sylhet highway, sonargaon area",Narayanganj,1,0,"Motorcycle, Truck, Cng Autorickshaw",cng autorickshaw hit the motorcycle from behind while being chased by highway police,Bangladesh,event,road accident,2023-02-15,10:32:31,Feb,2,Clear sky,10,Feb,cng autorickshaw hit the motorcycle from behind while being chased by highway police
1063,Kuakata's 'Marine Drive' collapses before opening,2025-05-30 15:51:50,https://en.prothomalo.com/bangladesh/local-news/824ekvaemw,kuakata,Patuakhali,0,0,,collapse due to tidal surges,Bangladesh,event,road accident,2025-05-30,15:51:50,May,5,Heavy rain,15,May,collapse due to tidal surges
1067,"Father, daughter killed Shariatpur road crash",2022-10-30 14:52:39,https://en.prothomalo.com/bangladesh/accident/6hfozkylgi,shariatpur,Shariatpur,2,3,Car,plunged into a roadside ditch,Bangladesh,event,road accident,2022-10-30,14:52:39,Oct,10,Clear sky,14,Oct,plunged into a roadside ditch
1068,12 crew go missing as lighter vessel sinks in Bay,2022-04-16 16:10:02,https://en.prothomalo.com/bangladesh/local-news/12-crew-go-missing-as-lighter-vessel-sinks-in-bay,bay of bengal near bhashanchar,Noakhali,12,0,Lighter Vessel,vessel sank,Bangladesh,event,road accident,2022-04-16,16:10:02,Apr,4,Light rain,16,Apr,vessel sank
1069,Contractor firm liable for deaths: Primary investigation,2022-08-16 21:24:49,https://en.prothomalo.com/bangladesh/zavp0eep7j,uttara,Dhaka,5,0,Car,fall of a girder,Bangladesh,event,road accident,2022-08-16,21:24:49,Aug,8,Moderate rain,21,Aug,fall of a girder
1071,None of the family remains alive,2025-04-04 16:56:41,https://en.prothomalo.com/bangladesh/accident/q6segyvhz1,lohagara,Chattogram,11,2,,,Bangladesh,event,road accident,2025-04-04,16:56:41,Apr,4,Light rain,16,Apr,
1074,BGB man killed as his motorcycle collides with bus,2022-10-23 10:09:17,https://en.prothomalo.com/bangladesh/accident/scwrcphev9,rupdia area,Jashore,1,0,"Bus, Motorcycle","collision between bus and motorcycle, followed by bus fire",Bangladesh,event,road accident,2022-10-23,10:09:17,Oct,10,Moderate rain,10,Oct,collision between bus and motorcycle followed by bus fire
1075,3 die as passenger launch hits bridge in Shariatpur,2022-10-23 09:28:10,https://en.prothomalo.com/bangladesh/local-news/0q4bp8gdtm,"jayanti river, saikka, gosairhat upazila",Shariatpur,3,0,Passenger Launch,collision with a bridge,Bangladesh,event,road accident,2022-10-23,09:28:10,Oct,10,Light rain,9,Oct,collision with a bridge
1076,Panchagarh road crash kills 3 teenagers,2022-05-04 23:00:14,,talma-modelhat road at sadar upazila,Panchagarh,3,0,Motorcycle,crashed into a roadside tree,Bangladesh,event,road accident,2022-05-04,23:00:14,May,5,,23,May,crashed into a roadside tree
1078,"Woman says she wasn’t raped on bus, accuses media of false news",2025-02-27 17:48:25,,banks of mahananda river,Nawabganj,0,0,Bus,robbery incident,Bangladesh,event,road accident,2025-02-27,17:48:25,Feb,2,Partly cloudy,17,Feb,robbery incident
1079,"Truck ploughs into Chandpur highway eatery, 1 killed",2022-05-26 10:56:53,,chandpur-cumilla highway,Cumilla,1,0,Truck,truck ploughed into an eatery,Bangladesh,event,road accident,2022-05-26,10:56:53,May,5,Light rain,10,May,truck ploughed into an eatery
1080,No respite from road accidents?,2016-12-19 13:56:25,,dhaka-tangail highway at gazipur,Gazipur,6,9,"Bus, Public Transport Vehicle",head-on collision,Bangladesh,event,road accident,2016-12-19,13:56:25,Dec,12,Partly cloudy,13,Dec,head-on collision
1083,Two friends killed as motorbike plunges into ditch in Gopalganj,2022-08-30 12:24:14,https://en.prothomalo.com/bangladesh/accident/s7g1htmu3j,durgapur union,Gopalganj,2,0,Motorcycle,lost control and fell into a roadside ditch,Bangladesh,event,road accident,2022-08-30,12:24:14,Aug,8,Light rain,12,Aug,lost control and fell into a roadside ditch
1086,Policeman killed in Bogura road crash,2022-08-29 11:23:50,https://en.prothomalo.com/bangladesh/accident/r005g2tqnz,bogura-naogaon regional highway,Naogaon,1,0,"Truck, Auto-Rickshaw",truck hit auto-rickshaw,Bangladesh,event,road accident,2022-08-29,11:23:50,Aug,8,Light rain,11,Aug,truck hit autorickshaw
1089,Woman trapped under car and killed at DU campus ,2022-12-02 18:51:07,,dhaka university campus,Dhaka,1,0,Car,reckless driving,Bangladesh,event,road accident,2022-12-02,18:51:07,Dec,12,Clear sky,18,Dec,reckless driving