id,title,date,article_url,place_of_accident,district,number_of_deaths,number_of_injured,vehicle_type,cause_of_accident,country,report_type,type_of_accident,accident_date,accident_time,month,month_num,condition,accident_hour,month_name,cause_of_accident_normalized
1091,3 killed in Barishal road crash,2022-08-22 14:05:56,https://en.prothomalo.com/bangladesh/accident/n8tewb1gcx,dhaka-kuakata highway,Barishal,3,0,"Bus, Trolley",,Bangladesh,event,road accident,2022-08-22,14:05:56,Aug,8,Moderate rain,14,Aug,
1092,"One killed, 4 injured in Joypurhat road crash",2022-05-13 14:43:04,https://en.prothomalo.com/bangladesh/accident/one-killed-4-injured-in-joypurhat-road-crash,joypurhat-hilli road at bagjana point,Joypurhat,1,4,Passenger Bus And A Pickup Van,head-on collision,Bangladesh,event,road accident,2022-05-13,14:43:04,May,5,Heavy rain,14,May,head-on collision
1093,Man killed in road crash on Hanif Flyover,2022-05-13 08:36:42,https://en.prothomalo.com/bangladesh/accident/man-killed-in-road-crash-on-hanif-flyover,mayor mohammad hanif flyover,Dhaka,1,0,,,Bangladesh,event,road accident,2022-05-13,08:36:42,May,5,Moderate rain,8,May,
1094,Six Rohingyas injured in gas cylinder fire,2022-05-13 08:16:22,https://en.prothomalo.com/bangladesh/accident/six-rohingyas-injured-in-gas-cylinder-fire,ukhia camp,Cox's Bazar,0,6,,gas cylinder fire,Bangladesh,event,road accident,2022-05-13,08:16:22,May,5,Light rain,8,May,gas cylinder fire
1095,Four killed in Cox’s Bazar road crash,2022-03-23 09:24:10,https://en.prothomalo.com/bangladesh/accident/four-killed-in-coxs-bazar-road-crash,kutupalong transit camp,Cox's Bazar,4,0,"Truck, Auto Rickshaw",head-on collision between sand-laden truck and auto rickshaw,Bangladesh,event,road accident,2022-03-23,09:24:10,Mar,3,Partly cloudy,9,Mar,headon collision between sandladen truck and auto rickshaw
1096,Four killed in Cox’s Bazar road crash,2022-03-23 09:24:10,https://en.prothomalo.com/bangladesh/Four-killed-in-Cox’s-Bazar-road-crash,kutupalong transit camp in ukhiya rajapalang union,Cox's Bazar,4,0,"Truck, Auto Rickshaw",head-on collision between a sand-laden truck and a cng-run auto rickshaw,Bangladesh,event,road accident,2022-03-23,09:24:10,Mar,3,Partly cloudy,9,Mar,headon collision between a sandladen truck and a cngrun auto rickshaw
1098,University admission seeker killed in Dhaka road crash,2022-06-29 16:18:53,https://en.prothomalo.com/bangladesh/accident/university-admission-seeker-killed-in-dhaka-road-crash,shahbagh,Dhaka,1,1,"Truck, Motorcycle",truck hit motorcycle,Bangladesh,event,road accident,2022-06-29,16:18:53,Jun,6,Moderate rain,16,Jun,truck hit motorcycle accident
1099,"2 killed, 3 injured in Tangail highway crash",2022-08-16 15:17:51,https://en.prothomalo.com/bangladesh/accident/kb5bmdil2g,tangail-mymensingh highway,Tangail,2,3,"Auto-Rickshaw, Truck",auto-rickshaw crashed into a parked truck,Bangladesh,event,road accident,2022-08-16,15:17:51,Aug,8,Light rain,15,Aug,autorickshaw crashed into a parked truck
1100,Motorcyclist killed in city road crash,2022-06-28 22:36:42,https://en.prothomalo.com/bangladesh/city/motorcyclist-killed-in-city-road-crash-3,rampura kitchen market area,Narsingdi,1,0,"Truck, Motorcycle",truck crashed into the motorcycle,Bangladesh,event,road accident,2022-06-28,22:36:42,Jun,6,Light rain,22,Jun,truck crashed into the motorcycle
1101,Motorcyclist killed in city road crash,2022-06-28 22:36:42,https://en.prothomalo.com/bangladesh/accident/motorcyclist-killed-in-city-road-crash,rampura kitchen market area,Narsingdi,1,0,Motorcycle And Truck,truck crashed into the motorcycle,Bangladesh,event,road accident,2022-06-28,22:36:42,Jun,6,Light rain,22,Jun,truck crashed into the motorcycle
1103,"2 tourists die, 11 injured as jeep plunges into ditch in Bandarban",2024-01-20 17:10:06,https://en.prothomalo.com/bangladesh/local-news/ax86fxgo6u,ruma-boga lake-keokradong road in bandarban,Bandarban,2,11,Jeep,plunged into a hillside ditch,Bangladesh,event,road accident,2024-01-20,17:10:06,Jan,1,Mainly clear,17,Jan,plunged into a hillside ditch
1105,Two found dead in Dhaka,2023-04-14 11:54:13,https://en.prothomalo.com/bangladesh/city/743xgg5q25,amar ekushey hall of dhaka university,Dhaka,1,0,Rickshaw,,Bangladesh,event,road accident,2023-04-14,11:54:13,Apr,4,Partly cloudy,11,Apr,
1106,55-yr-old woman killed in Thakurgaon road crash,2022-05-08 14:38:23,https://en.prothomalo.com/bangladesh/accident/55-yr-old-woman-killed-in-thakurgaon-road-crash,ruhia,Thakurgaon,1,0,Motorcycle,hit by a motorbike,Bangladesh,event,road accident,2022-05-08,14:38:23,May,5,Moderate rain,14,May,hit by a motorbike
1107,"Kishoreganj ferry capsize: Woman drowns, child goes missing",2022-05-31 16:32:50,https://en.prothomalo.com/bangladesh/accident/kishoreganj-ferry-capsize-woman-drowns-child-goes-missing,dhanu river,Kishoreganj,1,0,,capsized,Bangladesh,event,road accident,2022-05-31,16:32:50,May,5,Moderate rain,16,May,unknown
1111,Two die as bike hits electric pole in Barishal,2022-05-27 10:39:25,https://en.prothomalo.com/bangladesh/accident/two-die-as-bike-hits-electric-pole-in-barishal,amtala intersection in front of reneta office,Barishal,2,0,Motorcycle,hit a roadside electric pole,Bangladesh,event,road accident,2022-05-27,10:39:25,May,5,Heavy rain,10,May,hit a roadside electric pole
1113,Three children charred to death while asleep,2022-02-21 12:44:42,https://en.prothomalo.com/bangladesh/accident/three-children-charred-to-death-in-gas-cylinder-blast-in-mymensingh,habirbari,Mymensingh,3,0,Gas Cylinder,gas cylinder explosion,Bangladesh,event,road accident,2022-02-21,12:44:42,Feb,2,Mainly clear,12,Feb,gas cylinder explosion
1114,4 killed as boat capsizes in Habiganj haor,2022-07-14 08:57:32,https://en.prothomalo.com/bangladesh/accident/o3f62lald0,gungiajuri haor,Habiganj,4,0,,capsized following a storm,Bangladesh,event,road accident,2022-07-14,08:57:32,Jul,7,Moderate rain,8,Jul,capsized following a storm
1118,3 killed in Mymensingh road accident,2016-12-09 11:05:53,https://en.prothomalo.com/bangladesh/3-killed-in-Mymensingh-road-accident,mujahat,Mymensingh,3,3,Truck And A Human Hauler,head-on collision,Bangladesh,event,road accident,2016-12-09,11:05:53,Dec,12,Partly cloudy,11,Dec,head-on collision
1119,3 killed in Mymensingh road accident,2016-12-09 11:05:53,https://en.prothomalo.com/bangladesh/3-killed-as-truck-hits-auto-rickshaw-in-M’singh,mujahat,Mymensingh,3,3,Truck And A Human Hauler,head-on collision,Bangladesh,event,road accident,2016-12-09,11:05:53,Dec,12,Partly cloudy,11,Dec,head-on collision
1120,Ex-JCD leader among 2 dead in Pabna road crash,2022-11-05 22:54:25,https://en.prothomalo.com/bangladesh/accident/wshu3oku99,pabna sadar upazila,Pabna,2,0,,,Bangladesh,event,road accident,2022-11-05,22:54:25,Nov,11,Clear sky,22,Nov,
1122,Five killed in road crash in Chattogram,2023-04-13 13:49:24,https://en.prothomalo.com/bangladesh/accident/b4bce6l1um,raykhalipul area,Chattogram,5,1,"Bus, Auto-Rickshaw",collision,Bangladesh,event,road accident,2023-04-13,13:49:24,Apr,4,Clear sky,13,Apr,collision
1123,Two killed in Sylhet road crash,2022-04-24 15:15:55,https://en.prothomalo.com/bangladesh/accident/two-killed-in-sylhet-road-crash,jaintapur upazila,Sylhet,2,0,"Human Hauler, Dumping Truck",collision between human hauler and dumping truck,Bangladesh,event,road accident,2022-04-24,15:15:55,Apr,4,Moderate rain,15,Apr,collision between human hauler and dumping truck
1124,Two killed as bus hits a human hauler in Mirpur,2022-07-31 20:07:30,https://en.prothomalo.com/bangladesh/accident/k1i8x20hss,mirpur beribadh,Dhaka,2,4,"Bus, Human Hauler (Laguna)",bus crashed into a human hauler,Bangladesh,event,road accident,2022-07-31,20:07:30,Jul,7,Light rain,20,Jul,bus crashed into a human hauler
1125,Chattogram depot explosion: Another fireman dies,2022-06-12 10:21:02,https://en.prothomalo.com/bangladesh/city/chattogram-depot-explosion-another-fireman-dies,chattogram depot,Chattogram,47,0,,depot explosion,Bangladesh,event,road accident,2022-06-12,10:21:02,Jun,6,Light rain,10,Jun,depot explosion
1126,Four killed in Chattogram as covered van crashes into auto-rickshaw,2022-09-15 09:41:35,https://en.prothomalo.com/bangladesh/accident/8eri13lhh4,dakshin sonapahar of zorarganj,Chattogram,4,5,"Covered Van, Auto-Rickshaw",covered van crashed into a cng-run auto-rickshaw,Bangladesh,event,road accident,2022-09-15,09:41:35,Sep,9,Moderate rain,9,Sep,covered van crashed into a cngrun autorickshaw
1127,Cop killed in Khulna road crash,2022-04-19 14:18:02,https://en.prothomalo.com/bangladesh/accident/cop-killed-in-khulna-road-crash,dhaka-khulna highway in fakirhat upazila,Bagerhat,1,0,Bus,crushed under the wheels of a bus,Bangladesh,event,road accident,2022-04-19,14:18:02,Apr,4,Light rain,14,Apr,crushed under the wheels of a bus
1128,Two killed in road crash in Netrokona,2022-07-26 10:08:15,https://en.prothomalo.com/bangladesh/accident/k56zot9fln,shyamganj-birishiri highway near mahishber area,Netrakona,2,5,"Truck, Auto-Rickshaw",truck hit auto-rickshaw,Bangladesh,event,road accident,2022-07-26,10:08:15,Jul,7,,10,Jul,truck hit autorickshaw
1129,"Mother, child die in road accident",2016-11-26 12:36:27,https://en.prothomalo.com/bangladesh/Mother-child-die-in-road-accident,dhaka-khulna highway,Gopalganj,2,0,Truck,speeding truck hit another truck,Bangladesh,event,road accident,2016-11-26,12:36:27,Nov,11,Partly cloudy,12,Nov,speeding truck hit another truck
1130,Death toll from Padma speedboat capsize rises to three,2023-02-08 10:14:29,https://en.prothomalo.com/bangladesh/accident/if0hgppf8q,padma river,Faridpur,2,0,Speed Boat,collision between two speedboats,Bangladesh,event,road accident,2023-02-08,10:14:29,Feb,2,Light rain,10,Feb,collision between two speedboats
1131,3 construction workers die falling from high-rise,2023-02-08 09:20:25,https://en.prothomalo.com/bangladesh/local-news/en86uf17cm,kalpoloke residential area,Chattogram,3,0,,falling off an under-construction building,Bangladesh,event,road accident,2023-02-08,09:20:25,Feb,2,Mainly clear,9,Feb,falling off an underconstruction building
1133,Padma Bridge: Motorcycles likely to be banned on highway on both ends ,2022-06-29 23:14:22,https://en.prothomalo.com/bangladesh/padma-bridge-motorcycles-likely-to-be-banned-on-highway-on-both-ends,bangabandhu sheikh mujibur rahman expressway,Faridpur,0,0,Motorcycle,,Bangladesh,event,road accident,2022-06-29,23:14:22,Jun,6,Light rain,23,Jun,
1136,20 injured as bus overturns in Jatrabari,2022-07-22 12:11:32,https://en.prothomalo.com/bangladesh/accident/6ds1vy6kyx,bishwaroad area,Dhaka,0,20,Commuter Bus,driver lost control of the speeding bus,Bangladesh,event,road accident,2022-07-22,12:11:32,Jul,7,Moderate rain,12,Jul,driver lost control of the speeding bus
1137,"Father, son go missing in Karnaphuli River",2022-01-30 16:56:55,https://en.prothomalo.com/bangladesh/accident/father-son-go-missing-in-karnaphuli-river,karnaphuli river near evergreen ghat,Chattogram,2,0,,boat sank,Bangladesh,event,road accident,2022-01-30,16:56:55,Jan,1,Clear sky,16,Jan,boat sank
1140,8 killed in Barishal road crash,2022-05-29 09:19:20,https://en.prothomalo.com/bangladesh/accident/8-killed-in-barishal-road-crash,shanuar area of wazirpur upazila,Barishal,8,25,Bus,losing control and hitting a roadside tree,Bangladesh,event,road accident,2022-05-29,09:19:20,May,5,Moderate rain,9,May,losing control and hitting a roadside tree
1141,Patient among six killed as ambulance crashes into truck,2023-01-17 09:22:16,https://en.prothomalo.com/bangladesh/accident/99wm1d9tsa,zajira upazila,Shariatpur,6,0,"Ambulance, Truck",ambulance hit a truck from behind,Bangladesh,event,road accident,2023-01-17,09:22:16,Jan,1,Partly cloudy,9,Jan,ambulance hit a truck from behind
1143,Two family members killed in Munshiganj road crash,2023-03-05 16:10:32,https://en.prothomalo.com/bangladesh/accident/viabb74g48,dhaka-chattogram highway,Munshiganj,2,4,"Microbus, Covered Van","covered van hit microbus from behind, pushing it into the dhaka-bound lane",Bangladesh,event,road accident,2023-03-05,16:10:32,Mar,3,Clear sky,16,Mar,covered van hit microbus from behind pushing it into the dhakabound lane
1144,"4 killed as truck hits auto-rickshaw in Cox’s Bazar

",2022-08-27 14:00:16,https://en.prothomalo.com/bangladesh/local-news/ywzlkhg5u4,ukhiya upazila,Cox's Bazar,4,1,"Truck, Cng-Run Auto-Rickshaw",truck crashed into a cng-run auto-rickshaw,Bangladesh,event,road accident,2022-08-27,14:00:16,Aug,8,Dense rain,14,Aug,truck crashed into a cngrun autorickshaw
1145,Two construction workers die falling off high rise,2022-08-26 21:08:05,https://en.prothomalo.com/bangladesh/accident/38fqm4px2w,west agargaon,Dhaka,2,0,,falling from an under-construction building,Bangladesh,event,road accident,2022-08-26,21:08:05,Aug,8,Light rain,21,Aug,falling from an underconstruction building
1146,"4 killed in separate road crashes in Gazipur, Lalmonirhat",2023-06-11 11:41:41,https://en.prothomalo.com/bangladesh/accident/tdh65j4mh9,mawna-kaliakair road in kaliakair upazila,Gazipur,2,1,"Truck, Cng-Run Auto-Rickshaw",truck ran over a cng-run auto-rickshaw,Bangladesh,event,road accident,2023-06-11,11:41:41,Jun,6,Moderate rain,11,Jun,truck ran over a cngrun autorickshaw
1147,"4 killed, 15 injured as bus crashes into tree in Gopalganj",2022-10-07 12:12:13,https://en.prothomalo.com/bangladesh/accident/wzdkvif646,dhaka-khulna highway in chandra dighalia upazila of gopalganj,Gopalganj,4,15,Bus,speeding,Bangladesh,event,road accident,2022-10-07,12:12:13,Oct,10,Partly cloudy,12,Oct,speeding
1148,Cox’s Bazar trawler capsize: 3 more bodies retrieved,2022-08-21 14:53:56,https://en.prothomalo.com/bangladesh/accident/d3gnst5lsy,bay of bengal,Cox's Bazar,3,0,Fishing Trawler,capsized amid inclement weather,Bangladesh,event,road accident,2022-08-21,14:53:56,Aug,8,Moderate rain,14,Aug,capsized amid inclement weather
1149,"Mother, son suffer burn injuries in city fire",2022-07-05 15:55:37,https://en.prothomalo.com/bangladesh/accident/mother-son-suffer-burn-injuries-in-city-fire,mohammadpur,Dhaka,0,2,House,gas leak,Bangladesh,event,road accident,2022-07-05,15:55:37,Jul,7,Moderate rain,15,Jul,gas leak
1150,"Driver falls sick, rams into five vehicles, two dead",2023-07-24 14:28:51,,santana market,Narayanganj,2,8,,sudden illness of the driver,Bangladesh,event,road accident,2023-07-24,14:28:51,Jul,7,Light rain,14,Jul,sudden illness of the driver
1151,Road crash kills two intelligence agency men,2022-04-26 10:08:49,https://en.prothomalo.com/bangladesh/accident/road-crash-kills-two-intelligence-agency-men,public health area,Rangamati,2,0,,,Bangladesh,event,road accident,2022-04-26,10:08:49,Apr,4,,10,Apr,
1153,60pc of Dhaka’s Eid holidaymakers to go by road: SCRF,2023-04-13 16:20:03,,dhaka,Dhaka,0,0,"Road, Waterways, Railways",eid-ul-fitr travel,Bangladesh,event,road accident,2023-04-13,16:20:03,Apr,4,Clear sky,16,Apr,eidulfitr travel
1154,China has no objection to stringent action: Ambassador ,2022-08-18 18:32:00,https://en.prothomalo.com/bangladesh/h7ai18363v,uttara,Dhaka,5,0,Car,girder fall on a car,Bangladesh,event,road accident,2022-08-18,18:32:00,Aug,8,Heavy rain,18,Aug,girder fall on a car
1156,Who’s the pale doll-like child lying in the morgue?,2024-03-01 15:02:08,https://en.prothomalo.com/bangladesh/city/ccydyp7t5g,dhaka medical college hospital’s morgue,Dhaka,1,0,,,Bangladesh,event,road accident,2024-03-01,15:02:08,Mar,3,Clear sky,15,Mar,
1161,24 killed in Panchagarh boat capsize  ,2022-09-25 16:41:59,https://en.prothomalo.com/bangladesh/ziimo8iv0z,"karatoya river, awlia ghat of mareya bazar area, boda upazila",Panchagarh,24,0,Passenger Boat,boat capsized,Bangladesh,event,road accident,2022-09-25,16:41:59,Sep,9,,16,Sep,boat capsized
1162,Two bikers killed in Dinajpur road crash,2022-06-02 12:43:18,,phulbari rail crossing area,Dinajpur,2,1,Truck And Bike,truck hit their bike,Bangladesh,event,road accident,2022-06-02,12:43:18,Jun,6,Dense rain,12,Jun,truck hit their bike
1163,Garbage truck-covered van collision kills two in Chattogram,2022-04-16 10:21:49,https://en.prothomalo.com/bangladesh/accident/garbage-truck-covered-van-collision-kills-two-in-chattogram,chattogram-cox’s bazar highway,Chattogram,2,0,"Garbage Truck, Covered Van",collision,Bangladesh,event,road accident,2022-04-16,10:21:49,Apr,4,Moderate rain,10,Apr,collision
1165,2 killed in Sirajganj road accident,2016-11-15 11:30:15,https://en.prothomalo.com/bangladesh/2-killed-in-Sirajganj-road-accident-5,khalkula area,Sirajganj,2,10,"Bus, Truck",bus-truck collision,Bangladesh,event,road accident,2016-11-15,11:30:15,Nov,11,Mainly clear,11,Nov,bustruck collision
1167,2 killed in Sirajganj road accident,2016-11-15 11:30:15,https://en.prothomalo.com/bangladesh/2-killed-in-Sirajganj-road-accident-3,khalkula area of tarash upazila,Sirajganj,2,10,"Bus, Truck",bus-truck collision,Bangladesh,event,road accident,2016-11-15,11:30:15,Nov,11,Mainly clear,11,Nov,bustruck collision
1168,2 killed in Sirajganj road accident,2016-11-15 11:30:15,https://en.prothomalo.com/bangladesh/2-killed-in-Sirajganj-road-accident-2,khalkula area of tarash upazila,Sirajganj,2,10,Bus-Truck,collision,Bangladesh,event,road accident,2016-11-15,11:30:15,Nov,11,Mainly clear,11,Nov,collision
1169,2 killed in Sirajganj road accident,2016-11-15 11:30:15,https://en.prothomalo.com/bangladesh/2-killed-in-Sirajganj-road-accident,khalkula area,Sirajganj,2,10,Bus-Truck,collision,Bangladesh,event,road accident,2016-11-15,11:30:15,Nov,11,Mainly clear,11,Nov,collision
1173,"Lighter vessel sinks in Chittagong port, seven missing",2022-03-19 12:58:09,https://en.prothomalo.com/bangladesh/accident/lighter-vessel-sinks-in-chittagong-port-seven-missing,outer anchorage of chittagong port off patenga beach,Chattogram,7,0,Lighter Vessel,vessel sank,Bangladesh,event,road accident,2022-03-19,12:58:09,Mar,3,Partly cloudy,12,Mar,vessel sank
1176,"Two siblings killed in Kushtia road crash, 5 injured",2022-05-05 10:52:32,https://en.prothomalo.com/bangladesh/accident/two-siblings-killed-in-kushtia-road-crash-5-injured,kushtia-rajbari road in shimulia union,Kushtia,2,5,Three-Wheeler And Pick-Up Van,collision,Bangladesh,event,road accident,2022-05-05,10:52:32,May,5,Light rain,10,May,collision
1179,Police wrecker runs over student in Dhaka,2022-07-29 10:20:36,https://en.prothomalo.com/bangladesh/city/ehj5kr5ekh,gulistan,Dhaka,1,0,"Motorcycle, Police Wrecker",run over by a police wrecker,Bangladesh,event,road accident,2022-07-29,10:20:36,Jul,7,Light rain,10,Jul,run over by a police wrecker
1187,Couple die from electrocution in Khulna,2022-05-19 10:11:07,https://en.prothomalo.com/bangladesh/accident/couple-die-from-electrocution-in-khulna,dumuria upazila,Khulna,2,1,,electrocuted,Bangladesh,event,road accident,2022-05-19,10:11:07,May,5,Heavy rain,10,May,electrocuted
1192,2 killed in Netrakona road accident,2016-11-09 09:11:50,https://en.prothomalo.com/bangladesh/2-killed-in-Netrakona-road-accident-2,tremohoni-jamdhala road at jamdhola bazaar,Netrakona,2,5,Truck,lorry turned turtle,Bangladesh,event,road accident,2016-11-09,09:11:50,Nov,11,,9,Nov,lorry turned turtle
1193,2 killed in Netrakona road accident,2016-11-09 09:11:50,https://en.prothomalo.com/bangladesh/2-killed-in-Netrakona-road-accident,tremohoni-jamdhala road at jamdhola bazaar,Netrakona,2,5,Brick-Laden Lorry,lorry turned turtle,Bangladesh,event,road accident,2016-11-09,09:11:50,Nov,11,,9,Nov,lorry turned turtle
1194,DU student succumbs to wounds ,2023-03-21 18:02:17,,science lab area,Dhaka,6,1,,blast,Bangladesh,event,road accident,2023-03-21,18:02:17,Mar,3,Light rain,18,Mar,blast
1197,"3 killed, 15 injured in road crash in Dinajpur",2022-06-07 13:54:21,https://en.prothomalo.com/bangladesh/accident/3-killed-15-injured-in-road-crash-in-dinajpur,bankkali,Dinajpur,3,15,Inter-City Bus,loss of control due to punctured front wheel,Bangladesh,event,road accident,2022-06-07,13:54:21,Jun,6,Partly cloudy,13,Jun,loss of control due to punctured front wheel
1198,Two killed in gas cylinder blast in Sylhet,2022-07-24 11:54:11,https://en.prothomalo.com/bangladesh/accident/2tkbct31k8,cng filling station in sylhet,Sylhet,2,0,,gas cylinder blast,Bangladesh,event,road accident,2022-07-24,11:54:11,Jul,7,Moderate rain,11,Jul,gas cylinder blast
1200,10-year old crushed under bus in Gazipur,2022-07-23 18:59:46,https://en.prothomalo.com/bangladesh/accident/8jp3z8zc1q,tongi,Gazipur,1,1,Bus,hit by a bus,Bangladesh,event,road accident,2022-07-23,18:59:46,Jul,7,Moderate rain,18,Jul,hit by a bus
1201,4 of family killed in Sylhet landslide,2022-06-06 10:58:26,https://en.prothomalo.com/bangladesh/accident/4-of-family-killed-in-sylhet-landslide,satjani village,Sylhet,4,0,,landslide,Bangladesh,event,road accident,2022-06-06,10:58:26,Jun,6,Moderate rain,10,Jun,landslide
1202,BUET student killed as car hits motorcycle at checkpost in Purbachal,2024-12-20 17:07:20,https://en.prothomalo.com/bangladesh/local-news/tm5x902wod,"purbachal uposhohor area (neela market area, kuril-kanchan road) on purbachal 300 feet road",Narayanganj,1,2,"Car, Motorcycle",car rammed into a motorcycle at a police checkpoint,Bangladesh,event,road accident,2024-12-20,17:07:20,Dec,12,Partly cloudy,17,Dec,car rammed into a motorcycle at a police checkpoint
1203,Narayanganj cock-sheet stockpile catches fire,2022-01-12 14:33:04,https://en.prothomalo.com/bangladesh/accident/narayanganj-cock-sheet-stockpile-catches-fire,nitaiganj,Narayanganj,0,0,Fire Fighter Units,cock-sheet stockpile caught fire,Bangladesh,event,road accident,2022-01-12,14:33:04,Jan,1,Light rain,14,Jan,cocksheet stockpile caught fire
1206,Food blogger dies on duty at Chattogram port,2022-02-03 13:08:02,https://en.prothomalo.com/bangladesh/local-news/food-blogger-dies-on-duty-at-chattogram-port,chattogram port,Chattogram,1,0,Heavy Equipment,hit by a crane,Bangladesh,event,road accident,2022-02-03,13:08:02,Feb,2,Partly cloudy,13,Feb,hit by a crane
1208,22-yr-old biker killed in Brahmanbaria road crash,2022-05-31 15:25:24,,nasirnagar upazila,Brahmanbaria,1,1,Motorcycle,bike veered off the road and plunged into a roadside ditch,Bangladesh,event,road accident,2022-05-31,15:25:24,May,5,Moderate rain,15,May,bike veered off the road and plunged into a roadside ditch
1213,Elderly woman killed in Chandpur road crash,2022-03-18 21:55:37,https://en.prothomalo.com/bangladesh/accident/elderly-woman-killed-in-chandpur-road-crash,sengaon area of sadar upazila,Chandpur,1,0,Bus,bus ran over her,Bangladesh,event,road accident,2022-03-18,21:55:37,Mar,3,Rain showers (moderate or heavy),21,Mar,bus ran over her
1214,Two killed in Pabna road crash ,2021-12-13 16:34:15,,dashuria-muladuli highway,Pabna,2,0,"Truck, Van",collision between truck and van,Bangladesh,event,road accident,2021-12-13,16:34:15,Dec,12,Clear sky,16,Dec,collision between truck and van
1217,Two die in bus-auto collision in Cumilla,2022-01-06 12:17:28,,mohakhali regional highway,Cumilla,2,2,Bus And Cng-Run Auto-Rickshaw,head-on collision,Bangladesh,event,road accident,2022-01-06,12:17:28,Jan,1,Partly cloudy,12,Jan,head-on collision
1218,Three bikers killed in separate road crashes in Manikganj,2022-07-11 23:16:02,https://en.prothomalo.com/bangladesh/accident/three-bikers-killed-in-separate-road-crashes-in-manikganj,arpara area on dhaka-paturia highway,Manikganj,3,3,"Truck, Motorcycle",motorcycle crashed into a truck,Bangladesh,event,road accident,2022-07-11,23:16:02,Jul,7,Moderate rain,23,Jul,motorcycle crashed into a truck
1219,Five killed in microbus-autorickshaw collision,2022-10-09 18:26:31,https://en.prothomalo.com/bangladesh/city/zsx4be9ft6,shimrail kanchpur bridge,Narayanganj,5,0,"Auto-Rickshaw, Micro Bus",head-on collision,Bangladesh,event,road accident,2022-10-09,18:26:31,Oct,10,Light rain,18,Oct,head-on collision
1220,Many BNP leaders are secretly getting ready for polls: Quader,2023-04-11 12:34:48,https://en.prothomalo.com/bangladesh/vhgo9o6zzz,bangabandhu avenue in the capital,Dhaka,0,0,,,Bangladesh,event,road accident,2023-04-11,12:34:48,Apr,4,Dust or sand whirls,12,Apr,
1222,Barishal trawler capsize toll rises to 5,2022-04-10 15:37:38,https://en.prothomalo.com/bangladesh/accident/barishal-trawler-capsize-toll-rises-to-5,gazaria river,Barishal,5,0,Trawler,trawler capsize,Bangladesh,event,road accident,2022-04-10,15:37:38,Apr,4,Light rain,15,Apr,trawler capsize
1223,Bogura road crash leaves two dead,2022-04-10 14:48:02,https://en.prothomalo.com/bangladesh/accident/bogura-road-crash-leaves-two-dead,naogaon-bogura highway,Naogaon,2,0,"Truck, Motorcycle",collision,Bangladesh,event,road accident,2022-04-10,14:48:02,Apr,4,Light rain,14,Apr,collision
1226,Policymakers do not understand public transport woes: Road Safety Foundation,2024-11-02 17:59:21,https://en.prothomalo.com/bangladesh/e6rth8cs6o,road safety foundation office in the capital,Dhaka,0,0,Public Transport And Private Vehicles,"lack of discipline and coordination in public transport sector, and unequal road space allocation",Bangladesh,event,road accident,2024-11-02,17:59:21,Nov,11,Mainly clear,17,Nov,lack of discipline and coordination in public transport sector and unequal road space allocation
1230,"Passenger pushed out of bus, crushed under wheels",2022-07-07 16:48:37,https://en.prothomalo.com/bangladesh/local-news/passenger-pushed-out-of-bus-crushed-under-wheels,shibbari area on joydebpur-chandana chowrasta highway,Gazipur,1,0,Bus,pushed out of the bus following an altercation with staff over the fare,Bangladesh,event,road accident,2022-07-07,16:48:37,Jul,7,Light rain,16,Jul,pushed out of the bus following an altercation with staff over the fare
1231,Motorcyclist dies after being hit by truck in Dhaka’s Shahbagh,2022-02-17 09:39:42,https://en.prothomalo.com/bangladesh/accident/motorcyclist-dies-after-being-hit-by-truck-in-dhakas-shahbagh,abdul gani road in front of shikha bhaban,Dhaka,1,1,Motorcycle And Concrete Mixer Truck,hit by a concrete mixer truck,Bangladesh,event,road accident,2022-02-17,09:39:42,Feb,2,Clear sky,9,Feb,hit by a concrete mixer truck
1232,13 industrial police injured in road crash,2022-05-21 17:04:00,https://en.prothomalo.com/bangladesh/accident/13-industrial-police-injured-in-road-crash,sagorika area,Chattogram,0,13,Police Van And Bus,bus hit police van,Bangladesh,event,road accident,2022-05-21,17:04:00,May,5,Light rain,17,May,bus hit police van
1234,Lorry overturns: Who is responsible for negligence in road repairs?,2024-04-04 13:45:53,,dhaka-aricha highway,Dhaka,3,7,Oil Tank Lorry,overturned oil tank lorry fire,Bangladesh,event,road accident,2024-04-04,13:45:53,Apr,4,Partly cloudy,13,Apr,overturned oil tank lorry fire
1238,Three killed in road crash in Bagerhat,2022-03-10 12:02:16,https://en.prothomalo.com/bangladesh/accident/three-killed-in-road-crash-in-bagerhat,bagerhat district,Bagerhat,3,0,Motorcycle,speeding bike crashed into an electric pole,Bangladesh,event,road accident,2022-03-10,12:02:16,Mar,3,Partly cloudy,12,Mar,speeding bike crashed into an electric pole
1239,"Driver of bus that killed 5 people held in Sirajganj

",2022-02-15 13:42:48,https://en.prothomalo.com/bangladesh/crime-and-law/driver-of-bus-that-killed-5-people-held-in-sirajganj,sherpur upazila,Bogra,5,0,Bus,hit and killed,Bangladesh,event,road accident,2022-02-15,13:42:48,Feb,2,Clear sky,13,Feb,hit and killed