id,title,date,article_url,place_of_accident,district,number_of_deaths,number_of_injured,vehicle_type,cause_of_accident,country,report_type,type_of_accident,accident_date,accident_time,month,month_num,condition,accident_hour,month_name,cause_of_accident_normalized
1240,Commuters bear the brunt as 48-hr transport strike in Ctg underway,2024-04-28 14:54:20,,port city,Chattogram,0,0,"Buses, Minibuses, Human Haulers, Autorickshaws, And Other Three-Wheelers",transport strike,Bangladesh,event,road accident,2024-04-28,14:54:20,Apr,4,Partly cloudy,14,Apr,transport strike
1243,Road crash claims two siblings lives in Feni   ,2022-01-15 17:54:53,https://en.prothomalo.com/bangladesh/accident/road-crash-claims-two-siblings-lives-in-feni,dhaka-chattogram highway,Dhaka,2,2,Car,hit a roadside tree,Bangladesh,event,road accident,2022-01-15,17:54:53,Jan,1,Partly cloudy,17,Jan,hit a roadside tree
1245,30 hurt in Cumilla gas cylinder blast,2022-01-13 21:55:51,https://en.prothomalo.com/bangladesh/accident/30-hurt-in-cumilla-gas-cylinder-blast,biruli village,Cumilla,0,30,,gas cylinder explosion,Bangladesh,event,road accident,2022-01-13,21:55:51,Jan,1,Light rain,21,Jan,gas cylinder explosion
1247,"Death toll rises to 10, rescue operation postponed ",2022-03-22 21:48:33,https://en.prothomalo.com/bangladesh/death-toll-rises-to-10-rescue-operation-postponed,shitalakkhya river,Narayanganj,3,0,Passenger Launch,capsizing,Bangladesh,event,road accident,2022-03-22,21:48:33,Mar,3,Partly cloudy,21,Mar,capsizing
1250,Mother and children killed together,2024-03-01 12:08:08,https://en.prothomalo.com/bangladesh/city/0nx1vg7x0s,bailey road,Dhaka,3,0,,fire,Bangladesh,event,road accident,2024-03-01,12:08:08,Mar,3,Clear sky,12,Mar,fire
1252,Dinajpur road crash leaves 2 dead,2022-03-20 12:28:38,https://en.prothomalo.com/bangladesh/accident/dinajpur-road-crash-leaves-2-dead,kaugaon on phulbari road,Dinajpur,2,0,"Truck, Motorcycle",motorcycle crashed into a stationary truck,Bangladesh,event,road accident,2022-03-20,12:28:38,Mar,3,Clear sky,12,Mar,motorcycle crashed into a stationary truck
1254,Bus-truck collision kills 2 in Rangpur,2022-03-18 13:22:25,https://en.prothomalo.com/bangladesh/accident/bus-truck-collision-kills-2-in-rangpur,dhaka-rangpur highway,Rangpur,2,6,Bus And A Truck,head-on collision,Bangladesh,event,road accident,2022-03-18,13:22:25,Mar,3,Partly cloudy,13,Mar,head-on collision
1256,3 of a family killed in Khulna road accident,2016-11-04 18:29:28,,kanthaltala on khulna-satkhira road,Khulna,4,8,"Truck, Human Hauler And Battery-Run Auto-Rickshaw",triangular collision,Bangladesh,event,road accident,2016-11-04,18:29:28,Nov,11,Light rain,18,Nov,triangular collision
1259,Road crash kills minor girl returning from Victory Day progs,2021-12-16 15:43:55,https://en.prothomalo.com/bangladesh/accident/road-crash-kills-minor-girl-returning-from-victory-day-progs,ghughuratoli area,,1,0,Tractor,hit by a tractor,Bangladesh,event,road accident,2021-12-16,15:43:55,Dec,12,,15,Dec,hit by a tractor
1260,Road crash kills two in Jashore,2022-03-12 11:46:04,https://en.prothomalo.com/bangladesh/accident/road-crash-kills-two-in-jashore,khedapara-tetulia road,Jashore,2,1,Motorcycle,speeding,Bangladesh,event,road accident,2022-03-12,11:46:04,Mar,3,Partly cloudy,11,Mar,speeding
1262,Two motorcyclists killed in Faridpur road crash ,2022-01-01 16:17:35,https://en.prothomalo.com/bangladesh/accident/two-motorcyclists-killed-in-faridpur-road-crash,dhaka-khulna highway in gajaria area,Faridpur,2,0,"Bus, Motorcycle",hit by a bus,Bangladesh,event,road accident,2022-01-01,16:17:35,Jan,1,Precipitation within sight,16,Jan,hit by a bus
1264,Road accident kills elderly man in C’nawabganj,2016-10-23 11:38:49,https://en.prothomalo.com/bangladesh/Road-accident-kills-elderly-man-in-C’nawabganj,bailtala,Nawabganj,1,6,"Battery-Run Auto Rickshaw, Human Hauler","collision, speeding",Bangladesh,event,road accident,2016-10-23,11:38:49,Oct,10,rain not reaching ground,11,Oct,collision speeding
1271,3 die as tractor plunges into ditch in Noakhali,2022-04-23 09:07:42,https://en.prothomalo.com/bangladesh/accident/3-die-as-tractor-plunges-into-ditch-in-noakhali,north bejugalia,Noakhali,3,0,Power Tiller,plunged into a ditch,Bangladesh,event,road accident,2022-04-23,09:07:42,Apr,4,Light rain,9,Apr,plunged into a ditch
1273,"17 prisoners, 2 cops injured as bus hits prison van in Keraniganj",2022-06-07 11:39:44,https://en.prothomalo.com/bangladesh/accident/17-prisoners-2-cops-injured-as-bus-hits-prison-van-in-keraniganj,rajendrapur on dhaka-mawa highway,Dhaka,0,19,"Bus, Prison Van",speeding bus lost control,Bangladesh,event,road accident,2022-06-07,11:39:44,Jun,6,Light rain,11,Jun,speeding bus lost control
1274,Three of a family killed in road crash,2022-01-21 11:00:20,https://en.prothomalo.com/bangladesh/accident/three-of-a-family-killed-in-road-crash,matuail area of jatrabari,Dhaka,3,2,"Bus, Auto-Rickshaw",bus hit auto-rickshaw,Bangladesh,event,road accident,2022-01-21,11:00:20,Jan,1,Duststorm or sandstorm,11,Jan,bus hit autorickshaw
1277,"Four killed, many injured in massive explosion in Chattogram container depot",2022-06-05 03:08:52,https://en.prothomalo.com/bangladesh/accident/four-killed-many-injured-in-massive-explosion-in-chattogram-container-depot,sitakunda,Chattogram,4,50,Container Depot,massive explosion,Bangladesh,event,road accident,2022-06-05,03:08:52,Jun,6,Moderate rain,3,Jun,massive explosion
1278,University student dies after bus hits private car,2022-07-15 19:38:37,https://en.prothomalo.com/bangladesh/wvwkb1u3on,madanpur,Narayanganj,1,3,"Car, Bus",bus hitting a car,Bangladesh,event,road accident,2022-07-15,19:38:37,Jul,7,Heavy rain,19,Jul,bus hitting a car
1282,4 killed in Narsingdi road crash,2022-03-25 20:05:13,https://en.prothomalo.com/bangladesh/accident/4-killed-in-narsingdi-road-crash,raipura upazila,Narsingdi,4,2,Pickup Van And Cng-Run Auto-Rickshaw,collision,Bangladesh,event,road accident,2022-03-25,20:05:13,Mar,3,Light rain,20,Mar,collision
1283,"5 killed, 15 injured in Gopalganj, Gaibandha road crashes",2022-11-18 12:50:55,https://en.prothomalo.com/bangladesh/accident/0oe4y63q5y,gopinathpur area under sadar upazila,Gopalganj,5,15,"Bus, Truck",bus rammed into a sand-laded truck,Bangladesh,event,road accident,2022-11-18,12:50:55,Nov,11,Partly cloudy,12,Nov,bus rammed into a sandladed truck
1286,Motorcyclist killed in Chattogram road crash,2021-12-26 12:25:48,,chattogram-cox's bazar highway,Chattogram,1,0,"Motorbike, Covered Van",covered van hit his motorbike,Bangladesh,event,road accident,2021-12-26,12:25:48,Dec,12,Dust in suspension,12,Dec,covered van hit his motorbike
1288,Three officials killed as BUET bus plunges into hillside ditch ,2022-05-26 17:40:24,https://en.prothomalo.com/bangladesh/accident/three-buet-officials-killed-as-buet-bus-plunges-into-ditch,jibonnagar area,Bandarban,3,7,Minibus,plunged into a hillside ditch,Bangladesh,event,road accident,2022-05-26,17:40:24,May,5,Moderate rain,17,May,plunged into a hillside ditch
1289,Khulna fuel traders call indefinite strike from 17 February,2022-02-06 13:19:25,https://en.prothomalo.com/bangladesh/local-news/khulna-fuel-traders-call-indefinite-strike-from-17-february,khulna division,Khulna,0,0,Truck (Tanker),,Bangladesh,event,road accident,2022-02-06,13:19:25,Feb,2,Haze,13,Feb,
1291,Two killed in Bagerhat road crash,2022-05-25 15:11:16,https://en.prothomalo.com/bangladesh/accident/two-killed-in-bagerhat-road-crash,bagerhat-pirojpur hyighway near the shrimp research centre,Pirojpur,2,1,Tractor Trolley And Van,head-on collision,Bangladesh,event,road accident,2022-05-25,15:11:16,May,5,Moderate rain,15,May,head-on collision
1292,Inland waterway's masters were operating the  cargo  ,2022-03-21 17:58:32,https://en.prothomalo.com/bangladesh/inland-waterways-masters-were-operating-the-cargo,shitalakkhya river,Narayanganj,8,0,Launch And Cargo Vessel,collision between cargo vessel and launch,Bangladesh,event,road accident,2022-03-21,17:58:32,Mar,3,Duststorm or sandstorm,17,Mar,collision between cargo vessel and launch
1295,One killed in Bogura road crash,2022-04-09 17:18:37,https://en.prothomalo.com/bangladesh/accident/one-killed-in-bagura-road-crash,bogura-santahar road outside rahima filling station,Bogra,1,0,Truck And Bike,speeding truck rammed his bike,Bangladesh,event,road accident,2022-04-09,17:18:37,Apr,4,Light rain,17,Apr,speeding truck rammed his bike
1296,2 killed as speedboat hits trawler in Meghna river,2021-10-31 12:49:19,https://en.prothomalo.com/bangladesh/accident/2-killed-as-speedboat-hits-trawler-in-meghna-river,meghna river at marichakandi,Brahmanbaria,2,0,Speedboat And Trawler,collision between speedboat and trawler,Bangladesh,event,road accident,2021-10-31,12:49:19,Oct,10,Partly cloudy,12,Oct,collision between speedboat and trawler
1297,Two die as passenger bus overturns in Dhaka,2022-01-08 12:44:18,https://en.prothomalo.com/bangladesh/accident/two-die-as-passenger-bus-overturns-in-dhaka,gulistan area,Dhaka,2,3,Bus,driver lost control of the speeding bus,Bangladesh,event,road accident,2022-01-08,12:44:18,Jan,1,Clear sky,12,Jan,driver lost control of the speeding bus
1298,"Two drown, 3 missing as ferry sinks off Barishal coast

",2022-04-08 15:54:02,https://en.prothomalo.com/bangladesh/local-news/two-drown-3-missing-as-ferry-sinks-off-barishal-coast,gazaria river,Barishal,2,0,,ferry capsized,Bangladesh,event,road accident,2022-04-08,15:54:02,Apr,4,Mainly clear,15,Apr,ferry capsized
1300,Road crash kills 2 primary teacher candidates in Chandpur road crash,2022-05-20 20:26:31,https://en.prothomalo.com/bangladesh/accident/road-crash-kills-2-primary-teacher-candidates-in-chandpur-road-crash,chandpur-cumilla regional road,Chandpur,2,2,"Cng-Run Auto Rickshaw, Truck",collision between auto rickshaw and truck,Bangladesh,event,road accident,2022-05-20,20:26:31,May,5,Moderate rain,20,May,collision between auto rickshaw and truck
1301,2 missing as trawler capsizes in Shitalakkhya,2021-11-04 08:54:18,https://en.prothomalo.com/bangladesh/accident/2-missing-as-trawler-capsizes-in-shitalakkhya,shitalakkhya river,Narayanganj,0,0,Passenger Trawler,capsized,Bangladesh,event,road accident,2021-11-04,08:54:18,Nov,11,Partly cloudy,8,Nov,unknown
1303,"Dhaka courts: Over 1,500 BNP leaders, activists sentenced in 5 months",2023-12-27 08:26:58,https://en.prothomalo.com/bangladesh/city/qtggv7zogn,dhaka,Dhaka,0,0,Vehicles,vandalising vehicles,Bangladesh,event,road accident,2023-12-27,08:26:58,Dec,12,Partly cloudy,8,Dec,vandalising vehicles
1307,Woman dies after gas cylinder explodes in Keraniganj,2022-03-09 13:04:08,https://en.prothomalo.com/bangladesh/accident/woman-dies-after-gas-cylinder-explodes-in-keraniganj,chunkutia area of south keraniganj,Dhaka,1,1,Gas Cylinder,gas cylinder explosion,Bangladesh,event,road accident,2022-03-09,13:04:08,Mar,3,Clear sky,13,Mar,gas cylinder explosion
1311,Two killed in Barguna road crash,2022-03-07 13:09:06,https://en.prothomalo.com/bangladesh/accident/two-killed-in-barguna-road-crash,chunakhali culvert area on amtoli-patuakhali regional highway,Barguna,2,0,Pickup Van,hit by pickup van,Bangladesh,event,road accident,2022-03-07,13:09:06,Mar,3,Partly cloudy,13,Mar,hit by pickup van
1313,2 killed in Chattogram road crash,2021-10-21 17:02:52,https://en.prothomalo.com/bangladesh/accident/2-killed-in-chattogram-road-crash-4,outside chattogram university,Chattogram,2,1,Bus,knocked down,Bangladesh,event,road accident,2021-10-21,17:02:52,Oct,10,Light rain,17,Oct,knocked down
1314,2 killed in Chattogram road crash,2021-10-21 17:02:52,https://en.prothomalo.com/bangladesh/accident/2-killed-in-chattogram-road-crash-2,chattogram university,Chattogram,2,1,Bus,,Bangladesh,event,road accident,2021-10-21,17:02:52,Oct,10,Light rain,17,Oct,
1315,2 killed in Chattogram road crash,2021-10-21 17:02:52,https://en.prothomalo.com/bangladesh/2-killed-in-Chattogram-road-crash-2,outside chattogram university,Chattogram,2,1,Bus,knocked them down,Bangladesh,event,road accident,2021-10-21,17:02:52,Oct,10,Light rain,17,Oct,knocked them down
1316,Two motorcyclists killed in Jashore road crash,2022-03-06 10:26:56,https://en.prothomalo.com/bangladesh/accident/two-motorcyclists-killed-in-jashore-road-crash,shyamlagachhi area,Jashore,2,2,Motorcycle,head-on collision,Bangladesh,event,road accident,2022-03-06,10:26:56,Mar,3,Smoke,10,Mar,head-on collision
1317,Father-son killed in Khagrachhari road crash,2022-01-20 10:45:38,https://en.prothomalo.com/bangladesh/accident/father-son-killed-in-khagrachhari-road-crash,budong para,Khagrachhari,2,2,Cement-Laden Truck,lost control and crashed into a roadside hill,Bangladesh,event,road accident,2022-01-20,10:45:38,Jan,1,Light rain,10,Jan,lost control and crashed into a roadside hill
1318,Four schoolteachers among five killed in Naogaon road crash,2022-06-24 12:13:59,https://en.prothomalo.com/bangladesh/accident/four-schoolteachers-among-five-killed-in-naogaon-road-crash,naogaon-rajshahi highway,Naogaon,5,0,"Truck, Tractor, Cng-Run Auto-Rickshaw",collision,Bangladesh,event,road accident,2022-06-24,12:13:59,Jun,6,Light rain,12,Jun,collision
1319,2 killed in Faridpur road accident,2016-10-12 11:34:45,https://en.prothomalo.com/bangladesh/2-killed-in-Faridpur-road-accident,dhaka-barisal highway in bhanga upazila,Faridpur,2,2,"Bus, Human Hauler (Nosimon)",speeding bus hit human hauler,Bangladesh,event,road accident,2016-10-12,11:34:45,Oct,10,Light rain,11,Oct,speeding bus hit human hauler
1320,"Father, son killed in road crash",2022-03-05 13:23:45,https://en.prothomalo.com/bangladesh/accident/father-son-killed-in-road-crash-2,balakhal bazar,Chandpur,2,0,Pick-Up Van,hit by a pick-up van,Bangladesh,event,road accident,2022-03-05,13:23:45,Mar,3,Partly cloudy,13,Mar,hit by a pickup van
1321,"Father, son killed in road crash",2022-03-05 13:23:45,https://en.prothomalo.com/bangladesh/accident/father-son-killed-in-road-crash,chandpur-comilla regional highway at balakhal bazar,Chandpur,2,0,Pick-Up Van,hit by pick-up van,Bangladesh,event,road accident,2022-03-05,13:23:45,Mar,3,Partly cloudy,13,Mar,hit by pickup van
1322,"Father, son killed in road crash",2022-03-05 13:23:45,https://en.prothomalo.com/bangladesh/Father-son-killed-in-road-crash,"balakhal bazar, chandpur-comilla regional highway",Chandpur,2,0,Pick-Up Van,collision with pick-up van,Bangladesh,event,road accident,2022-03-05,13:23:45,Mar,3,Partly cloudy,13,Mar,collision with pickup van
1327,Two killed as bus overturned in Mirsharai of Chattogram ,2022-05-04 18:33:56,https://en.prothomalo.com/bangladesh/local-news/two-killed-as-bus-overturned-in-mirsharai-of-chattogram,boro darogarhat area of mirsharai,Chattogram,2,1,Bus,overturned,Bangladesh,event,road accident,2022-05-04,18:33:56,May,5,Heavy rain,18,May,overturned
1328,"Head-on collision between car, truck leaves four dead

",2022-03-21 11:23:49,https://en.prothomalo.com/bangladesh/accident/head-on-collision-between-car-truck-leaves-four-dead,chattogram-cox’s bazar highway,Chattogram,4,1,Car And A Truck,head-on collision,Bangladesh,event,road accident,2022-03-21,11:23:49,Mar,3,Partly cloudy,11,Mar,head-on collision
1329,Students block Farmgate demanding justice over fellow’s death ,2022-09-12 14:32:42,https://en.prothomalo.com/bangladesh/city/gejwzpk0qy,farmgate intersection,Dhaka,1,0,Various Vehicles,demanding safe roads after a fellow student's death in a road crash,Bangladesh,event,road accident,2022-09-12,14:32:42,Sep,9,Moderate rain,14,Sep,demanding safe roads after a fellow students death in a road crash
1331,Truck runs over RU student on campus,2022-02-02 10:32:11,https://en.prothomalo.com/bangladesh/accident/truck-runs-over-ru-student-on-campus,shaheed habibur rahman hall inside the campus,Rajshahi,1,1,"Truck, Motorcycle",truck hit motorcycle,Bangladesh,event,road accident,2022-02-02,10:32:11,Feb,2,,10,Feb,truck hit motorcycle accident
1333,"Man killed in elephant attack in Chattogram

",2021-10-11 19:04:10,https://en.prothomalo.com/bangladesh/accident/man-killed-in-elephant-attack-in-chattogram,madhyam guapanchak village,Chattogram,1,0,,trampled by a wild elephant,Bangladesh,event,road accident,2021-10-11,19:04:10,Oct,10,Light rain,19,Oct,trampled by a wild elephant
1334,2 killed in Munshiganj road accident,2016-10-18 09:20:09,https://en.prothomalo.com/bangladesh/2-killed-in-Munshiganj-road-accident,dhaka-chittagong highway at baushia pakhi point,Cumilla,2,1,"Pick-Up Van, Vehicle",pick-up van hit a vehicle,Bangladesh,event,road accident,2016-10-18,09:20:09,Oct,10,Moderate rain,9,Oct,pickup van hit a vehicle
1335,Unsafe Expressway: How many more lives must be lost to wake up the authorities,2024-12-29 15:34:08,https://en.prothomalo.com/opinion/editorial/wsmgsbspi6,dhaka-mawa expressway,Dhaka,6,0,"Microbus, Private Car, Motorcycle, Bus","bus hit stationary vehicles from behind, driver's expired license, bus lacked valid fitness certificate, negligence of authorities",Bangladesh,event,road accident,2024-12-29,15:34:08,Dec,12,Clear sky,15,Dec,bus hit stationary vehicles from behind drivers expired license bus lacked valid fitness certificate negligence of authorities
1339,2 killed in Barishal road crash,2022-03-15 08:52:34,https://en.prothomalo.com/bangladesh/accident/ujms38tw4n,hijla upazila,Barishal,2,0,"Three-Wheeler, Motorcycle",head-on collision,Bangladesh,event,road accident,2022-03-15,08:52:34,Mar,3,Clear sky,8,Mar,head-on collision
1340,2 killed in Barishal road crash,2022-03-15 08:52:34,https://en.prothomalo.com/bangladesh/accident/2-killed-in-barishal-road-crash,hijla upazila,Barishal,2,0,"Three-Wheeler, Motorcycle",head-on collision,Bangladesh,event,road accident,2022-03-15,08:52:34,Mar,3,Clear sky,8,Mar,head-on collision
1342,DMCH to probe ambulance accident: Director,2016-10-16 18:39:36,https://en.prothomalo.com/bangladesh/DMCH-to-probe-ambulance-accident-Director,dhaka medical college hospital entrance,Dhaka,0,0,Ambulance,,Bangladesh,event,road accident,2016-10-16,18:39:36,Oct,10,Clear sky,18,Oct,
1343,2 friends die as truck hits bike in Faridpur,2022-01-29 17:49:22,https://en.prothomalo.com/bangladesh/accident/2-friends-die-as-truck-hits-bike-in-faridpur-2,faridpur-barishal highway,Faridpur,2,0,"Bike, Truck",collision with a speeding truck,Bangladesh,event,road accident,2022-01-29,17:49:22,Jan,1,Clear sky,17,Jan,collision with a speeding truck
1344,Five killed in Keraniganj road crash,2022-06-03 18:51:19,https://en.prothomalo.com/bangladesh/accident/five-killed-in-keraniganj-road-crash,teghoria,Dhaka,5,1,"Cng-Run Auto-Rickshaw, Lorry",collision,Bangladesh,event,road accident,2022-06-03,18:51:19,Jun,6,Moderate rain,18,Jun,collision
1347,Six killed as battery-run auto-rickshaw and car collides with truck,2022-06-01 11:40:44,https://en.prothomalo.com/bangladesh/accident/six-killed-as-battery-run-auto-rickshaw-and-car-collides-with-truck,"chandpur area, rajbari-kushtia regional highway",Rajbari,6,0,"Truck, Auto-Rickshaw, Car",speeding truck collision,Bangladesh,event,road accident,2022-06-01,11:40:44,Jun,6,Moderate rain,11,Jun,speeding truck collision
1350,Two killed in Dinajpur road accident,2016-10-14 14:43:18,,nawabganj upazila,Dinajpur,2,3,Truck,driver lost control over the steering,Bangladesh,event,road accident,2016-10-14,14:43:18,Oct,10,Light rain,14,Oct,driver lost control over the steering
1351,Chandpur road crash leaves two dead,2021-11-21 12:53:34,,chandpur-cumilla local highway at khazuria,Chandpur,2,0,"Truck, Cng-Run Auto-Rickshaw",truck rammed a cng-run auto-rickshaw,Bangladesh,event,road accident,2021-11-21,12:53:34,Nov,11,Partly cloudy,12,Nov,truck rammed a cngrun autorickshaw
1352,2 killed in Dhaka road crashes,2022-04-18 09:49:06,https://en.prothomalo.com/bangladesh/accident/2-killed-in-dhaka-road-crashes,jatrabari,Dhaka,1,0,Covered Van,hit by a speeding covered van,Bangladesh,event,road accident,2022-04-18,09:49:06,Apr,4,Moderate rain,9,Apr,hit by a speeding covered van
1354,Death toll in Barishal road crash rises to 11,2022-05-29 12:03:44,https://en.prothomalo.com/bangladesh/accident/death-toll-in-barishal-road-crash-rises-to-11,barishal-dhaka highway in wazirpur upazila,Barishal,11,20,Bus,driver lost control over the steering,Bangladesh,event,road accident,2022-05-29,12:03:44,May,5,Moderate rain,12,May,driver lost control over the steering
1355,Bailey bridge collapse snaps road link in Barishal,2021-09-15 13:57:42,https://en.prothomalo.com/bangladesh/local-news/bailey-bridge-collapse-snaps-road-link-in-barishal,babuganj upazila,Barishal,0,0,Truck,collapse of a bailey bridge,Bangladesh,event,road accident,2021-09-15,13:57:42,Sep,9,Light rain,13,Sep,collapse of a bailey bridge
1357,25-km tailback before Bangabandhu Bridge,2022-07-08 12:26:31,https://en.prothomalo.com/bangladesh/local-news/25-km-tailback-before-bangabandhu-bridge,bangabandhu bridge,Tangail,0,0,,road accident and heavy traffic pressure,Bangladesh,event,road accident,2022-07-08,12:26:31,Jul,7,Light rain,12,Jul,road accident and heavy traffic pressure
1359,Death toll rises to five as girder removed from car,2022-08-15 20:20:49,https://en.prothomalo.com/bangladesh/accident/vq4i69spf8,uttara,Dhaka,5,0,"Car, Brt Girder",girder collapse,Bangladesh,event,road accident,2022-08-15,20:20:49,Aug,8,Light rain,20,Aug,girder collapse
1363,"2 dead, 4 injured in Brahmanbaria road crash",2022-01-13 14:59:30,https://en.prothomalo.com/bangladesh/accident/2-dead-4-injured-in-brahmanbaria-road-crash,cumilla-sylhet highway,Brahmanbaria,2,4,"Auto-Rickshaw, Truck","collision between auto-rickshaw and truck, causing the auto-rickshaw to veer off the road and plunge into a ditch.",Bangladesh,event,road accident,2022-01-13,14:59:30,Jan,1,Light rain,14,Jan,collision between autorickshaw and truck causing the autorickshaw to veer off the road and plunge into a ditch
1364,Policeman killed in Kusthia road accident,2016-09-30 11:05:53,,shanidanga area,,1,2,"Truck, Human Hauler",truck hit a human hauler,Bangladesh,event,road accident,2016-09-30,11:05:53,Sep,9,,11,Sep,truck hit a human hauler
1367,"3 killed, 20 injured as 4 vehicles collide in Sylhet",2022-04-07 08:46:55,https://en.prothomalo.com/bangladesh/accident/3-killed-20-injured-as-4-vehicles-collide-in-sylhet,haripur bazar,Sylhet,3,20,"Motorcycle, Bus, Three-Wheelers",collision,Bangladesh,event,road accident,2022-04-07,08:46:55,Apr,4,Light rain,8,Apr,collision
1368,Sylhet road crash kills two tourists ,2021-12-17 20:31:21,,sylhet-tamabil highway at gucchagram area,Sylhet,2,0,"Truck, Motorcycle",truck hit their bike,Bangladesh,event,road accident,2021-12-17,20:31:21,Dec,12,Mainly clear,20,Dec,truck hit their bike
1369,Death toll rises to 7 in Dhaka warehouse blast,2022-08-10 12:52:55,https://en.prothomalo.com/bangladesh/accident/sdph9yz4hq,rajabari scrap godown,Dhaka,7,1,,explosion,Bangladesh,event,road accident,2022-08-10,12:52:55,Aug,8,Moderate rain,12,Aug,explosion
1374,Quader asks authorities to make Eid journey smooth,2023-04-09 22:51:08,https://en.prothomalo.com/bangladesh/dywjvvejis,dhaka,Dhaka,0,0,Various Vehicles,,Bangladesh,event,road accident,2023-04-09,22:51:08,Apr,4,Partly cloudy,22,Apr,
1376,Five wounded in gas pipeline explosion in Mohammadpur restaurant,2022-03-28 08:37:37,https://en.prothomalo.com/bangladesh/accident/five-wounded-in-gas-pipeline-explosion-in-mohammadpur-restaurant,mohammadpur shia masjid area,Dhaka,0,5,,gas pipeline explosion,Bangladesh,event,road accident,2022-03-28,08:37:37,Mar,3,Partly cloudy,8,Mar,gas pipeline explosion
1377,Prime minister denounces BNP as a terrorist party that kills people,2023-10-19 20:16:03,https://en.prothomalo.com/bangladesh/politics/j46vep85ud,"sarak bhabhan, tejgaon",,0,0,,,Bangladesh,event,road accident,2023-10-19,20:16:03,Oct,10,,20,Oct,
1379,RAB nabs driver of pick-up van that killed 5 brothers,2022-02-12 14:18:02,https://en.prothomalo.com/bangladesh/local-news/rab-nabs-driver-of-pick-up-van-that-killed-5-brothers,cox's bazar-chattogram highway in chakaria upazila,Cox's Bazar,5,4,Pick-Up Van,ploughed into a group of nine siblings,Bangladesh,event,road accident,2022-02-12,14:18:02,Feb,2,Partly cloudy,14,Feb,ploughed into a group of nine siblings
1380,5 killed as bus collides with auto-rickshaw in Gazipur,2022-07-31 09:42:56,https://en.prothomalo.com/bangladesh/accident/h2dy68gkn6,makishbathan area,Gazipur,5,0,"Bus, Auto-Rickshaw",head-on collision,Bangladesh,event,road accident,2022-07-31,09:42:56,Jul,7,Moderate rain,9,Jul,head-on collision
1382,7 killed as two buses collide head-on in Natore,2022-05-07 14:41:47,https://en.prothomalo.com/bangladesh/accident/at-least-6-killed-as-two-buses-collide-head-on-in-natore,mahishbhanga area on borpara-hatikumrul highway,Natore,7,0,Bus,head-on collision,Bangladesh,event,road accident,2022-05-07,14:41:47,May,5,Moderate rain,14,May,head-on collision
1383,Five killed in Mirsharai road accident,2016-09-24 13:42:26,https://en.prothomalo.com/bangladesh/Five-killed-in-Mirsharai-road-crash,mirsharai,Chattogram,5,0,"Covered Van, Bus",collision,Bangladesh,event,road accident,2016-09-24,13:42:26,Sep,9,Dense rain,13,Sep,collision
1387,"One killed, 7 injured in collision between bus, covered van

",2021-12-24 13:41:28,https://en.prothomalo.com/bangladesh/accident/one-killed-7-injured-in-collision-between-bus-covered-van,cumilla-noakhali regional highway in laksam upazila,Cumilla,1,7,"Bus, Covered Van",head-on collision,Bangladesh,event,road accident,2021-12-24,13:41:28,Dec,12,Clear sky,13,Dec,head-on collision
1389,2 killed in Gazipur road crash,2022-02-03 10:37:18,https://en.prothomalo.com/bangladesh/accident/2-killed-in-gazipur-road-crash,dhaka-tangail highway,Gazipur,2,0,"Minibus, Three-Wheeler",minibus hit a three-wheeler,Bangladesh,event,road accident,2022-02-03,10:37:18,Feb,2,Dense rain,10,Feb,minibus hit a threewheeler
1390,2 killed in Gazipur road crash,2022-02-03 10:37:18,https://en.prothomalo.com/bangladesh/2-killed-in-Gazipur-road-crash-5,dhaka-tangail highway,Gazipur,2,0,"Minibus, Three-Wheeler",,Bangladesh,event,road accident,2022-02-03,10:37:18,Feb,2,Dense rain,10,Feb,
1391,2 killed in Gazipur road crash,2022-02-03 10:37:18,https://en.prothomalo.com/bangladesh/2-killed-in-Gazipur-road-crash-4,dhaka-tangail highway,Gazipur,2,0,"Minibus, Three-Wheeler",minibus hit a three-wheeler,Bangladesh,event,road accident,2022-02-03,10:37:18,Feb,2,Dense rain,10,Feb,minibus hit a threewheeler
1392,2 killed in Gazipur road crash,2022-02-03 10:37:18,https://en.prothomalo.com/bangladesh/2-killed-in-Gazipur-road-crash-3,dhaka-tangail highway,Gazipur,2,0,"Minibus, Three-Wheeler",,Bangladesh,event,road accident,2022-02-03,10:37:18,Feb,2,Dense rain,10,Feb,
1393,2 killed in Gazipur road crash,2022-02-03 10:37:18,https://en.prothomalo.com/bangladesh/2-killed-in-Gazipur-road-crash,dhaka-tangail highway,Gazipur,2,0,"Minibus, Three-Wheeler",minibus hit a three-wheeler,Bangladesh,event,road accident,2022-02-03,10:37:18,Feb,2,Dense rain,10,Feb,minibus hit a threewheeler