id,title,date,article_url,place_of_accident,district,number_of_deaths,number_of_injured,vehicle_type,cause_of_accident,country,report_type,type_of_accident,accident_date,accident_time,month,month_num,condition,accident_hour,month_name,cause_of_accident_normalized
1399,9m Eid holidaymakers to leave Dhaka by road: SCRF,2023-06-14 19:03:50,https://en.prothomalo.com/bangladesh/city/j70jqotc07,"greater dhaka region including dhaka north, dhaka south, gazipur and narayanganj city corporation areas",Dhaka,0,0,"Road Vehicles, Water Transport, Railways",eid-ul-azha travel rush,Bangladesh,event,road accident,2023-06-14,19:03:50,Jun,6,Light rain,19,Jun,eidulazha travel rush
1400,"2 killed, 3 injured as truck overturns on Padma Bridge",2022-07-18 09:19:30,https://en.prothomalo.com/bangladesh/accident/g5do47n4o4,north viaduct of the padma bridge,,2,3,Truck,overturned,Bangladesh,event,road accident,2022-07-18,09:19:30,Jul,7,,9,Jul,overturned
1403,Road crash kills two youths in Brahmanbaria  ,2022-04-26 17:06:01,https://en.prothomalo.com/bangladesh/accident/road-crash-kills-two-youths-in-brahmanbaria,rajamariakandi,Brahmanbaria,2,1,Other,road accident,Bangladesh,event,road accident,2022-04-26,17:06:01,Apr,4,Light rain,17,Apr,road accident
1406,4 including Atomic Energy Commission’s scientists killed in road crash,2022-06-05 16:44:25,https://en.prothomalo.com/bangladesh/accident/4-including-atomic-energy-commissions-scientists-killed-in-road-crash,dhaka-aricha highway in savar,Dhaka,4,15,Bus,,Bangladesh,event,road accident,2022-06-05,16:44:25,Jun,6,Light rain,16,Jun,
1408,4 killed in Munshiganj road accident,2016-09-19 15:53:22,,nimtala area,Munshiganj,4,35,Bus,head-on collision,Bangladesh,event,road accident,2016-09-19,15:53:22,Sep,9,Light rain,15,Sep,head-on collision
1409,Three members of a family killed in Savar road crash,2022-03-12 19:37:06,,dhamrai,Dhaka,3,3,Private Car And Cng-Run Auto Rickshaw,collision,Bangladesh,event,road accident,2022-03-12,19:37:06,Mar,3,Partly cloudy,19,Mar,collision
1412,Two killed in road crash,2022-01-07 15:22:11,https://en.prothomalo.com/bangladesh/accident/two-killed-in-road-crash,jashore-khulna highway,Jashore,2,0,Bus,speeding,Bangladesh,event,road accident,2022-01-07,15:22:11,Jan,1,Clear sky,15,Jan,speeding
1413,Garbage truck kills Notre Dame College student  ,2021-11-24 16:08:06,https://en.prothomalo.com/bangladesh/accident/garbage-truck-kills-notre-dame-college-student,gulistan area,Dhaka,1,0,Garbage Truck,hit by garbage truck,Bangladesh,event,road accident,2021-11-24,16:08:06,Nov,11,Clear sky,16,Nov,hit by garbage truck
1414,"2 killed, ex-army chief Aziz’s son injured",2021-11-24 11:35:47,https://en.prothomalo.com/bangladesh/accident/2-killed-ex-army-chief-azizs-son-injured,mahakhali flyover,Dhaka,2,1,,,Bangladesh,event,road accident,2021-11-24,11:35:47,Nov,11,Clear sky,11,Nov,
1416,"Bodies of mother, daughter recovered, two still missing  ",2021-11-01 16:20:57,https://en.prothomalo.com/bangladesh/accident/bodies-of-mother-daughter-recovered-two-still-missing,buriganga river at hujurgat area of kamrangirchar,Dhaka,0,0,,collision with a bulkhead,Bangladesh,event,road accident,2021-11-01,16:20:57,Nov,11,Clear sky,16,Nov,collision with a bulkhead
1418,Microbus-truck collision leaves 3 children dead,2021-11-22 12:29:00,https://en.prothomalo.com/bangladesh/accident/microbus-truck-collision-leaves-3-children-dead,sunamganj-sylhet road,Sunamganj,3,8,"Microbus, Truck",collision,Bangladesh,event,road accident,2021-11-22,12:29:00,Nov,11,Light rain,12,Nov,collision
1421,Road crash kills man ‘chased’ by villagers,2022-04-12 15:38:24,https://en.prothomalo.com/bangladesh/accident/road-crash-kills-man-chased-by-villagers,atwari upazila,Panchagarh,1,0,,land dispute leading to a chase and crash,Bangladesh,event,road accident,2022-04-12,15:38:24,Apr,4,,15,Apr,land dispute leading to a chase and crash
1422,2 killed in Chapainawabganj road crash,2021-10-31 11:16:05,https://en.prothomalo.com/bangladesh/accident/2-killed-in-chapainawabganj-road-crash,rahanpur-adda road at bongpur,Nawabganj,2,0,Human Hauler,overturned,Bangladesh,event,road accident,2021-10-31,11:16:05,Oct,10,Haze,11,Oct,overturned
1427,"Tareque Masud, Mishuk Munier death: Compensation cases not resolved",2023-08-13 16:42:19,https://en.prothomalo.com/bangladesh/city/gvt0dnzmfm,,,2,0,,,Bangladesh,event,road accident,2023-08-13,16:42:19,Aug,8,,16,Aug,
1428,"2 killed, 15 injured in bus-truck collision in Magura ",2021-10-29 20:55:54,https://en.prothomalo.com/bangladesh/accident/2-killed-15-injured-in-bus-truck-collision-in-magura,magura-jhenaidah highway,Magura,2,15,"Bus, Truck",head-on collision,Bangladesh,event,road accident,2021-10-29,20:55:54,Oct,10,Partly cloudy,20,Oct,head-on collision
1430,"Lorry kills father and son, injures another son",2022-04-09 16:38:50,https://en.prothomalo.com/bangladesh/accident/lorry-kills-father-and-son-injures-another-son,"bandartila, chattogram city, in front of shah plaza",Chattogram,2,1,"Lorry, Rickshaw",a lorry ran over a rickshaw.,Bangladesh,event,road accident,2022-04-09,16:38:50,Apr,4,Light rain,16,Apr,a lorry ran over a rickshaw
1431,Commuters in capital stuck in gridlocks,2022-05-19 12:22:06,https://en.prothomalo.com/bangladesh/city/commuters-in-capital-stuck-in-gridlocks,bijoy sarani,Dhaka,0,0,"Bus, Van",head-on collision,Bangladesh,event,road accident,2022-05-19,12:22:06,May,5,Moderate rain,12,May,head-on collision
1432,Trade union possible with 20 workers,2025-08-27 15:26:56,https://en.prothomalo.com/business/local/r3npjj3u7p,dhaka,Dhaka,0,0,,,Bangladesh,event,road accident,2025-08-27,15:26:56,Aug,8,,15,Aug,
1434,"Two arrested on charge of torching, vandalising bus in Rampura",2021-12-05 08:59:35,,rampura area,Dhaka,1,0,Bus,student protests over a previous bus accident,Bangladesh,event,road accident,2021-12-05,08:59:35,Dec,12,Heavy rain,8,Dec,student protests over a previous bus accident
1436,"Father, son die as tractor rams into three-wheeler in Dinajpur
",2021-11-12 22:44:15,https://en.prothomalo.com/bangladesh/accident/father-son-die-as-tractor-rams-into-three-wheeler-in-dinajpur,gazipur union,Gazipur,2,0,"Tractor-Trolley, Easy-Bike",tractor-trolley rammed into an easy-bike,Bangladesh,event,road accident,2021-11-12,22:44:15,Nov,11,Partly cloudy,22,Nov,tractortrolley rammed into an easybike
1439,Ukhiya camp gas cylinder blast: 2 Rohingyas die at CMCH,2022-05-18 11:32:18,https://en.prothomalo.com/bangladesh/accident/ukhiya-camp-gas-cylinder-blast-2-rohingyas-die-at-cmch,ukhia camp,Cox's Bazar,2,0,Gas Cylinder,gas cylinder fire,Bangladesh,event,road accident,2022-05-18,11:32:18,May,5,Dense rain,11,May,gas cylinder fire
1441,Two killed in a road crash in Kushtia,2022-01-10 09:36:55,https://en.prothomalo.com/bangladesh/accident/two-killed-in-a-road-crash-in-kushtia,"daulatpur upazila, kushtia, near taragunia secondary school",Kushtia,2,0,"Truck, Motorcycle",speeding truck hit motorcycle from behind,Bangladesh,event,road accident,2022-01-10,09:36:55,Jan,1,Partly cloudy,9,Jan,speeding truck hit motorcycle from behind
1442,16 killed as speedboat collides with bulkhead ,2021-05-03 08:57:39,https://en.prothomalo.com/bangladesh/accident/16-killed-as-speedboat-collides-with-bulkhead,kathalbari ghat area near banglabazar ferry ghat,Madaripur,16,0,Speedboat And Sand-Laden Bulkhead,head-on collision,Bangladesh,event,road accident,2021-05-03,08:57:39,May,5,Heavy rain,8,May,head-on collision
1443,Road crash kills three in Bagerhat,2022-01-09 11:43:41,https://en.prothomalo.com/bangladesh/accident/road-crash-kills-three-in-bagerhat,shyambagat,Bagerhat,3,2,"Truck, Auto-Rickshaw",truck hitting auto-rickshaw,Bangladesh,event,road accident,2022-01-09,11:43:41,Jan,1,Mainly clear,11,Jan,truck hitting autorickshaw
1444,"Over 200 shanties gutted in Gazipur fire
",2021-11-27 11:20:22,https://en.prothomalo.com/bangladesh/accident/over-200-shanties-gutted-in-gazipur-fire,slum along the dhaka-mymensingh highway,Gazipur,0,0,,fire,Bangladesh,event,road accident,2021-11-27,11:20:22,Nov,11,Clear sky,11,Nov,fire
1445,Five including auto-rickshaw driver crushed under truck,2022-02-18 12:06:45,https://en.prothomalo.com/bangladesh/accident/five-including-auto-rickshaw-driver-crushed-under-truck,"cumilla-brahmanbaria regional highway in burichang upazila of cumilla, sindhuriapara tutbagan area of mainamati union",Cumilla,5,2,"Cng-Run Auto-Rickshaw, Drum Truck",drum truck hit the auto-rickshaw,Bangladesh,event,road accident,2022-02-18,12:06:45,Feb,2,Clear sky,12,Feb,drum truck hit the autorickshaw
1447,3 killed in autorickshaw-truck collision in Brahmanbaria,2021-12-17 12:50:19,https://en.prothomalo.com/bangladesh/accident/3-killed-in-auto-truck-collision-in-brahmanbaria,sarail upazila,Brahmanbaria,3,2,"Autorickshaw, Truck",head-on collision,Bangladesh,event,road accident,2021-12-17,12:50:19,Dec,12,Clear sky,12,Dec,head-on collision
1453,I survived for sitting in back seat: Hridoy ,2022-07-29 22:22:03,https://en.prothomalo.com/bangladesh/accident/jjvd18a2ch,chattogram medical college hospital,Chattogram,0,1,,,Bangladesh,event,road accident,2022-07-29,22:22:03,Jul,7,Light rain,22,Jul,
1459,Dope test for drivers to be made compulsory: Home minister ,2022-02-13 21:05:24,,secretariat,,0,0,Vehicle,,Bangladesh,event,road accident,2022-02-13,21:05:24,Feb,2,,21,Feb,
1465,Road crash kills five in Rangpur,2022-05-05 12:22:52,https://en.prothomalo.com/bangladesh/accident/road-crash-kills-five-in-rangpur,"dhaka-rangpur highway, near sanetala bazar",Rangpur,5,0,"Microbus, Three-Wheeler",collision between microbus and three-wheeler,Bangladesh,event,road accident,2022-05-05,12:22:52,May,5,Light rain,12,May,collision between microbus and threewheeler
1468,Four killed in road crash in Naogaon,2022-03-24 12:53:24,https://en.prothomalo.com/bangladesh/accident/four-killed-in-road-crash-in-naogaon,badalgachi-patnitala road,Naogaon,4,15,"Bus, Truck",truck driver failed to brake,Bangladesh,event,road accident,2022-03-24,12:53:24,Mar,3,Clear sky,12,Mar,truck driver failed to brake
1469,17 die as lightning strikes bridal party in Chapainawabganj,2021-08-04 13:43:44,https://en.prothomalo.com/bangladesh/accident/16-die-as-lightning-strikes-bridal-party-boat-in-chapainawabganj,telikhari ghat of padma river,Nawabganj,17,6,,lightning strike,Bangladesh,event,road accident,2021-08-04,13:43:44,Aug,8,Moderate rain,13,Aug,lightning strike
1474,‘Main perpetrator’ among 4 arrested over Rampur bus fire: RAB,2021-12-29 13:21:52,https://en.prothomalo.com/bangladesh/city/main-perpetrator-among-4-arrested-over-rampur-bus-fire-rab,rampur bridge,Dhaka,1,0,Bus,student death in a bus accident,Bangladesh,event,road accident,2021-12-29,13:21:52,Dec,12,Partly cloudy,13,Dec,student death in a bus accident
1478,"Launch capsizes in Shitalakkhya after being hit by cargo vessel, one dead ",2022-03-20 17:05:51,https://en.prothomalo.com/bangladesh/accident/launch-capsizes-in-shitalakkhya-after-being-hit-by-cargo-vessel-one-dead,shitalakkhya river,Narayanganj,1,0,"Launch, Cargo Vessel",collision between launch and cargo vessel,Bangladesh,event,road accident,2022-03-20,17:05:51,Mar,3,Not used,17,Mar,collision between launch and cargo vessel
1481,Something happened there: Home minister,2022-06-07 16:05:30,https://en.prothomalo.com/bangladesh/city/something-happened-there-home-minister,bm container depot,Chattogram,0,0,Container,inferno,Bangladesh,event,road accident,2022-06-07,16:05:30,Jun,6,Light rain,16,Jun,inferno
1482,"18 trawlers sink in Bay, 3 fishermen go missing",2022-02-05 14:11:35,https://en.prothomalo.com/bangladesh/accident/18-trawlers-sink-in-bay-3-fishermen-go-missing,dublarchar of the sundarbans and in different parts of the bay of bengal,Bagerhat,0,0,Trawler,storm,Bangladesh,event,road accident,2022-02-05,14:11:35,Feb,2,Light rain,14,Feb,storm
1483,Family shocked at son's death during irregular migration without father's knowledge,2025-02-04 19:58:39,https://en.prothomalo.com/bangladesh/vnbd7qnwrp,mediterranean sea off the libyan coast,Madaripur,23,0,,boat capsized,Bangladesh,event,road accident,2025-02-04,19:58:39,Feb,2,Lightning visible,19,Feb,boat capsized
1485,"While some find joy, many endure unbearable suffering",2024-01-03 16:41:19,https://en.prothomalo.com/opinion/op-ed/wlplulpg91,dhaka,Dhaka,0,0,,"fireworks, crackers, and sky lanterns ban violation leading to potential hazards",Bangladesh,event,road accident,2024-01-03,16:41:19,Jan,1,Clear sky,16,Jan,fireworks crackers and sky lanterns ban violation leading to potential hazards
1488,Construction worker dies from electrocution in city,2022-04-25 09:45:28,https://en.prothomalo.com/bangladesh/accident/construction-worker-dies-from-electrocution-in-city,natun bazar area,Dhaka,1,0,,electrocution,Bangladesh,event,road accident,2022-04-25,09:45:28,Apr,4,Partly cloudy,9,Apr,electrocution
1489,Two killed in separate road crashes in Chuadanga,2022-07-10 23:28:51,https://en.prothomalo.com/bangladesh/accident/two-killed-in-separate-road-crashes-in-chuadanga,zafarpur bgb camp,Chuadanga,1,0,Unidentified Vehicle,hit by a vehicle,Bangladesh,event,road accident,2022-07-10,23:28:51,Jul,7,Light rain,23,Jul,hit by a vehicle
1491,Two students die in Sherpur road crash,2022-02-02 12:38:09,https://en.prothomalo.com/bangladesh/accident/two-students-die-in-sherpur-road-crash,sherpur,Sherpur,2,13,Vehicle,plunged into a roadside ditch,Bangladesh,event,road accident,2022-02-02,12:38:09,Feb,2,Partly cloudy,12,Feb,plunged into a roadside ditch
1493,College students crushed to death under truck,2021-12-01 08:43:55,https://en.prothomalo.com/bangladesh/accident/college-students-crushed-to-death-under-truck,sherpur,Sherpur,2,0,"Freight Truck, Motorcycle",truck ran over motorcycle,Bangladesh,event,road accident,2021-12-01,08:43:55,Dec,12,Partly cloudy,8,Dec,truck ran over motorcycle
1496,Road crash kills three including journalist in Cumilla,2022-07-09 17:04:25,https://en.prothomalo.com/bangladesh/accident/road-crash-kills-three-including-journalist-in-cumilla,dhaka-chattogram highway in cumilla,Cumilla,3,0,"Bus, Motorcycle",bus ran over a motorcycle,Bangladesh,event,road accident,2022-07-09,17:04:25,Jul,7,Moderate rain,17,Jul,bus ran over a motorcycle
1497,One held over attempt to kidnap journalist in Barishal,2022-05-30 11:58:34,https://en.prothomalo.com/bangladesh/crime-and-law/one-held-over-attempt-to-kidnap-journalist-in-barishal,shitla khola area,Barishal,0,0,Rickshaw,attempt of kidnapping,Bangladesh,event,road accident,2022-05-30,11:58:34,May,5,Moderate rain,11,May,attempt of kidnapping
1501,Project to stay halted unless public safety ensured: Mayor Atiqul,2022-08-16 15:35:09,https://en.prothomalo.com/bangladesh/uky3yq1cn8,dhaka city,Dhaka,0,0,,lack of public safety measures in construction work,Bangladesh,event,road accident,2022-08-16,15:35:09,Aug,8,Moderate rain,15,Aug,lack of public safety measures in construction work
1503,2 people killed in road crash in Chattogram,2021-11-26 08:47:46,https://en.prothomalo.com/bangladesh/accident/2-people-killed-in-road-crash-in-chattogram,chattogram-khagrachari road at hathazari upazila,Chattogram,2,0,Hanif Paribahan Bus,hit by bus,Bangladesh,event,road accident,2021-11-26,08:47:46,Nov,11,Clear sky,8,Nov,hit by bus
1504,Policeman killed in Chattogram road crash  ,2021-08-11 22:29:47,https://en.prothomalo.com/bangladesh/accident/policeman-killed-in-chattogram-road-crash,sholoshohor mayorgoli area,Chattogram,1,0,,road crash,Bangladesh,event,road accident,2021-08-11,22:29:47,Aug,8,Dense rain,22,Aug,road accident
1505,Two killed in Naogaon road crash,2021-09-23 13:20:26,https://en.prothomalo.com/bangladesh/accident/two-die-in-naogaon-road-crash,naogaon-rajshahi highway near sreerampur,Naogaon,2,0,Motorbike And Pickup Van,head-on collision,Bangladesh,event,road accident,2021-09-23,13:20:26,Sep,9,Light rain,13,Sep,head-on collision
1513,Three farmers killed as truck overturns in Narsingdi,2022-06-30 12:02:47,https://en.prothomalo.com/bangladesh/accident/three-farmers-killed-as-truck-overturns-in-narshingdi,mahmudabad area of dhaka-sylhet highway in musapur union parishad,Narsingdi,3,5,Covered Van,overturned after losing control,Bangladesh,event,road accident,2022-06-30,12:02:47,Jun,6,Moderate rain,12,Jun,overturned after losing control
1525,"Traffic pressure, no traffic jams during Eid journey: Obaidul Quader",2024-06-14 17:54:18,,dhanmondi,Dhaka,0,0,"Cars, Trucks, Motorcycles","eid travel pressure, random cattle markets, party vehicles carrying sacrificial animals",Bangladesh,event,road accident,2024-06-14,17:54:18,Jun,6,Light rain,17,Jun,eid travel pressure random cattle markets party vehicles carrying sacrificial animals
1526,Hill cutting in Sylhet: How many more deaths before authorities wake up?,2024-06-13 19:02:48,,majortila chamelibag area,Sylhet,3,0,,landslide,Bangladesh,event,road accident,2024-06-13,19:02:48,Jun,6,Heavy rain,19,Jun,landslide
1529,Speeding truck kills 7 co-workers on Sylhet trip,2023-08-25 13:05:01,,ghasirdia area of the dhaka-sylhet highway in shibpur upazila,Narsingdi,7,4,"Microbus, Truck",head-on collision due to a speeding truck attempting to overtake another vehicle,Bangladesh,event,road accident,2023-08-25,13:05:01,Aug,8,Moderate rain,13,Aug,headon collision due to a speeding truck attempting to overtake another vehicle
1532,HSC candidate killed in Chattogram road crash,2021-11-30 19:05:00,https://en.prothomalo.com/bangladesh/accident/now-hsc-candidate-killed-in-chattogram-road-crash,station road area of chattogram city,Chattogram,1,0,"Truck, Motorcycle",truck hit a motorcycle,Bangladesh,event,road accident,2021-11-30,19:05:00,Nov,11,Partly cloudy,19,Nov,truck hit a motorcycle
1533,Helper of bus detained over SSC examinee's death in Rampura,2021-11-30 15:35:52,https://en.prothomalo.com/bangladesh/crime-and-law/helper-of-bus-detained-over-ssc-examinees-death-in-rampura,rampura bazaar,Dhaka,1,0,Bus,hit and run,Bangladesh,event,road accident,2021-11-30,15:35:52,Nov,11,Partly cloudy,15,Nov,hit and run
1534,"Five killed in Sylhet road crash

",2021-05-02 09:22:44,https://en.prothomalo.com/bangladesh/accident/five-killed-in-sylhet-road-crash,sylhet-tamabil highway in ferry ghat area,Sylhet,5,0,"Truck, Auto-Rickshaw",truck hitting auto-rickshaw,Bangladesh,event,road accident,2021-05-02,09:22:44,May,5,Moderate rain,9,May,truck hitting autorickshaw
1535,"Trawlers with 24 fishermen capsize in Bay, one dies",2021-09-28 19:02:48,https://en.prothomalo.com/bangladesh/accident/trawlers-with-24-fishermen-capsize-in-bay-one-dies,office kella off dublar char,Bagerhat,1,23,Trawler (Fishing),capsized due to rough weather,Bangladesh,event,road accident,2021-09-28,19:02:48,Sep,9,Moderate rain,19,Sep,capsized due to rough weather
1536,DNCC driver arrested over death of Ahsan Kabir : RAB,2021-11-27 11:26:17,https://en.prothomalo.com/bangladesh/crime-and-law/dncc-driver-arrested-over-death-of-ahsan-kabir-rab,dhaka,Dhaka,1,0,Garbage Disposal Truck,vehicle accident leading to death,Bangladesh,event,road accident,2021-11-27,11:26:17,Nov,11,Clear sky,11,Nov,vehicle accident leading to death
1540,98 injured still groaning at hospitals,2022-06-10 13:26:08,https://en.prothomalo.com/bangladesh/local-news/98-injured-still-groaning-at-hospitals,bm container depot,Chattogram,0,1,,,Bangladesh,event,road accident,2022-06-10,13:26:08,Jun,6,Dense rain,13,Jun,
1544,Locals leave depot area fearing another explosion in Sitakunda,2022-06-06 12:10:55,https://en.prothomalo.com/bangladesh/local-news/locals-leave-depot-area-fearing-another-explosion-in-sitakunda,bm container depot area,Narayanganj,0,0,Container,explosion,Bangladesh,event,road accident,2022-06-06,12:10:55,Jun,6,Moderate rain,12,Jun,explosion
1545,Schoolgirl killed after truck hit motorbike: Police,2021-11-26 18:07:31,https://en.prothomalo.com/bangladesh/accident/schoolgirl-killed-after-truck-hit-motorbike-police,mirpur upazila,Kushtia,1,0,"Truck, Motorcycle",speeding truck crushed student after she fell off a motorbike,Bangladesh,event,road accident,2021-11-26,18:07:31,Nov,11,Mainly clear,18,Nov,speeding truck crushed student after she fell off a motorbike
1547,"1 killed, 2 injured in motorcycle collision in Chuadanga",2022-01-03 10:07:39,https://en.prothomalo.com/bangladesh/accident/1-killed-2-injured-in-motorcycle-collision-in-chuadanga,karpashdanga,Chuadanga,1,2,Motorcycle,head-on collision,Bangladesh,event,road accident,2022-01-03,10:07:39,Jan,1,Partly cloudy,10,Jan,head-on collision
1548,Assistant driver arrested,2021-11-25 12:30:59,https://en.prothomalo.com/bangladesh/accident/assistant-driver-arrested,gulistan area,Dhaka,1,0,Dumpster Carrier Truck,ran over a student,Bangladesh,event,road accident,2021-11-25,12:30:59,Nov,11,Clear sky,12,Nov,ran over a student
1549,Motorcyclist killed in Dhaka,2022-01-02 08:25:34,https://en.prothomalo.com/bangladesh/city/motorcyclist-killed-in-dhaka,technical intersection of darus salam,Dhaka,1,0,"Truck, Motorcycle",hit by a truck,Bangladesh,event,road accident,2022-01-02,08:25:34,Jan,1,Partly cloudy,8,Jan,hit by a truck
1550,Road crash kills two SSC candidates,2021-11-24 12:49:21,https://en.prothomalo.com/bangladesh/accident/road-crash-kills-two-ssc-candidates,mahamaya area of chandpur sadar upazila,Chandpur,3,0,Motorcycle,hit a tree and fell into a roadside ditch,Bangladesh,event,road accident,2021-11-24,12:49:21,Nov,11,Mainly clear,12,Nov,hit a tree and fell into a roadside ditch
1555,2 children killed in Chattogram road crash,2021-10-10 15:05:34,https://en.prothomalo.com/bangladesh/accident/2-children-killed-in-chattogram-road-crash,dhaka-chittagong highway,Chattogram,2,2,Mini Truck,hit them,Bangladesh,event,road accident,2021-10-10,15:05:34,Oct,10,Light rain,15,Oct,hit them
1556,Dhaka Nagar Paribahan to be launched on 3 more routes: Taposh ,2022-02-07 20:21:22,https://en.prothomalo.com/bangladesh/city/dhaka-nagar-paribahan-to-be-launched-on-3-more-routes-taposh,"nagar bhaban, buriganga hall",Dhaka,0,0,Bus,,Bangladesh,event,road accident,2022-02-07,20:21:22,Feb,2,Partly cloudy,20,Feb,
1557,2 die in Chattogram as bikes collide,2021-05-15 10:36:37,https://en.prothomalo.com/bangladesh/accident/2-die-in-chattogram-as-bikes-collide,rangunia,Chattogram,2,0,"Motorcycle, Auto Rickshaw",collision between bikes while overtaking an auto rickshaw,Bangladesh,event,road accident,2021-05-15,10:36:37,May,5,Light rain,10,May,collision between bikes while overtaking an auto rickshaw
1559,"Truck driver, helper killed in Naogaon road crash",2021-06-25 09:00:35,https://en.prothomalo.com/bangladesh/accident/truck-driver-helper-killed-in-naogaon-road-crash,satihat panchamitala,Naogaon,2,0,Truck And Bus,head-on collision,Bangladesh,event,road accident,2021-06-25,09:00:35,Jun,6,Light rain,9,Jun,head-on collision
1561,"'If everyone goes on holiday, who will do the work?'",2024-04-12 08:16:00,,bijoy sarani intersection,Dhaka,0,0,,,Bangladesh,event,road accident,2024-04-12,08:16:00,Apr,4,Light rain,8,Apr,
1564,Chattogram couple loses three daughters in 19 days,2023-07-13 14:01:37,,budel sebok colony residence,Chattogram,3,3,,burn injuries,Bangladesh,event,road accident,2023-07-13,14:01:37,Jul,7,Dense rain,14,Jul,burn injuries
1567,"One killed, seven injured in Jhalakathi Oil tanker explosion

",2021-11-12 16:58:54,https://en.prothomalo.com/bangladesh/accident/one-killed-seven-injured-in-jhalakathi-oil-tanker-explosion,sugandha river,Jhalokati,1,7,Truck (Tanker),oil tanker explosion,Bangladesh,event,road accident,2021-11-12,16:58:54,Nov,11,Partly cloudy,16,Nov,oil tanker explosion
1570,Teen killed as bike crashes into tree,2021-12-17 11:21:05,https://en.prothomalo.com/bangladesh/accident/teen-killed-as-bike-crashes-into-tree,badarpur area on the hajiganj-kachua-gouripur road,,1,2,Motorcycle,crashed into a tree,Bangladesh,event,road accident,2021-12-17,11:21:05,Dec,12,,11,Dec,crashed into a tree
1571,Biker killed on Dhaka-Barishal highway,2021-07-28 10:05:39,https://en.prothomalo.com/bangladesh/accident/biker-killed-on-dhaka-barishal-highway,khanjapur battala area of gournadi upazila on the dhaka-barishal highway,Barishal,1,0,Motorcycle,road crash,Bangladesh,event,road accident,2021-07-28,10:05:39,Jul,7,Heavy rain,10,Jul,road accident
1574,"Five of a family, two others killed as truck hits bus in Trishal ",2021-10-16 18:01:02,https://en.prothomalo.com/bangladesh/accident/six-people-killed-as-a-truck-hits-a-stationary-bus-in-trishal,dhaka-mymensingh highway in trishal,Mymensingh,7,0,"Truck, Bus",truck hit a bus from behind,Bangladesh,event,road accident,2021-10-16,18:01:02,Oct,10,Moderate rain,18,Oct,truck hit a bus from behind
1575,Thakurgaon road crash kills 2,2021-09-05 11:34:59,https://en.prothomalo.com/bangladesh/accident/thakurgaon-road-crash-kills-2,bhulli-munshirhat bazar on thakurgaon-panchagarh road,Thakurgaon,2,1,"Truck, Motorcycle",truck hit motorbike,Bangladesh,event,road accident,2021-09-05,11:34:59,Sep,9,Moderate rain,11,Sep,truck hit motorbike
1581,Couple electrocuted to death in Khulna,2021-09-02 17:08:31,https://en.prothomalo.com/bangladesh/accident/couple-electrocuted-to-death-in-khulna,south tutpara area of khulna city,Khulna,2,0,,electrocution,Bangladesh,event,road accident,2021-09-02,17:08:31,Sep,9,Moderate rain,17,Sep,electrocution
1582,Jobseeker killed in city road crash,2021-10-12 16:02:56,https://en.prothomalo.com/bangladesh/accident/jobseeker-killed-in-city-road-crash,airport road,Kishoreganj,1,0,,,Bangladesh,event,road accident,2021-10-12,16:02:56,Oct,10,Partly cloudy,16,Oct,
1583,2 killed as bus overturns in Gazipur,2021-11-01 13:09:52,https://en.prothomalo.com/bangladesh/accident/2-killed-as-bus-overturns-in-gazipur,dhaka-mymensingh highway at membarbari,Gazipur,2,0,Bus,overturned,Bangladesh,event,road accident,2021-11-01,13:09:52,Nov,11,Clear sky,13,Nov,overturned
1584,Death toll from Rangpur road crash rises to eight,2022-09-05 13:34:58,,taraganj,Rangpur,8,50,Buses,head-on collision,Bangladesh,event,road accident,2022-09-05,13:34:58,Sep,9,Heavy rain,13,Sep,head-on collision
1586,"BIDA plans to inspect 10,000 more factories: Salman F Rahman",2023-02-02 11:42:38,,ministry of home affairs at the secretariat,Dhaka,0,0,Other (Industrial),lack of safety measures,Bangladesh,event,road accident,2023-02-02,11:42:38,Feb,2,Partly cloudy,11,Feb,lack of safety measures
1587,2 children killed in Munshiganj road crash,2022-02-24 13:13:28,https://en.prothomalo.com/bangladesh/accident/2-children-killed-in-munshiganj-road-crash,munshiganj,Munshiganj,2,0,,separate road crashes,Bangladesh,event,road accident,2022-02-24,13:13:28,Feb,2,Moderate rain,13,Feb,separate road crashes
1588,Cumilla road crash kills 3,2021-09-18 14:38:40,https://en.prothomalo.com/bangladesh/accident/cumilla-road-crash-kills-3,dhaka-chattogram highway,Cumilla,3,1,"Passenger Bus, Car",bus crashed into car,Bangladesh,event,road accident,2021-09-18,14:38:40,Sep,9,Heavy rain,14,Sep,bus crashed into car
1589,Cumilla road crash kills 3,2021-09-18 14:38:40,https://en.prothomalo.com/bangladesh/Cumilla-road-crash-kills-3,dhaka-chattogram highway in cumilla,Cumilla,3,1,"Passenger Bus, Car",bus crashed into car,Bangladesh,event,road accident,2021-09-18,14:38:40,Sep,9,Heavy rain,14,Sep,bus crashed into car