id,title,date,article_url,place_of_accident,district,number_of_deaths,number_of_injured,vehicle_type,cause_of_accident,country,report_type,type_of_accident,accident_date,accident_time,month,month_num,condition,accident_hour,month_name,cause_of_accident_normalized
1590,Students in the streets protest in the rain ,2021-12-06 16:54:24,https://en.prothomalo.com/bangladesh/city/students-in-the-streets-protest-in-the-rain,gulistan area,Dhaka,1,0,Garbage Truck,hit while crossing a road,Bangladesh,event,road accident,2021-12-06,16:54:24,Dec,12,Heavy rain,16,Dec,hit while crossing a road
1594,Five killed in head-on collision between two buses,2021-07-18 10:15:42,,dhaka-rangpur highway,Rangpur,5,0,Bus,head-on collision,Bangladesh,event,road accident,2021-07-18,10:15:42,Jul,7,Moderate rain,10,Jul,head-on collision
1595,Students takes out symbolic coffin procession at Shahbagh ,2021-12-05 18:43:59,https://en.prothomalo.com/bangladesh/students-takes-out-symbolic-coffin-procession-at-shahbagh,shahbagh,Dhaka,0,0,,,Bangladesh,event,road accident,2021-12-05,18:43:59,Dec,12,Heavy rain,18,Dec,
1597,Law enforcers being used get ruling party’s interests: Rizvi,2023-07-02 22:41:49,,naya paltan central office,Dhaka,35,0,,negligence of law enforcers,Bangladesh,event,road accident,2023-07-02,22:41:49,Jul,7,Moderate rain,22,Jul,negligence of law enforcers
1598,10 injured in Narayanganj gas cylinder blast,2022-02-20 20:23:09,https://en.prothomalo.com/bangladesh/accident/10-injured-in-narayanganj-gas-cylinder-blast,"aliganj, fotulla, narayanganj",Narayanganj,0,10,Vehicle (Type Not Specified),gas cylinder explosion following cigarette fire during vehicle repair,Bangladesh,event,road accident,2022-02-20,20:23:09,Feb,2,Light rain,20,Feb,gas cylinder explosion following cigarette fire during vehicle repair
1601,One arrested over death of Chattogram physician,2022-02-18 11:13:54,https://en.prothomalo.com/bangladesh/accident/physician-killed-in-chattogram-road-crash,chattogram city,Chattogram,1,0,"Rickshaw, Cng-Run Auto-Rickshaw",hit by a cng-run auto-rickshaw,Bangladesh,event,road accident,2022-02-18,11:13:54,Feb,2,Clear sky,11,Feb,hit by a cngrun autorickshaw
1602,BUET designs new rickshaw to run on Dhaka streets,2025-04-29 13:08:25,https://en.prothomalo.com/bangladesh/city/70f4qp2uka,dhaka,Dhaka,0,0,Rickshaw,,Bangladesh,event,road accident,2025-04-29,13:08:25,Apr,4,Moderate rain,13,Apr,
1605,Custodial death of Jesmin to have no impact on BD-US relations: Momen,2023-03-29 22:57:40,https://en.prothomalo.com/bangladesh/nhujpkrdae,rab custody,Naogaon,1,0,,custodial death,Bangladesh,event,road accident,2023-03-29,22:57:40,Mar,3,Squalls,22,Mar,custodial death
1606,4 bodies recovered after trawler capsizes in Bay,2021-01-23 19:36:29,https://en.prothomalo.com/bangladesh/accident/4-bodies-recovered-after-trawler-capsizes-in-bay,bay of bengal near st martin's island,Cox's Bazar,4,13,Fishing Trawler,capsized,Bangladesh,event,road accident,2021-01-23,19:36:29,Jan,1,Clear sky,19,Jan,unknown
1618,"Mother, daughter killed in Magura road crash ",2021-09-27 15:40:56,https://en.prothomalo.com/bangladesh/accident/mother-daughter-killed-in-magura-road-crash,magura-shalikha road at junary,Magura,2,2,Truck And A Three Wheeler,collision,Bangladesh,event,road accident,2021-09-27,15:40:56,Sep,9,Moderate rain,15,Sep,collision
1619,"Bus, auto-rickshaw collision kills 3 college students in Chandpur",2021-11-25 13:00:06,https://en.prothomalo.com/bangladesh/accident/bus-auto-collision-kills-3-college-students-in-chandpur,bishwa road area,Chandpur,3,2,"Bus, Auto-Rickshaw",head-on collision,Bangladesh,event,road accident,2021-11-25,13:00:06,Nov,11,Clear sky,13,Nov,head-on collision
1620,DSCC forms probe body over death of Notre Dame College student,2021-11-24 22:24:06,https://en.prothomalo.com/bangladesh/accident/dscc-forms-probe-body-over-death-of-notre-dame-college-student,gulistan,Dhaka,1,0,Garbage Truck,vehicle accident,Bangladesh,event,road accident,2021-11-24,22:24:06,Nov,11,Clear sky,22,Nov,vehicle accident
1622,Landslide at Rohingya camps kills six,2021-07-27 16:06:57,https://en.prothomalo.com/bangladesh/accident/six-killed-in-landslide-at-rohingya-camps-in-coxs-bazar,rohingya camps,Cox's Bazar,6,0,,landslide,Bangladesh,event,road accident,2021-07-27,16:06:57,Jul,7,Heavy rain,16,Jul,landslide
1623,Dhaka road crash kills food delivery person,2022-02-11 15:14:09,https://en.prothomalo.com/bangladesh/accident/dhaka-road-crash-kills-food-delivery-person,polashi,Lakshmipur,1,0,Mini Covered-Van,hit by a mini covered-van,Bangladesh,event,road accident,2022-02-11,15:14:09,Feb,2,Clear sky,15,Feb,hit by a mini coveredvan
1625,BNP wants dead bodies to intensify movement: Quader,2022-10-22 22:50:45,https://en.prothomalo.com/bangladesh/politics/p40wz67v8m,osmani memorial auditorium,Dhaka,0,0,,,Bangladesh,event,road accident,2022-10-22,22:50:45,Oct,10,Partly cloudy,22,Oct,
1627,Risky movement on dilapidated Jashore-Jhenaidah highway,2024-05-09 09:29:32,https://en.prothomalo.com/bangladesh/local-news/t6eztigzog,jashore-jhenaidah highway,Jhenaidah,0,0,"Heavy Vehicles, Buses","potholes, uneven road surface, melted bitumen due to heat",Bangladesh,event,road accident,2024-05-09,09:29:32,May,5,Heavy rain,9,May,potholes uneven road surface melted bitumen due to heat
1630,1 killed in Narayanganj road crash,2021-10-19 09:46:17,https://en.prothomalo.com/bangladesh/accident/1-killed-in-narayanganj-road-crash,bardi area,Narayanganj,1,0,Car,hit by a car,Bangladesh,event,road accident,2021-10-19,09:46:17,Oct,10,Moderate rain,9,Oct,hit by a car
1642,2 motorcyclists killed in Chattogram road crash,2021-06-21 12:06:26,,economic zone area,Chattogram,2,1,Motorcycle,,Bangladesh,event,road accident,2021-06-21,12:06:26,Jun,6,Moderate rain,12,Jun,
1643,"CUET protest: Transport owners, workers and BRTA must wake up",2024-04-26 14:55:32,https://en.prothomalo.com/opinion/editorial/v5l6fowe15,chattogram-kaptai road in zianagar area near chittagong university of engineering and technology (cuet),Chattogram,2,0,"Bus, Motorcycle",bus hit motorcycle,Bangladesh,event,road accident,2024-04-26,14:55:32,Apr,4,Partly cloudy,14,Apr,bus hit motorcycle accident
1649,Death toll rises to 36 in Jhalakathi launch fire,2021-12-24 11:18:20,https://en.prothomalo.com/bangladesh/accident/death-toll-rises-to-36-in-jhalakathi-launch-fire,barguna,Barguna,36,75,,fire,Bangladesh,event,road accident,2021-12-24,11:18:20,Dec,12,Clear sky,11,Dec,fire
1653,Constable on patrol at Dhaka SP residence shot dead ,2021-08-06 18:01:53,https://en.prothomalo.com/bangladesh/accident/constable-on-patrol-at-dhaka-sp-residence-shot-dead,bailey road,Dhaka,1,0,,shooting,Bangladesh,event,road accident,2021-08-06,18:01:53,Aug,8,Moderate rain,18,Aug,shooting
1654,Two buses catch fire in Dhaka   ,2021-07-25 17:28:55,https://en.prothomalo.com/bangladesh/accident/two-buses-catch-fire-in-dhaka,"gopibagh area, motijheel",Dhaka,0,0,Bus,fire,Bangladesh,event,road accident,2021-07-25,17:28:55,Jul,7,Light rain,17,Jul,fire
1655,"Five dead, two missing in Turag trawler capsize ",2021-10-09 19:06:02,https://en.prothomalo.com/bangladesh/accident/five-dead-two-missing-in-turag-trawler-capsize,river turag at amin bazar area in savar upazila,Dhaka,5,0,Trawler,capsized,Bangladesh,event,road accident,2021-10-09,19:06:02,Oct,10,Dense rain,19,Oct,unknown
1656,"Trawler capsize in Turag river: Bodies of 2 children, woman recovered",2021-10-09 14:08:25,https://en.prothomalo.com/bangladesh/city/trawler-capsize-in-turag-river-bodies-of-2-children-woman-recovered,turag river at gabtoli,Dhaka,3,0,Passenger Trawler,capsized,Bangladesh,event,road accident,2021-10-09,14:08:25,Oct,10,Dense rain,14,Oct,unknown
1658,Three different bridges to be toll free on inauguration day,2022-06-20 11:09:57,https://en.prothomalo.com/bangladesh/three-different-bridges-to-be-toll-free-on-inauguration-day,dhaka-mawa highway,Dhaka,0,0,Bus,toll collection closure due to event,Bangladesh,event,road accident,2022-06-20,11:09:57,Jun,6,Moderate rain,11,Jun,toll collection closure due to event
1663,"Four killed in collision between covered van, auto-rickshaw",2022-03-02 12:18:36,,rampura area of ​​bijoynagar section of dhaka-sylhet highway,Brahmanbaria,4,0,Covered Van And Cng-Run Auto-Rickshaw,head-on collision,Bangladesh,event,road accident,2022-03-02,12:18:36,Mar,3,Clear sky,12,Mar,head-on collision
1664,Motorcycles can’t cross 30 km/h threshold in cities,2023-02-20 19:51:58,,dhaka and highways,Dhaka,0,0,Motorcycle And Scooter,"high speed, use of sports bikes, lack of awareness",Bangladesh,policy proposal,road accident,2023-02-20,19:51:58,Feb,2,Clear sky,19,Feb,high speed use of sports bikes lack of awareness
1665,"One killed, 40 injured in road crash on Dhaka-Bogura highway",2021-12-18 12:23:30,,sherua battala area of shahbandegi union,Dhaka,1,40,Passenger Buses,collision between two passenger buses,Bangladesh,event,road accident,2021-12-18,12:23:30,Dec,12,Partly cloudy,12,Dec,collision between two passenger buses
1666,Journalist killed as UNO’s SUV runs over his bike,2022-05-09 19:49:04,,ningoin area of singra upazila,Natore,1,0,Suv And Motorbike,run over by a government vehicle,Bangladesh,event,road accident,2022-05-09,19:49:04,May,5,Dense rain,19,May,run over by a government vehicle
1667,ICU facilities: When will the health ministry wake up?,2023-04-29 13:44:01,,"feni, chattogram and dhaka",Feni,1,0,Motorcycle,head injuries from motorbike accident,Bangladesh,event,road accident,2023-04-29,13:44:01,Apr,4,Light rain,13,Apr,head injuries from motorbike accident
1672,2 police officers die as microbus overturns in Narayanganj,2022-01-18 08:38:15,https://en.prothomalo.com/bangladesh/accident/2-police-officers-die-as-microbus-overturns-in-narayanganj,sonargaon municipality,Narayanganj,2,1,Microbus,overturned and fell into a roadside pit,Bangladesh,event,road accident,2022-01-18,08:38:15,Jan,1,Partly cloudy,8,Jan,overturned and fell into a roadside pit
1673,Six family members burnt in fire in Chattogram,2021-11-02 13:18:27,https://en.prothomalo.com/bangladesh/accident/six-family-members-burnt-in-fire-in-chattogram,kattoli area,Chattogram,0,6,Building,fire,Bangladesh,event,road accident,2021-11-02,13:18:27,Nov,11,Partly cloudy,13,Nov,fire
1674,Boy electrocuted while flying kite in Brahmanbaria,2021-04-16 22:04:09,,fulbaria,Brahmanbaria,1,0,Kite,electrocution from live wire while retrieving kite,Bangladesh,event,road accident,2021-04-16,22:04:09,Apr,4,Light rain,22,Apr,electrocution from live wire while retrieving kite
1675,Five killed as car plunges into pond,2022-02-23 09:32:21,https://en.prothomalo.com/bangladesh/accident/five-killed-as-car-plunges-into-pond,east norah village,Chandpur,5,0,Car,car fell into a pond,Bangladesh,event,road accident,2022-02-23,09:32:21,Feb,2,Funnel cloud / tornado,9,Feb,car fell into a pond
1676,5 killed in Jhenidah road accident,2016-07-27 23:28:48,,katakhali,Jhenaidah,5,1,,,Bangladesh,event,road accident,2016-07-27,23:28:48,Jul,7,Light rain,23,Jul,
1677,"Dhaka's Cumilla Patti catches fire

",2021-02-21 17:03:40,https://en.prothomalo.com/bangladesh/accident/dhakas-cumilla-patti-catches-fire,cumilla patti at maniknagar area of mugda,Dhaka,0,0,Tin-Sheds,,Bangladesh,event,road accident,2021-02-21,17:03:40,Feb,2,Clear sky,17,Feb,
1682,Death toll rises to 26,2021-05-03 09:27:12,https://en.prothomalo.com/bangladesh/accident/death-toll-rises-to-25,kathalbari ghat area near banglabazar ferry ghat,Madaripur,26,1,Speedboat,head-on collision with a sand-laden bulkhead,Bangladesh,event,road accident,2021-05-03,09:27:12,May,5,Heavy rain,9,May,headon collision with a sandladen bulkhead
1683,Army person killed in Bogura road crash,2021-09-19 15:04:15,https://en.prothomalo.com/bangladesh/accident/army-person-killed-in-bogura-road-crash,shajahanpur,,1,0,Bus,hit by a bus,Bangladesh,event,road accident,2021-09-19,15:04:15,Sep,9,,15,Sep,hit by a bus
1684,Ferry sinks in Padma river with 17 trucks,2021-10-27 12:33:25,https://en.prothomalo.com/bangladesh/accident/ferry-sinks-in-padma-with-17-trucks,"paturia ghat area, padma river",Manikganj,0,0,Ro Ro Ferry,sunk partially,Bangladesh,event,road accident,2021-10-27,12:33:25,Oct,10,Mainly clear,12,Oct,sunk partially
1685,"Accused driver in custody, police complete autopsy",2022-12-03 18:14:17,https://en.prothomalo.com/bangladesh/city/j0y4gyj0pb,dhaka university campus,Dhaka,1,0,Car,driver ran over a woman and dragged her,Bangladesh,event,road accident,2022-12-03,18:14:17,Dec,12,Clear sky,18,Dec,driver ran over a woman and dragged her
1688,3 killed as bus hits bike in Barishal,2021-09-18 11:06:07,https://en.prothomalo.com/bangladesh/accident/3-killed-as-bus-hits-bike-in-barishal,shaheed abdur rab serniabat bridge,Barishal,3,0,"Bus, Bike",speeding bus hit bike,Bangladesh,event,road accident,2021-09-18,11:06:07,Sep,9,Light rain,11,Sep,speeding bus hit bike
1689,"Four of a family electrocuted, killed ",2021-09-17 22:46:45,,shilmudi village,,4,0,,electrocution,Bangladesh,event,road accident,2021-09-17,22:46:45,Sep,9,,22,Sep,electrocution
1690,"2 killed in Bogura road crash

",2021-09-17 19:38:35,,jhopgari area on the dhaka-rangpur highway,Dhaka,2,4,Bus And Autorickshaw,head-on collision between bus and autorickshaw,Bangladesh,event,road accident,2021-09-17,19:38:35,Sep,9,Light rain,19,Sep,headon collision between bus and autorickshaw
1691,Make waterways safe: GM Quader,2021-08-28 19:55:44,https://en.prothomalo.com/bangladesh/politics/make-waterways-safe-gm-quader,laiska beel,Brahmanbaria,0,0,Trawler,,Bangladesh,event,road accident,2021-08-28,19:55:44,Aug,8,Moderate rain,19,Aug,
1692,3 killed in Satkhira road crash,2021-06-30 09:04:41,https://en.prothomalo.com/bangladesh/accident/3-killed-in-satkhira-road-crash,satkhira-kaliganj road at parulia area,Satkhira,3,0,,,Bangladesh,event,road accident,2021-06-30,09:04:41,Jun,6,Moderate rain,9,Jun,
1693,"Youth killed in Naogaon road crash

",2021-05-20 08:48:05,https://en.prothomalo.com/bangladesh/accident/youth-killed-in-naogaon-road-crash,saraigachhi crossroad,Naogaon,1,0,,,Bangladesh,event,road accident,2021-05-20,08:48:05,May,5,Heavy rain,8,May,
1694,4 held over Narayanganj trawler capsize,2022-01-06 08:42:03,https://en.prothomalo.com/bangladesh/4-held-over-narayanganj-trawler-capsize,river dhaleshwari off the coast of narayanganj sadar upazila,Narayanganj,0,0,"Launch, Trawler",collision between launch and trawler,Bangladesh,event,road accident,2022-01-06,08:42:03,Jan,1,Partly cloudy,8,Jan,collision between launch and trawler
1697,"1m motorbikes in Dhaka, with more new bikes taking to the roads than in the US ",2022-04-24 21:47:59,https://en.prothomalo.com/bangladesh/city/1m-motorbikes-in-dhaka-higher-than-in-the-entire-usa,dhaka,Dhaka,0,0,Motorbikes,increase in motorbikes,Bangladesh,event,road accident,2022-04-24,21:47:59,Apr,4,Mainly clear,21,Apr,increase in motorbikes
1698,Fire breaks out at Singer Electronics’ warehouse in Savar ,2021-08-05 12:40:40,https://en.prothomalo.com/bangladesh/accident/fire-breaks-out-at-singer-electronics-warehouse-20-injured,singer electronics warehouse near rajphulbaria bus stand,Dhaka,0,0,,fire,Bangladesh,event,road accident,2021-08-05,12:40:40,Aug,8,Light rain,12,Aug,fire
1699,5 killed in road crashes in 4 districts,2022-07-04 22:23:47,https://en.prothomalo.com/bangladesh/accident/5-killed-in-road-crashes-in-4-districts,bijaynagar area of companiganj upazila,Noakhali,2,2,"Pickup Van, Auto Rickshaw",collision,Bangladesh,event,road accident,2022-07-04,22:23:47,Jul,7,Moderate rain,22,Jul,collision
1701,Four die as bus falls into ditch in Magura ,2021-09-12 19:43:49,https://en.prothomalo.com/bangladesh/accident/four-die-as-bus-falls-into-ditch-in-magura,near the dhaka-khulna highway in magura,Magura,4,0,Bus,fell into a ditch,Bangladesh,event,road accident,2021-09-12,19:43:49,Sep,9,Light rain,19,Sep,fell into a ditch
1703,Trader’s death in Gazipur: How many have to die in police custody?,2023-01-22 19:28:30,https://en.prothomalo.com/opinion/editorial/m04rsg9vqj,gazipur's bhogra bypass payarabagan area,Gazipur,1,0,,"police custody death, covered up as road accident",Bangladesh,event,road accident,2023-01-22,19:28:30,Jan,1,Clear sky,19,Jan,police custody death covered up as road accident
1705,5 killed in separate road crashes,2022-01-02 16:20:20,https://en.prothomalo.com/bangladesh/accident/5-killed-in-separate-road-crashes-3,kajirhat in muladi upazila,Barishal,3,0,Motorcycle,crashing into a roadside tree,Bangladesh,event,road accident,2022-01-02,16:20:20,Jan,1,Mist,16,Jan,crashing into a roadside tree
1706,5 killed in separate road crashes,2022-01-02 16:20:20,https://en.prothomalo.com/bangladesh/5-killed-in-separate-road-crashes,kajirhat in muladi upazila,Barishal,3,0,Motorcycle,motorbike hit a tree and overturned,Bangladesh,event,road accident,2022-01-02,16:20:20,Jan,1,Mist,16,Jan,motorbike hit a tree and overturned
1707,5 killed in separate road crashes,2022-01-02 16:20:20,https://en.prothomalo.com/bangladesh/5-killed-in-separate-road-crashes-2,kajirhat in muladi upazila,Barishal,3,0,Motorcycle,motorbike hit a tree and overturned,Bangladesh,event,road accident,2022-01-02,16:20:20,Jan,1,Mist,16,Jan,motorbike hit a tree and overturned
1708,Notre Dame College student’s death: Truck driver put on 3-day remand,2021-11-25 20:15:26,https://en.prothomalo.com/bangladesh/crime-and-law/notre-dame-college-students-death-truck-driver-put-on-3-day-remand,dhaka,Dhaka,1,0,Garbage Truck,,Bangladesh,event,road accident,2021-11-25,20:15:26,Nov,11,Clear sky,20,Nov,
1709,Truck-human hauler collision kills 5 in Sirajganj,2022-05-26 12:36:17,,goja bridge area on hatikumrul-bonpara highway,Sirajganj,5,5,Stone-Laden Truck And A Human Hauler,truck collided with a human hauler,Bangladesh,event,road accident,2022-05-26,12:36:17,May,5,Moderate rain,12,May,truck collided with a human hauler
1715,3 killed in Gaibandha road crash,2021-07-30 21:40:05,https://en.prothomalo.com/bangladesh/accident/3-killed-in-gaibandha-road-crash,palashbari area,Gaibandha,3,0,Cng Autorickshaw,,Bangladesh,event,road accident,2021-07-30,21:40:05,Jul,7,Moderate rain,21,Jul,
1716,3 killed in Gaibandha road crash,2021-07-30 21:40:05,https://en.prothomalo.com/bangladesh/3-killed-in-Gaibandha-road-crash,palashbari area,Gaibandha,3,0,Cng Autorickshaw,,Bangladesh,event,road accident,2021-07-30,21:40:05,Jul,7,Moderate rain,21,Jul,
1724,"Four killed in Cumilla road crashes
",2021-07-13 22:31:25,https://en.prothomalo.com/bangladesh/accident/four-killed-in-cumilla-road-crashes,cumilla- sylhet regional highway,Cumilla,4,0,"Auto-Rickshaw, Truck",truck hitting auto-rickshaw from behind,Bangladesh,event,road accident,2021-07-13,22:31:25,Jul,7,Light rain,22,Jul,truck hitting autorickshaw from behind
1725,"Woman loses son, daughter, son-in-law, granddaughter in road crash",2023-01-07 22:58:22,https://en.prothomalo.com/bangladesh/accident/tbr1hupq1r,dhaka-sylhet highway in noapara area,Habiganj,5,0,,,Bangladesh,event,road accident,2023-01-07,22:58:22,Jan,1,Partly cloudy,22,Jan,
1726,DSCC garbage truck kills another person,2021-12-23 17:06:10,https://en.prothomalo.com/bangladesh/city/dscc-garbage-truck-kills-another-person,tikatuli,Dhaka,1,0,Garbage Truck,hit by a garbage truck,Bangladesh,event,road accident,2021-12-23,17:06:10,Dec,12,Mainly clear,17,Dec,hit by a garbage truck
1727,Kurigram road crash leaves 3 dead,2021-09-05 17:03:57,https://en.prothomalo.com/bangladesh/accident/kurigram-road-crash-leaves-3-dead,near the kurarpar area on the north side of kurigram dharala bridge road,Kurigram,3,3,Auto-Rickshaw And A Tractor,collision,Bangladesh,event,road accident,2021-09-05,17:03:57,Sep,9,Moderate rain,17,Sep,collision
1730,"Bodies of mother, daughter recovered in Turag trawler capsize

",2021-10-11 22:44:45,https://en.prothomalo.com/bangladesh/accident/bodies-of-mother-daughter-recovered-in-turag-trawler-capsize,turag river at aminbazar point,Dhaka,2,0,Trawler,capsized,Bangladesh,event,road accident,2021-10-11,22:44:45,Oct,10,Partly cloudy,22,Oct,unknown
1731,"Teenager killed after human hauler overturns in Narail

",2021-05-14 19:49:52,https://en.prothomalo.com/bangladesh/accident/teenager-killed-after-human-hauler-overturns-in-narail,narail-kalia highway,Narail,1,3,Human Hauler,overturned,Bangladesh,event,road accident,2021-05-14,19:49:52,May,5,,19,May,overturned
1733,Ruling party men obstacle to discipline in transport sector: RSF,2023-10-21 19:24:12,https://en.prothomalo.com/bangladesh/j62bawbtmt,dhanmondi,Dhaka,0,0,Transport Sector,political interference and extortion,Bangladesh,event,road accident,2023-10-21,19:24:12,Oct,10,Clear sky,19,Oct,political interference and extortion
1734,Lightning kills 3 fishermen in Shariatpur,2021-10-10 21:27:23,https://en.prothomalo.com/bangladesh/accident/lightning-kills-3-fishermen-in-shariatpur,padma river,Shariatpur,3,0,,lightning strike,Bangladesh,event,road accident,2021-10-10,21:27:23,Oct,10,Light rain,21,Oct,lightning strike
1735,2 motorcyclists killed in Natore road crash,2021-04-24 11:03:57,https://en.prothomalo.com/bangladesh/accident/2-motorcyclists-killed-in-natore-road-crash,near old ferryghat,Natore,2,1,Truck And Motorbike,truck hit a motorbike,Bangladesh,event,road accident,2021-04-24,11:03:57,Apr,4,Funnel cloud / tornado,11,Apr,truck hit motorcycle accident
1743,Two workers killed as juice factory catches fire in Narayanganj,2021-07-08 21:43:59,,narayanganj,Narayanganj,2,0,Other (Industrial),fire,Bangladesh,event,road accident,2021-07-08,21:43:59,Jul,7,Light rain,21,Jul,fire
1744,4 injured as girder of under-construction elevated expressway collapses,2021-03-14 13:49:52,,near hazrat shahjalal international airport,Dhaka,0,4,Girder Of The Under-Construction Elevated Expressway,partial collapse of the girder,Bangladesh,event,road accident,2021-03-14,13:49:52,Mar,3,Clear sky,13,Mar,partial collapse of the girder
1746,"Dhaka road crash kills mother, injures daughter

",2021-06-19 09:33:24,,"gulshan, in front of the suvastu nazar valley shopping mall",Dhaka,1,1,Bus,bus ran over them when they were crossing a road,Bangladesh,event,road accident,2021-06-19,09:33:24,Jun,6,Moderate rain,9,Jun,bus ran over them when they were crossing a road
1747,"1 killed in road crash at city’s Nawabpur
",2021-10-08 09:02:26,,nawabpur road,Dhaka,1,1,Pick-Up Van,hit a roadside tree,Bangladesh,event,road accident,2021-10-08,09:02:26,Oct,10,Light rain,9,Oct,hit a roadside tree
1749,Case lodged against BRT contractor,2022-08-16 09:55:36,https://en.prothomalo.com/bangladesh/accident/2wdxrc8gwe,uttara,Dhaka,5,0,Car,"girder of the project
under-construction flyover fell on a private car",Bangladesh,event,road accident,2022-08-16,09:55:36,Aug,8,Moderate rain,9,Aug,"girder of the project
underconstruction flyover fell on a private car"
1750,1st JCC meeting for Dhaka road traffic safety project held,2022-03-31 17:30:13,https://en.prothomalo.com/bangladesh/1st-jcc-meeting-for-dhaka-road-traffic-safety-project-held,dhaka metropolitan area,Dhaka,0,0,,,Bangladesh,event,road accident,2022-03-31,17:30:13,Mar,3,Dense rain,17,Mar,
1753,"'Perpetrator is AL leader, that is his source of power'",2022-06-06 21:32:56,https://en.prothomalo.com/bangladesh/city/perpetrator-is-al-leader-that-is-his-source-of-power,sitakunda's bm container depot,Chattogram,0,0,Container Truck,"negligence of owners, possible violation of rules and regulations",Bangladesh,event,road accident,2022-06-06,21:32:56,Jun,6,Light rain,21,Jun,negligence of owners possible violation of rules and regulations
1754,Man killed in capital road crash,2021-07-04 14:05:09,,"padma diagnostic centre, kathalbagan area",Dhaka,1,1,Rickshaw-Van,overturned,Bangladesh,event,road accident,2021-07-04,14:05:09,Jul,7,Dense rain,14,Jul,overturned
1756,Chattogram container depot explosion: Death toll rises to 16,2022-06-05 08:56:59,https://en.prothomalo.com/bangladesh/accident/chattogram-container-depot-explosion-death-toll-rises-to-15,sitakunda container depot,Chattogram,16,150,Container,explosion,Bangladesh,event,road accident,2022-06-05,08:56:59,Jun,6,Moderate rain,8,Jun,explosion
1757,Trawler sinks in Bay: 13 Bhola fishermen go missing ,2021-12-06 21:07:45,https://en.prothomalo.com/bangladesh/local-news/trawler-sinks-in-bay-13-bhola-fishermen-go-missing,bay of bengal,Bhola,13,0,"Trawler, Fishing Ship",collision between trawler and fishing ship,Bangladesh,event,road accident,2021-12-06,21:07:45,Dec,12,Moderate rain,21,Dec,collision between trawler and fishing ship
1759,Trader killed as truck overturns in Pabna,2021-09-23 14:52:50,https://en.prothomalo.com/bangladesh/accident/trader-killed-as-truck-overturns-in-pabna,kayemkhola,Pabna,1,2,Truck,overturned,Bangladesh,event,road accident,2021-09-23,14:52:50,Sep,9,Light rain,14,Sep,overturned
1760,BCL clashes: Why are CU authorities not taking any action ,2023-09-24 09:48:38,https://en.prothomalo.com/opinion/editorial/hndbgi1qsm,chattogram university,Chattogram,0,0,,infighting between student political factions,Bangladesh,event,road accident,2023-09-24,09:48:38,Sep,9,Light rain,9,Sep,infighting between student political factions
1761,Road crash kills 3 in Gaibandha ,2021-08-21 11:51:42,https://en.prothomalo.com/bangladesh/accident/road-crash-kills-3-in-gaibandha,dhaka-rangpur highway,Gaibandha,3,0,"Bus, Bike",speeding bus hit their bike,Bangladesh,event,road accident,2021-08-21,11:51:42,Aug,8,Moderate rain,11,Aug,speeding bus hit their bike
1762,Dhaka's Cumilla Patti's fire brought under control ,2021-02-21 17:56:41,https://en.prothomalo.com/bangladesh/accident/dhakas-cumilla-pattis-fire-brought-under-control,cumilla patti at maniknagar area,Dhaka,0,0,,fire,Bangladesh,event,road accident,2021-02-21,17:56:41,Feb,2,Clear sky,17,Feb,fire
1764,4 killed in Chittagong road accident,2016-07-22 16:23:54,https://en.prothomalo.com/bangladesh/4-killed-in-Chittagong-road-accident,chittagong-cox’s bazar highway in chunti area of lohagara upazila,Chattogram,4,15,Bus,collision between two buses,Bangladesh,event,road accident,2016-07-22,16:23:54,Jul,7,Light rain,16,Jul,collision between two buses
1768,"Traffic inspector suspended, sergeant withdrawn in Fatikchhari",2022-02-10 22:48:48,https://en.prothomalo.com/bangladesh/local-news/traffic-inspector-suspended-sergeant-withdrawn-in-fatikchari,fatikchhari,,2,0,,escaping police chase,Bangladesh,event,road accident,2022-02-10,22:48:48,Feb,2,,22,Feb,escaping police chase
1769,Will workers continue to die like this?,2023-05-07 18:19:08,,rahima industrial complex limited,Narayanganj,5,0,,"lack of safety regulations and equipment, furnace explosion",Bangladesh,event,road accident,2023-05-07,18:19:08,May,5,Mainly clear,18,May,lack of safety regulations and equipment furnace explosion
1771,4 of a family burn in gas cylinder explosion,2021-04-16 15:47:54,https://en.prothomalo.com/bangladesh/accident/4-of-a-family-burn-in-gas-cylinder-explosion,kaloni village,,0,4,Gas Cylinder,gas cylinder leakage and explosion,Bangladesh,event,road accident,2021-04-16,15:47:54,Apr,4,,15,Apr,gas cylinder leakage and explosion