id,title,date,article_url,place_of_accident,district,number_of_deaths,number_of_injured,vehicle_type,cause_of_accident,country,report_type,type_of_accident,accident_date,accident_time,month,month_num,condition,accident_hour,month_name,cause_of_accident_normalized
1773,Two masons found dead in Chattogram,2021-05-24 17:21:06,https://en.prothomalo.com/bangladesh/accident/two-masons-found-dead-in-chattogram,west boroia godarpool,Chattogram,2,0,,"mystery, investigation launched",Bangladesh,event,road accident,2021-05-24,17:21:06,May,5,Moderate rain,17,May,mystery investigation launched
1774,"Imam killed in Rajshahi road crash

",2021-02-02 08:37:39,https://en.prothomalo.com/bangladesh/accident/imam-killed-in-rajshahi-road-crash,shayergacha area,Rajshahi,1,0,Bus,crushed under the wheels of a bus while crossing a road,Bangladesh,event,road accident,2021-02-02,08:37:39,Feb,2,,8,Feb,crushed under the wheels of a bus while crossing a road
1777,'I didn’t jump into the water to be praised' ,2023-06-26 09:14:02,,sandwip channel,Chattogram,0,0,Lifeboat,fell into water due to tide,Bangladesh,event,road accident,2023-06-26,09:14:02,Jun,6,Light rain,9,Jun,fell into water due to tide
1778,"Bangabandhu expressway has many safety lapses: ARI

",2023-04-16 16:57:32,,kutubpur area of madaripur’s shibchar upazila bangabandhu expressway (dhaka-bhanga highway),Madaripur,19,0,,"safety lapses, lack of competent drivers, standard road safety devices, and undisciplined traffic operating conditions",Bangladesh,event,road accident,2023-04-16,16:57:32,Apr,4,Partly cloudy,16,Apr,safety lapses lack of competent drivers standard road safety devices and undisciplined traffic operating conditions
1780,Student deaths on road: When will the govt pay heed,2023-02-06 13:12:48,,sherpur-nalitabari road in nalitabari gollarpar area,Sherpur,5,0,Battery-Operated Autorickshaw,overturned,Bangladesh,event,road accident,2023-02-06,13:12:48,Feb,2,Partly cloudy,13,Feb,overturned
1783,"Electrocution kills 3 in Kishoreganj

",2021-05-29 08:43:07,,"karsha karail union, kishoreganj sadar upazila",Kishoreganj,3,0,Bicycle,electrocution from live wire,Bangladesh,event,road accident,2021-05-29,08:43:07,May,5,Moderate rain,8,May,electrocution from live wire
1787,Another cop dies from bullet 'triggered by own gun' at RAB headquarters  ,2021-09-13 22:26:56,https://en.prothomalo.com/bangladesh/accident/another-cop-dies-from-bullet-triggered-by-own-gun-at-rab-headquarters,main entrance of rapid action battalion (rab) headquarters,Dhaka,1,0,,bullet reportedly triggered by own gun,Bangladesh,event,road accident,2021-09-13,22:26:56,Sep,9,Moderate rain,22,Sep,bullet reportedly triggered by own gun
1788,"Pabna road crash leaves 3 dead

",2021-04-19 10:36:37,https://en.prothomalo.com/bangladesh/accident/pabna-road-crash-leaves-3-dead,chargargari alhaz intersection,Pabna,3,6,Truck,driver lost control,Bangladesh,event,road accident,2021-04-19,10:36:37,Apr,4,Mainly clear,10,Apr,driver lost control
1790,Students’ demand for safe roads goes unheeded,2024-04-25 08:50:05,https://en.prothomalo.com/opinion/op-ed/2g9v2alyty,dhaka,Dhaka,2,0,,road accidents and deaths have increased further due to mismanagement and chaos on the roads.,Bangladesh,event,road accident,2024-04-25,08:50:05,Apr,4,Mainly clear,8,Apr,road accidents and deaths have increased further due to mismanagement and chaos on the roads
1791,Death toll reaches 41,2021-12-26 08:58:56,https://en.prothomalo.com/bangladesh/accident/death-toll-reaches-41,sugandha river off the coast of jhalakathi sadar upazila,Jhalokati,41,0,,fire broke out from the engine room,Bangladesh,event,road accident,2021-12-26,08:58:56,Dec,12,Clear sky,8,Dec,fire broke out from the engine room
1793,Anything can happen with MP Harunur Rashid in JS lobby: Mashiur Rahman Ranga,2022-01-28 13:41:51,https://en.prothomalo.com/bangladesh/parliament/anything-can-happen-with-mp-harunur-rashid-in-js-lobby-mashiur-rahman-ranga,jatiya sangsad (parliament),Dhaka,0,0,,political remarks,Bangladesh,event,road accident,2022-01-28,13:41:51,Jan,1,Partly cloudy,13,Jan,political remarks
1795,Savar fire yet to be doused in 5 hours,2021-08-05 16:41:54,https://en.prothomalo.com/bangladesh/local-news/savar-fire-yet-to-be-doused-in-5-hours,singer electronics warehouse near the dhaka-aricha highway in the rajphulbaria bus stand area,Dhaka,0,0,,fire,Bangladesh,event,road accident,2021-08-05,16:41:54,Aug,8,Light rain,16,Aug,fire
1797,"ASI killed in Cumilla road crash

",2021-08-03 21:21:44,https://en.prothomalo.com/bangladesh/accident/asi-killed-in-cumilla-road-crash,cumilla-sylhet highway,Cumilla,1,0,Motorcycle,collision between two motorcycles,Bangladesh,event,road accident,2021-08-03,21:21:44,Aug,8,Dense rain,21,Aug,collision between two motorcycles
1799,"Coal-laden bulkhead sinks near Mongla port, five missing",2021-11-16 13:36:44,https://en.prothomalo.com/bangladesh/local-news/coal-laden-bulkhead-sinks-near-mongla-port-five-missing,poshur river near mongla port,Bagerhat,0,0,"Bulkhead Ship, Merchant Vessel",collision between vessels,Bangladesh,event,road accident,2021-11-16,13:36:44,Nov,11,Light rain,13,Nov,collision between vessels
1802,"Boat capsizes in Mediterranean, 9 of the missing from Narsingdi",2023-08-13 13:41:38,https://en.prothomalo.com/bangladesh/5uzy56v0w6,mediterranean sea,Narsingdi,9,11,,boat capsized while crossing the mediterranean sea illegally,Bangladesh,event,road accident,2023-08-13,13:41:38,Aug,8,Heavy rain,13,Aug,boat capsized while crossing the mediterranean sea illegally
1807,Separate incidents kill four in city,2021-11-12 16:14:53,https://en.prothomalo.com/bangladesh/city/separate-incidents-kill-four-in-city,namapara area in khilkhet,Dhaka,4,0,,falling from under-construction building,Bangladesh,event,road accident,2021-11-12,16:14:53,Nov,11,Light rain,16,Nov,falling from underconstruction building
1811,2 killed in Chattogram road crash,2021-03-20 20:44:30,https://en.prothomalo.com/bangladesh/accident/2-killed-in-chattogram-road-crash-4,satkania,Chattogram,2,0,Motorbike And Microbus,crash,Bangladesh,event,road accident,2021-03-20,20:44:30,Mar,3,Partly cloudy,20,Mar,crash
1812,2 killed in Chattogram road crash,2021-03-20 20:44:30,https://en.prothomalo.com/bangladesh/accident/2-killed-in-chattogram-road-crash-2,satkania on chattogram-cox's bazar highway,Chattogram,2,0,Motorbike And Microbus,,Bangladesh,event,road accident,2021-03-20,20:44:30,Mar,3,Partly cloudy,20,Mar,
1813,2 killed in Chattogram road crash,2021-03-20 20:44:30,https://en.prothomalo.com/bangladesh/2-killed-in-Chattogram-road-crash-2,satkania,Chattogram,2,0,"Motorbike, Microbus",collision,Bangladesh,event,road accident,2021-03-20,20:44:30,Mar,3,Partly cloudy,20,Mar,collision
1814,"Teen killed in Gazipur road crash

",2021-06-03 15:35:04,https://en.prothomalo.com/bangladesh/accident/teen-killed-in-gazipur-road-crash,dhaka-mymensingh highway,Gazipur,1,2,"Pickup Van, Truck",crash between pickup van and truck,Bangladesh,event,road accident,2021-06-03,15:35:04,Jun,6,Light rain,15,Jun,crash between pickup van and truck
1815,Freight vehicle catches fire on ferry,2021-04-08 12:27:11,https://en.prothomalo.com/bangladesh/accident/freight-vehicle-catches-fire-on-ferry,meghna river on the bhola-lakshmipur water route,Bhola,0,0,"Freight Vehicle, Ferry",fire,Bangladesh,event,road accident,2021-04-08,12:27:11,Apr,4,Rain showers (slight),12,Apr,fire
1818,DU employee dies in road crash,2022-03-20 18:32:29,https://en.prothomalo.com/bangladesh/accident/du-employee-dies-in-road-crash,chanderchar area,Madaripur,1,0,Human Hauler (Nasiman),hit by a bamboo-laden vehicle,Bangladesh,event,road accident,2022-03-20,18:32:29,Mar,3,Clear sky,18,Mar,hit by a bambooladen vehicle
1820,3 reasons behind insufferable traffic jam  in Dhaka during rain,2023-10-07 15:12:05,https://en.prothomalo.com/bangladesh/city/740hvx98xg,dhaka,Dhaka,0,0,Public Transport,waterlogging and ditches on the road due to unplanned drainage system,Bangladesh,event,road accident,2023-10-07,15:12:05,Oct,10,Heavy rain,15,Oct,waterlogging and ditches on the road due to unplanned drainage system
1821,"Truck, auto-rickshaw collision kills 6 in Bagerhat",2021-07-23 11:24:05,https://en.prothomalo.com/bangladesh/accident/truck-auto-rickshaw-collision-kills-6-in-bagerhat,bagerhat-mawa highway in bailtali area,Bagerhat,6,1,"Truck, Auto-Rickshaw",head-on collision,Bangladesh,event,road accident,2021-07-23,11:24:05,Jul,7,Moderate rain,11,Jul,head-on collision
1822,Chattogram road crash kills 3  ,2021-02-05 14:30:57,https://en.prothomalo.com/bangladesh/accident/chattogram-road-crash-kills-3,"bakolia, chattogram city",Chattogram,3,5,"Truck, Cng-Run Auto-Rickshaw",head-on collision,Bangladesh,event,road accident,2021-02-05,14:30:57,Feb,2,Clear sky,14,Feb,head-on collision
1826,Road crash leaves three dead in Sylhet,2021-05-03 17:46:42,https://en.prothomalo.com/bangladesh/accident/road-crash-leaves-three-dead-in-sylhet,darbast bazar in jaintapur upazila on sylhet-tamabil highway,Sylhet,3,0,Truck,driver lost control of the vehicle,Bangladesh,event,road accident,2021-05-03,17:46:42,May,5,Moderate rain,17,May,driver lost control of the vehicle
1827,Chattogram road crash kills 2,2021-03-24 15:58:32,https://en.prothomalo.com/bangladesh/accident/chattogram-road-crash-kills-2,bibirhat bazar,Chattogram,2,2,"Cng-Run Auto-Rickshaw, Truck, Human Hauler",collision,Bangladesh,event,road accident,2021-03-24,15:58:32,Mar,3,Clear sky,15,Mar,collision
1828,Boy goes missing after falling into Ctg drain,2021-12-07 21:31:10,https://en.prothomalo.com/bangladesh/accident/boy-goes-missing-after-falling-into-ctg-drain,sholoshahar,Chattogram,0,1,,falling into a roadside drain,Bangladesh,event,road accident,2021-12-07,21:31:10,Dec,12,Moderate rain,21,Dec,falling into a roadside drain
1829,Truck runs over two in Dhaka ,2021-07-16 11:58:27,https://en.prothomalo.com/bangladesh/accident/truck-runs-over-two-in-dhaka,gulistan,Dhaka,2,0,Truck,truck ran over pedestrians,Bangladesh,event,road accident,2021-07-16,11:58:27,Jul,7,Light rain,11,Jul,truck ran over pedestrians
1830,Titas doesn’t want to take responsibility of blasts from leakages,2023-09-30 09:27:05,,araihazar upazila,Narayanganj,0,0,Gas Pipeline,accumulated gas from pipeline leakage,Bangladesh,event,road accident,2023-09-30,09:27:05,Sep,9,Moderate rain,9,Sep,accumulated gas from pipeline leakage
1832,What did the monitoring authority do,2023-03-06 20:03:30,https://en.prothomalo.com/opinion/editorial/wnx4ph9qjs,seema oxygen plant by the dhaka-chittagong highway in kadamrasul area,Chattogram,6,25,,gas explosion,Bangladesh,event,road accident,2023-03-06,20:03:30,Mar,3,Clear sky,20,Mar,gas explosion
1834,2 killed as truck hits CNG-run auto-rickshaw,2021-06-12 10:23:01,https://en.prothomalo.com/bangladesh/accident/2-killed-as-truck-hits-cng-run-auto-rickshaw,netrokona-mohanganj road,Netrakona,2,2,"Truck, Auto-Rickshaw",truck hit auto-rickshaw,Bangladesh,event,road accident,2021-06-12,10:23:01,Jun,6,,10,Jun,truck hit autorickshaw
1837,3 killed in Mymensingh road accident,2016-06-24 10:48:24,https://en.prothomalo.com/bangladesh/3-killed-in-Mymensingh-road-accident,kuripara,Mymensingh,3,4,Truck And Cng-Run Auto Rickshaw,head-on collision,Bangladesh,event,road accident,2016-06-24,10:48:24,Jun,6,Moderate rain,10,Jun,head-on collision
1838,3 killed in Mymensingh road accident,2016-06-24 10:48:24,https://en.prothomalo.com/bangladesh/3-killed-as-truck-hits-auto-rickshaw-in-M’singh,kuripara,Mymensingh,3,4,Truck And Cng-Run Auto Rickshaw,head-on collision,Bangladesh,event,road accident,2016-06-24,10:48:24,Jun,6,Moderate rain,10,Jun,head-on collision
1852,Policeman apologises to demonstrating students at Farmgate,2021-11-25 19:42:00,https://en.prothomalo.com/bangladesh/city/policeman-apologises-to-demonstrating-students-at-farmgate,farmgate intersection,Dhaka,0,0,Car,protest and road blockage,Bangladesh,event,road accident,2021-11-25,19:42:00,Nov,11,Clear sky,19,Nov,protest and road blockage
1853,"Father, daughter killed in Pabna road crash

",2021-04-02 14:39:31,https://en.prothomalo.com/bangladesh/accident/father-daughter-killed-in-pabna-road-crash,taribaria bazar area of pabna sadar upazila,Pabna,2,1,Bike And Truck,truck hit their bike,Bangladesh,event,road accident,2021-04-02,14:39:31,Apr,4,Precipitation within sight,14,Apr,truck hit their bike
1855,"Man killed in Rangamati road crash

",2021-02-02 08:43:18,https://en.prothomalo.com/bangladesh/accident/man-killed-in-rangamati-road-crash,rangamati sadar,Rangamati,1,0,"Motorcycle, Jeep",head-on collision,Bangladesh,event,road accident,2021-02-02,08:43:18,Feb,2,,8,Feb,head-on collision
1856,Death toll climbs to 44 in launch inferno ,2021-12-28 15:44:05,https://en.prothomalo.com/bangladesh/accident/death-toll-climbs-to-44-in-launch-inferno,sugandha river adjacent to jhalakathi launch terminal,Jhalokati,44,0,,deadly launch fire,Bangladesh,event,road accident,2021-12-28,15:44:05,Dec,12,Partly cloudy,15,Dec,deadly launch fire
1859,"Killer Bus was unfit, without route permit",2022-06-06 20:38:05,https://en.prothomalo.com/bangladesh/accident/killer-bus-was-unfit-without-route-permit,dhaka-aricha highway,Dhaka,4,20,Bus,"operating without route permit, fitness certificate and paying taxes",Bangladesh,event,road accident,2022-06-06,20:38:05,Jun,6,Moderate rain,20,Jun,operating without route permit fitness certificate and paying taxes
1861,Maisha’s death: NSU students stage demo,2022-04-02 19:34:46,https://en.prothomalo.com/bangladesh/accident/maishas-death-nsu-students-stage-demo,khilkhet flyover,Dhaka,1,0,Covered Van,crushed to death by a covered van,Bangladesh,event,road accident,2022-04-02,19:34:46,Apr,4,Light rain,19,Apr,crushed to death by a covered van
1863,"1,100 children killed on roads in 2023: Road Safety Foundation",2024-01-27 10:57:14,https://en.prothomalo.com/bangladesh/accident/fb1tip4hiv,tarakandi village,,1,0,Three-Wheeler,run over by a paddy-laden three-wheeler while playing,Bangladesh,event,road accident,2024-01-27,10:57:14,Jan,1,,10,Jan,run over by a paddyladen threewheeler while playing
1870,2 killed in Sitakunda road crashes,2021-06-28 09:00:21,https://en.prothomalo.com/bangladesh/accident/2-killed-in-sitakunda-road-crashes-2,sitakunda,Chattogram,2,0,Motorcycle,separate road accidents,Bangladesh,event,road accident,2021-06-28,09:00:21,Jun,6,Light rain,9,Jun,separate road accidents
1871,Road crash claims two lives in Brahmanbaria ,2021-05-21 19:00:26,,dhaka-sylhet highway in budhanti union of bijoynagar upazila,Brahmanbaria,2,3,Microbus And Pickup Van,head-on collision,Bangladesh,event,road accident,2021-05-21,19:00:26,May,5,Light rain,19,May,head-on collision
1872,Garbage truck kills city cleaner in Dhaka,2022-01-23 14:42:07,https://en.prothomalo.com/bangladesh/accident/garbage-truck-kills-city-cleaner-in-dhaka,mohakhali,Dhaka,1,0,Refuse Collection Vehicle (Rcv),ran over,Bangladesh,event,road accident,2022-01-23,14:42:07,Jan,1,Light rain,14,Jan,ran over
1873,Two Ansar men killed in Jashore road crash,2021-06-25 22:01:00,,abhaynagar upazila,Jashore,2,0,"Truck, Motorcycle",motorcycle hit a stationed truck,Bangladesh,event,road accident,2021-06-25,22:01:00,Jun,6,Light rain,22,Jun,motorcycle hit a stationed truck
1876,3 killed in Jhenaidah road crash,2021-04-28 20:49:43,,jhenaidah-kushtia highway,Jhenaidah,3,4,,,Bangladesh,event,road accident,2021-04-28,20:49:43,Apr,4,Patches of fog,20,Apr,
1878,"Mother, daughter killed in road accident",2016-06-15 22:20:02,https://en.prothomalo.com/bangladesh/Mother-daughter-killed-in-road-accident-2,kanchpur crossing,Narayanganj,2,0,Tank Lorry,ran over them,Bangladesh,event,road accident,2016-06-15,22:20:02,Jun,6,Moderate rain,22,Jun,ran over them
1879,"Mother, daughter killed in road accident",2016-06-15 22:20:02,https://en.prothomalo.com/bangladesh/Mother-daughter-killed-in-road-accident,kanchpur crossing,Narsingdi,2,0,Tank Lorry,ran over,Bangladesh,event,road accident,2016-06-15,22:20:02,Jun,6,Light rain,22,Jun,ran over
1883,3 die as truck hits bike in Brahmanbaria,2021-02-19 16:03:09,,paniarup area of kashba upazila,Brahmanbaria,3,0,Truck And Bike,speeding truck hit the bike,Bangladesh,event,road accident,2021-02-19,16:03:09,Feb,2,Partly cloudy,16,Feb,speeding truck hit the bike
1886,Gutsy woman in Uttara and the government's Operation Devil Hunt,2025-02-20 16:18:43,,uttara,Dhaka,0,2,"Motorbike, Rickshaw","motorbike ramming into a rickshaw, followed by assault",Bangladesh,event,road accident,2025-02-20,16:18:43,Feb,2,Partly cloudy,16,Feb,motorbike ramming into a rickshaw followed by assault
1890,"PM Hasina opens underpass near Ramiz Uddin College, 3 other projects",2022-01-12 12:21:27,https://en.prothomalo.com/bangladesh/government/pm-hasina-opens-underpass-near-ramiz-uddin-college-3-other-projects,dhaka airport road,Dhaka,0,0,,,Bangladesh,event,road accident,2022-01-12,12:21:27,Jan,1,Moderate rain,12,Jan,
1893,Driver Raju was carrying 13.5 tons on 7-ton truck,2022-07-19 18:42:31,https://en.prothomalo.com/bangladesh/crime-and-law/k5nzfxk2st,trishal,Mymensingh,3,0,Truck,overloaded truck lost balance and drove into pedestrians,Bangladesh,event,road accident,2022-07-19,18:42:31,Jul,7,Moderate rain,18,Jul,overloaded truck lost balance and drove into pedestrians
1895,Two workers die from electrocution in Dhaka ,2021-07-26 21:29:47,https://en.prothomalo.com/bangladesh/accident/two-workers-die-from-electrocution-in-dhaka,munshikhola kutubpur area,Dhaka,1,0,Factory Motor,electrocution,Bangladesh,event,road accident,2021-07-26,21:29:47,Jul,7,Light rain,21,Jul,electrocution
1898,Padma Bridge loan repayment starts with Tk 3.17b given to govt,2023-04-05 19:40:36,https://en.prothomalo.com/bangladesh/xob1nb1jx7,ganabhaban,Dhaka,0,0,,,Bangladesh,event,road accident,2023-04-05,19:40:36,Apr,4,Light rain,19,Apr,
1902,6 killed as truck hits stationed bus in Tangail,2020-12-04 10:12:15,https://en.prothomalo.com/bangladesh/accident/6-killed-as-truck-hits-stationed-bus-in-tangail,dhaka-tangail highway in mirzapur,Tangail,6,0,Truck And Bus,truck hit a stationed bus from behind,Bangladesh,event,road accident,2020-12-04,10:12:15,Dec,12,Mainly clear,10,Dec,truck hit a stationed bus from behind
1903,Three die as baily bridge collapses in Rangamati,2021-01-12 11:03:35,https://en.prothomalo.com/bangladesh/accident/three-die-as-baily-bridge-collapses-in-rangamati,naniarchar and sadar upazila,Rangamati,3,0,Truck,baily bridge collapsed,Bangladesh,event,road accident,2021-01-12,11:03:35,Jan,1,,11,Jan,baily bridge collapsed
1904,Four killed in separate road crashes in Dinajpur and Magura,2022-05-16 14:56:51,https://en.prothomalo.com/bangladesh/accident/three-killed-in-dinajpur-road-crash,mangalpur area,Dinajpur,3,0,"Truck, Motorcycle",truck hit motorbike,Bangladesh,event,road accident,2022-05-16,14:56:51,May,5,Light rain,14,May,truck hit motorbike
1907,Two electrocuted on waterlogged Dhaka road,2021-06-01 22:20:03,https://en.prothomalo.com/bangladesh/accident/two-electrocuted-on-waterlogged-dhaka-road,road no-21 of uttara sector-10,Dhaka,2,0,,electrocution due to waterlogging,Bangladesh,event,road accident,2021-06-01,22:20:03,Jun,6,Moderate rain,22,Jun,electrocution due to waterlogging
1908,3 children killed under mud pile,2021-03-20 11:15:40,https://en.prothomalo.com/bangladesh/local-news/3-children-killed-under-mud-pile,kishamat village,Gaibandha,3,0,,collapse of piled soil,Bangladesh,event,road accident,2021-03-20,11:15:40,Mar,3,Partly cloudy,11,Mar,collapse of piled soil
1910,"Rajshahi road crash leaves 2 dead

",2021-04-05 12:20:55,https://en.prothomalo.com/bangladesh/accident/rajshahi-road-crash-leaves-2-dead,rajshahi-dhaka highway at jewpara borosenbagh,Rajshahi,2,0,"Truck, Van",truck hit a van,Bangladesh,event,road accident,2021-04-05,12:20:55,Apr,4,,12,Apr,truck hit a van
1915,"Bus-truck collision leaves one dead, 7 injured in Sylhet

",2021-03-16 15:22:00,https://en.prothomalo.com/bangladesh/accident/bus-truck-collision-leaves-one-dead-7-injured-in-sylhet,osmaninagar upazila,Sylhet,1,7,"Bus, Truck",collision between a bus and a truck,Bangladesh,event,road accident,2021-03-16,15:22:00,Mar,3,Clear sky,15,Mar,collision between a bus and a truck
1921,"Explosion at Siddique Bazar: Factory, market, residence everything unsafe",2023-03-09 16:44:58,https://en.prothomalo.com/opinion/editorial/nb3sz0zwb0,siddique bazar near gulistan,Dhaka,21,100,,explosion at a building,Bangladesh,event,road accident,2023-03-09,16:44:58,Mar,3,Partly cloudy,16,Mar,explosion at a building
1930,ASI killed in Bhola road crash,2021-05-02 20:39:28,,kunjerhat area,Bhola,1,0,Motorcycle,investigation of a complaint,Bangladesh,event,road accident,2021-05-02,20:39:28,May,5,Light rain,20,May,investigation of a complaint
1933,"Three killed in Faridpur road crash

",2021-01-20 15:07:35,https://en.prothomalo.com/bangladesh/accident/three-killed-in-faridpur-road-crash,dhaka-khulna highway in bhanga upazila,Faridpur,3,25,Bus,lost control and overturned,Bangladesh,event,road accident,2021-01-20,15:07:35,Jan,1,Light rain,15,Jan,lost control and overturned
1935,No one kept scissors inside Monira's stomach during surgery: report ,2021-12-21 16:19:51,https://en.prothomalo.com/bangladesh/local-news/no-one-kept-scissors-inside-moniras-stomach-during-surgery-report,bangabandhu sheikh mujib medical college and hospital,Faridpur,0,0,,medical negligence,Bangladesh,event,road accident,2021-12-21,16:19:51,Dec,12,rain,16,Dec,medical negligence
1936,Child killed in Satkhira road crash,2021-05-10 10:17:34,https://en.prothomalo.com/bangladesh/accident/child-killed-in-satkhira-road-crash,"joliler mor area, burigoalini union",Satkhira,1,0,Motor Run Van,hit by motor run van while playing,Bangladesh,event,road accident,2021-05-10,10:17:34,May,5,Light rain,10,May,hit by motor run van while playing
1937,Road crash kills three in Bhola,2021-05-27 22:07:15,https://en.prothomalo.com/bangladesh/accident/road-crash-kills-three-in-bhola,ginger haat area on the bhola-charfashion road,Bhola,3,5,Passenger Bus And Auto-Rickshaw,head-on collision,Bangladesh,event,road accident,2021-05-27,22:07:15,May,5,Moderate rain,22,May,head-on collision
1938,"Bus races, where lives are lost",2024-10-13 16:47:59,https://en.prothomalo.com/opinion/op-ed/5l1t0dtpg7,pragati sarani,Dhaka,1,1,Public Bus,recklessness and racing between buses,Bangladesh,event,road accident,2024-10-13,16:47:59,Oct,10,Clear sky,16,Oct,recklessness and racing between buses
1940,"Extra caution required on roads,  waterways",2023-06-25 15:33:49,https://en.prothomalo.com/opinion/editorial/2je52nw4sq,"dhaka, narayanganj, gazipur, chattogram",Dhaka,0,0,,increased travel during eid,Bangladesh,event,road accident,2023-06-25,15:33:49,Jun,6,Light rain,15,Jun,increased travel during eid
1942,Ten people put on remand,2022-08-19 21:46:31,https://en.prothomalo.com/bangladesh/city/b5q3qhlc5f,"uttara, dhaka",Dhaka,5,0,"Private Car, Girder",girder of brt project fell on a private car,Bangladesh,event,road accident,2022-08-19,21:46:31,Aug,8,Moderate rain,21,Aug,girder of brt project fell on a private car
1952,Three injured after being hit by girder of under-construction bridge,2021-06-26 15:49:12,https://en.prothomalo.com/bangladesh/local-news/three-injured-after-being-hit-by-girder-of-under-construction-bridge,patiya upazila over the sikalbaha canal,Chattogram,0,3,Girder Of An Under-Construction Bridge,girder falling,Bangladesh,event,road accident,2021-06-26,15:49:12,Jun,6,Moderate rain,15,Jun,girder falling
1955,"2 killed, 10 injured in Satkhira road crash",2021-04-17 18:55:05,,subhashini area of tala upazila,Satkhira,2,10,Pick-Up Van,head-on collision,Bangladesh,event,road accident,2021-04-17,18:55:05,Apr,4,Light rain,18,Apr,head-on collision
1956,"Owners ignore regulations, RAJUK is an infirm institution",2024-03-03 13:48:17,https://en.prothomalo.com/opinion/interview/3zl8ryqdqt,bailey road,Dhaka,46,0,Building,fire,Bangladesh,event,road accident,2024-03-03,13:48:17,Mar,3,Partly cloudy,13,Mar,fire
1959,Two die as tractor overturns in Panchagarh,2021-03-12 14:03:20,,kamlapur area,Panchagarh,2,1,Tractor,overturned,Bangladesh,event,road accident,2021-03-12,14:03:20,Mar,3,,14,Mar,overturned
1962,Ferry master arrested for colliding with Padma bridge pillar ,2021-07-24 17:03:27,https://en.prothomalo.com/bangladesh/accident/ferry-master-arrested-for-colliding-with-padma-bridge-pillar,padma bridge,Madaripur,0,0,Ro-Ro Ferry,collision with a pillar of the under-construction padma bridge,Bangladesh,event,road accident,2021-07-24,17:03:27,Jul,7,Heavy rain,17,Jul,collision with a pillar of the underconstruction padma bridge
1963,Buses torched in Rampura after SSC examinee run over,2021-11-30 10:03:45,https://en.prothomalo.com/bangladesh/accident/buses-torched-in-rampura-after-ssc-examinee-run-over,rampura bazar area near better life hospital,Dhaka,1,0,Bus,run over,Bangladesh,event,road accident,2021-11-30,10:03:45,Nov,11,Partly cloudy,10,Nov,run over
1964,"3 luxury launches fined Tk 85,000 in Barishal",2021-12-31 09:34:23,https://en.prothomalo.com/bangladesh/3-luxury-launches-fined-tk-85000-in-barishal,barishal river port,Barishal,0,0,,failure to have required safety equipment in engine rooms and not following rules for safe journey,Bangladesh,event,road accident,2021-12-31,09:34:23,Dec,12,Clear sky,9,Dec,failure to have required safety equipment in engine rooms and not following rules for safe journey
1967,"3 dead in Chapainawabganj road crash

",2021-05-15 14:36:41,https://en.prothomalo.com/bangladesh/accident/3-dead-in-chapainawabganj-road-crash,dhansuramor,Nawabganj,3,7,Truck And Electric Rickshaw,head-on collision,Bangladesh,event,road accident,2021-05-15,14:36:41,May,5,Dust in suspension,14,May,head-on collision
1968,"1 killed in Sylhet road crash

",2021-04-28 08:22:53,,sylhet-zakiganj road in chowghari area,Sylhet,1,0,"Truck, Auto-Rickshaw",collision between truck and auto-rickshaw,Bangladesh,event,road accident,2021-04-28,08:22:53,Apr,4,Light rain,8,Apr,collision between truck and autorickshaw
1971,"‘Enforcement of law, awareness needed to ensure motorbike riders wear standard helmets’",2023-05-21 20:19:06,https://en.prothomalo.com/bangladesh/c4j0a91glh,dhaka city,Dhaka,0,0,Motorcycle,use of substandard helmets,Bangladesh,event,road accident,2023-05-21,20:19:06,May,5,Heavy rain,20,May,use of substandard helmets
1972,Notre Dame College student’s death: DSCC driver arrested,2021-11-26 18:45:50,https://en.prothomalo.com/bangladesh/crime-and-law/notre-dame-college-students-death-dscc-driver-arrested,"jatrabari area, dhaka",Dhaka,1,0,Garbage Truck,"not specified, but related to the death of a student",Bangladesh,event,road accident,2021-11-26,18:45:50,Nov,11,Clear sky,18,Nov,not specified but related to the death of a student
1981,Sirajganj road crash kills 3 auto-rickshaw passengers,2021-03-19 12:51:17,https://en.prothomalo.com/bangladesh/accident/sirajganj-road-crash-kills-3-auto-rickshaw-passengers,bogura-nagarbari road in dwariapur area,Sirajganj,3,0,"Truck, Auto-Rickshaw",truck hit the cng-run auto-rickshaw,Bangladesh,event,road accident,2021-03-19,12:51:17,Mar,3,Partly cloudy,12,Mar,truck hit the cngrun autorickshaw