id,title,date,article_url,place_of_accident,district,number_of_deaths,number_of_injured,vehicle_type,cause_of_accident,country,report_type,type_of_accident,accident_date,accident_time,month,month_num,condition,accident_hour,month_name,cause_of_accident_normalized
1983,Fraudulence to get July Foundation donation,2025-03-12 21:52:08,,keraniganj,Dhaka,0,2,,forgery of medical documents for government donation,Bangladesh,event,road accident,2025-03-12,21:52:08,Mar,3,Clear sky,21,Mar,forgery of medical documents for government donation
1985,"Driver detained, 8 deceased identified",2021-05-03 17:14:32,,kathalbari ghat,Madaripur,26,1,Speedboat And Bulk Carrier,collision between speedboat and bulk carrier,Bangladesh,event,road accident,2021-05-03,17:14:32,May,5,Heavy rain,17,May,collision between speedboat and bulk carrier
1986,Teenager killed by fellow teen workers for alleged theft,2021-10-19 10:14:18,https://en.prothomalo.com/bangladesh/crime-and-law/teenager-killed-by-fellow-teen-workers-for-alleged-theft,savar,Dhaka,1,0,Bus,assaulted by fellow workers,Bangladesh,event,road accident,2021-10-19,10:14:18,Oct,10,Moderate rain,10,Oct,assaulted by fellow workers
1988,Lightning causes 3 deaths in Dhaka,2021-06-05 19:53:30,,malibagh,Dhaka,3,0,,,Bangladesh,event,road accident,2021-06-05,19:53:30,Jun,6,Heavy rain,19,Jun,
1993,Death toll in Shitalakkhya launch capsize rises to six,2022-03-20 22:59:44,https://en.prothomalo.com/bangladesh/accident/death-toll-in-shitalakkhya-launch-capsize-rises-to-six,shitalakkhya river,Narayanganj,6,0,Launch And Cargo Vessel,collision between launch and cargo vessel,Bangladesh,event,road accident,2022-03-20,22:59:44,Mar,3,Not used,22,Mar,collision between launch and cargo vessel
1994,Three killed in Faridpur road crash,2021-03-04 09:28:17,https://en.prothomalo.com/bangladesh/accident/three-killed-in-faridpur-road-crash-2,dhaka-khulna highway at kalai intersection of bhanga upazila,Faridpur,3,1,"Bus, Microbus",bus hit a microbus,Bangladesh,event,road accident,2021-03-04,09:28:17,Mar,3,Clear sky,9,Mar,bus hit a microbus
2000,"Dense fog disrupts ferry services on Paturia-Daulatdia route

",2021-01-22 10:53:57,,paturia-daulatdia route,Manikganj,0,0,,poor visibility,Bangladesh,event,road accident,2021-01-22,10:53:57,Jan,1,Clear sky,10,Jan,poor visibility
2003,"Man killed in city road crash

",2021-02-08 22:47:12,,airport area of dhaka-mymensingh highway,Dhaka,1,1,Motorcycle,lost control over motorcycle,Bangladesh,event,road accident,2021-02-08,22:47:12,Feb,2,Clear sky,22,Feb,lost control over motorcycle
2007,Students take to the streets again in Rampura,2021-12-03 13:56:03,https://en.prothomalo.com/bangladesh/city/students-take-to-the-streets-against-in-rampura,rampura bridge,Dhaka,0,0,,road safety protest,Bangladesh,event,road accident,2021-12-03,13:56:03,Dec,12,Partly cloudy,13,Dec,road safety protest
2009,Two polling officers die in Thakurgaon road accident,2016-05-28 11:55:07,https://en.prothomalo.com/bangladesh/Two-polling-officers-die-in-Thakurgaon-road,thakurgaon sadar upazila,Thakurgaon,2,0,"Bus, Motorcycle",bus rammed motorcycle,Bangladesh,event,road accident,2016-05-28,11:55:07,May,5,Moderate rain,11,May,bus rammed motorcycle
2010,None liable for failure and public sufferings!,2022-10-30 16:36:30,https://en.prothomalo.com/opinion/editorial/h0h3yeojq6,hazrat shahjalal international airport to joydevpur in gazipur,Gazipur,0,0,Bus Rapid Transit (Brt),"project delays and cost overruns, not a specific accident",Bangladesh,event,road accident,2022-10-30,16:36:30,Oct,10,Clear sky,16,Oct,project delays and cost overruns not a specific accident
2011,"Husband, wife among three killed in road crash",2021-05-20 13:10:14,https://en.prothomalo.com/bangladesh/accident/husband-wife-among-three-killed-in-road-crash,dhaka-sylhet highway in bijaynagar upazila,Brahmanbaria,3,4,"Private Car, Parked Truck",driver lost control of the speeding vehicle and hit a parked truck,Bangladesh,event,road accident,2021-05-20,13:10:14,May,5,Partly cloudy,13,May,driver lost control of the speeding vehicle and hit a parked truck
2014,"Two killed in separate road crashes in Lakshmipur

",2021-02-01 08:50:07,https://en.prothomalo.com/bangladesh/accident/two-killed-in-separate-road-crashes-in-lakshmipur,lakshmipur-dhaka highway and chandpur road in raipur,Lakshmipur,2,5,"Pickup Van, Bicycle, Truck, Cng-Run Auto-Rickshaw",collision between vehicles,Bangladesh,event,road accident,2021-02-01,08:50:07,Feb,2,Clear sky,8,Feb,collision between vehicles
2015,Dhaka gas pipeline explosion burns seven,2021-08-26 10:41:05,https://en.prothomalo.com/bangladesh/accident/dhaka-gas-pipeline-explosion-burns-seven,mirpur-11 building,Dhaka,0,7,Gas Pipeline,gas pipeline explosion,Bangladesh,event,road accident,2021-08-26,10:41:05,Aug,8,Moderate rain,10,Aug,gas pipeline explosion
2017,AC explosion at Gulshan UAE visa centre leaves one dead ,2021-01-13 16:56:53,https://en.prothomalo.com/bangladesh/ac-explosion-at-gulshan-uae-visa-centre-leaves-one-dead,uae visa processing centre,Dhaka,1,7,Ac,ac exploded during repairing work,Bangladesh,event,road accident,2021-01-13,16:56:53,Jan,1,Mainly clear,16,Jan,ac exploded during repairing work
2021,BRT project: Bus operations begin with work pending,2024-12-11 13:04:01,https://en.prothomalo.com/bangladesh/kwfz9eyplq,gazipur to hazrat shahjalal international airport,Dhaka,0,0,Bus,incomplete construction works,Bangladesh,event,road accident,2024-12-11,13:04:01,Dec,12,Partly cloudy,13,Dec,incomplete construction works
2023,"2 killed in Satkhira road crash

",2021-01-10 14:57:31,https://en.prothomalo.com/bangladesh/accident/2-killed-in-satkhira-road-crash-2,satkhira-khulna highway at bhairabnagar in tala upazila,Satkhira,2,3,Bus,plunged into a road side ditch,Bangladesh,event,road accident,2021-01-10,14:57:31,Jan,1,Mainly clear,14,Jan,plunged into a road side ditch
2024,"2 killed in Satkhira road crash

",2021-01-10 14:57:31,https://en.prothomalo.com/bangladesh/accident/2-killed-in-satkhira-road-crash,satkhira-khulna highway at bhairabnagar,Satkhira,2,3,Bus,plunged into a road side ditch,Bangladesh,event,road accident,2021-01-10,14:57:31,Jan,1,Mainly clear,14,Jan,plunged into a road side ditch
2027,3 pedestrians die in Narayanganj road mishap,2021-02-05 21:38:02,https://en.prothomalo.com/bangladesh/accident/3-pedestrians-die-in-narayanganj-road-mishap,kanchpur bus stand area,Narayanganj,3,0,Bus,bus crushed pedestrians,Bangladesh,event,road accident,2021-02-05,21:38:02,Feb,2,Clear sky,21,Feb,bus crushed pedestrians
2028,"Over 600,000 illegal vehicles plying on the roads",2024-04-18 22:45:28,https://en.prothomalo.com/bangladesh/accident/0vvjgccz5l,"gabkhan bridge, jhalakathi",Jhalokati,14,0,"Cement-Laden Truck, Easybike, Private Car, Small Truck, Bus","truck ramming vehicles in queue, bus colliding with truck carrying passengers illegally",Bangladesh,event,road accident,2024-04-18,22:45:28,Apr,4,Light rain,22,Apr,truck ramming vehicles in queue bus colliding with truck carrying passengers illegally
2030,Truck claims life of Khulna college teacher,2021-02-05 15:41:47,https://en.prothomalo.com/bangladesh/accident/truck-claims-life-of-khulna-college-teacher,zero point area of khulna city,Khulna,1,0,Truck,speedy truck hit the victim while he was walking,Bangladesh,event,road accident,2021-02-05,15:41:47,Feb,2,Clear sky,15,Feb,speedy truck hit the victim while he was walking
2031,"Jatrabari road crash: 60-year-old man killed

",2021-02-05 08:39:14,https://en.prothomalo.com/bangladesh/accident/jatrabari-road-crash-60-year-old-man-killed,jatrabari,Dhaka,1,0,Bus,bus hit pedestrian,Bangladesh,event,road accident,2021-02-05,08:39:14,Feb,2,Clear sky,8,Feb,bus hit pedestrian
2034,"Like failures, successes also there in containing anarchy on road: Ministry",2023-03-23 21:13:57,https://en.prothomalo.com/bangladesh/cnr2i6yxbl,road,Dhaka,0,0,"Pedestrians, Transport Owners, Bike Riders",lack of cautious movement of commuters,Bangladesh,event,road accident,2023-03-23,21:13:57,Mar,3,Light rain,21,Mar,lack of cautious movement of commuters
2036,"3 killed in separate road crashes in Dhaka, Jashore",2021-12-19 08:38:44,https://en.prothomalo.com/bangladesh/accident/3-killed-in-separate-road-crashes-in-dhaka-jashore,gulshan area,Dhaka,3,6,Bus,hit by a bus,Bangladesh,event,road accident,2021-12-19,08:38:44,Dec,12,Clear sky,8,Dec,hit by a bus
2037,"Body of missing microbus driver recovered in Daulatdia

",2021-05-13 21:25:26,https://en.prothomalo.com/bangladesh/accident/body-of-missing-microbus-driver-recovered-in-daulatdia,daulatdia ghat,Rajbari,1,0,Microbus,wire of a pontoon snapped amid a sudden nor'wester causing the vehicle to fall into the river,Bangladesh,event,road accident,2021-05-13,21:25:26,May,5,Heavy rain,21,May,wire of a pontoon snapped amid a sudden norwester causing the vehicle to fall into the river
2038,Five homegoers die in stampede ,2021-05-12 16:04:06,https://en.prothomalo.com/bangladesh/accident/five-homegoers-die-in-stampede,bangla bazar,Madaripur,5,0,,stampede while getting down from ferry,Bangladesh,event,road accident,2021-05-12,16:04:06,May,5,Moderate rain,16,May,stampede while getting down from ferry
2039,"Five buses torched in Dhaka, Narayanganj",2023-11-13 09:26:15,https://en.prothomalo.com/bangladesh/politics/9bn68vum0w,"dhaka, sutrapur, mirpur, tejgaon, sylhet, bagura",Dhaka,0,0,Bus,political unrest/blockade,Bangladesh,event,road accident,2023-11-13,09:26:15,Nov,11,Partly cloudy,9,Nov,political unrestblockade
2041,Digital security flaws exposed,2023-07-11 08:01:00,https://en.prothomalo.com/opinion/9ph9qj9xe4,bangladeshi government website,Dhaka,0,0,Website,data leak,Bangladesh,event,road accident,2023-07-11,08:01:00,Jul,7,Light rain,8,Jul,data leak
2044,Road crash kills 1 in Natore,2021-02-09 14:48:10,https://en.prothomalo.com/bangladesh/accident/road-crash-kills-1-in-natore,gunaihati,Natore,1,1,"Truck, Microbus",truck hit microbus,Bangladesh,event,road accident,2021-02-09,14:48:10,Feb,2,Clear sky,14,Feb,truck hit microbus
2045,Policeman hit by car in Gulshan dies,2021-07-12 09:05:40,https://en.prothomalo.com/bangladesh/accident/policeman-hit-by-car-in-gulshan-dies,dhaka hospital,Dhaka,1,0,Car,speeding car hit policeman at check-post,Bangladesh,event,road accident,2021-07-12,09:05:40,Jul,7,Moderate rain,9,Jul,speeding car hit policeman at checkpost
2046,University teacher among five killed in road crashes,2021-10-14 12:41:13,https://en.prothomalo.com/bangladesh/accident/university-teacher-among-five-killed-in-road-crashes,pirojpur-gopalganj regional highway near kabirajbari in nazirpur upazila,Pirojpur,2,0,"Bus, Battery-Run Auto-Rickshaw",bus hit auto-rickshaw,Bangladesh,event,road accident,2021-10-14,12:41:13,Oct,10,Moderate rain,12,Oct,bus hit autorickshaw
2047,Gas cylinder blast burns 6 of family,2021-07-09 13:49:32,https://en.prothomalo.com/bangladesh/local-news/gas-cylinder-blast-burns-6-of-family,satkania upazila,Chattogram,0,6,Gas Cylinder,cooking gas cylinder blast,Bangladesh,event,road accident,2021-07-09,13:49:32,Jul,7,Light rain,13,Jul,cooking gas cylinder blast
2048,RMG worker goes missing in Sitalakkhya,2021-01-18 15:59:26,https://en.prothomalo.com/bangladesh/rmg-worker-goes-missing-in-sitalakkhya,nabiganj kheyaghat in sitalakkhya river,Narayanganj,0,0,"Boat, Trawler",apprehending possible crash,Bangladesh,event,road accident,2021-01-18,15:59:26,Jan,1,Partly cloudy,15,Jan,apprehending possible crash
2049,4 killed in Nawabganj road crash,2021-04-04 15:21:55,https://en.prothomalo.com/bangladesh/accident/4-killed-in-nawabganj-road-crash,dhaka-nawabganj road near tulshikhani bridge,Dhaka,4,0,"Auto-Rickshaw, Covered Van",covered van hit auto-rickshaw from behind,Bangladesh,event,road accident,2021-04-04,15:21:55,Apr,4,Partly cloudy,15,Apr,covered van hit autorickshaw from behind
2051,Coal-laden vessel sinks in Pashur river near Sundarbans,2021-02-28 18:29:13,https://en.prothomalo.com/bangladesh/accident/coal-laden-vessel-sinks-in-pashur-river-near-sundarbans,pashur river at ismailer char near the sundarbans,Bagerhat,0,0,Cargo Vessel,crack at the bottom of the vessel,Bangladesh,event,road accident,2021-02-28,18:29:13,Feb,2,Smoke,18,Feb,crack at the bottom of the vessel
2058,Infant now at Chhottomoni Nibas ,2022-07-30 22:57:43,,dhaka-mymensingh highway at trishal,Mymensingh,3,1,Truck,"truck ran over father, mother and sister",Bangladesh,event,road accident,2022-07-30,22:57:43,Jul,7,Heavy rain,22,Jul,truck ran over father mother and sister
2060,"Seven killed as human hauler overturns

",2020-11-19 09:27:00,https://en.prothomalo.com/bangladesh/accident/seven-killed-as-human-hauler-overturns,barikbazar area,Nawabganj,7,5,Human Hauler,driver lost control and the hauler overturned,Bangladesh,event,road accident,2020-11-19,09:27:00,Nov,11,Partly cloudy,9,Nov,driver lost control and the hauler overturned
2061,Worker burned to death in Gazipur fire ,2021-03-06 15:43:57,,"sreepur, gazipur district",Gazipur,1,7,Not Applicable,fire at a chemical godown,Bangladesh,event,road accident,2021-03-06,15:43:57,Mar,3,Rain showers (slight),15,Mar,fire at a chemical godown
2063,Two pedestrians killed in Munshiganj road crash,2021-01-29 14:33:42,https://en.prothomalo.com/bangladesh/accident/two-pedestrians-killed-in-munshiganj-road-crash,jamaldi bus stand,Munshiganj,2,0,,,Bangladesh,event,road accident,2021-01-29,14:33:42,Jan,1,Partly cloudy,14,Jan,
2068,4 killed in Chattogram road crash,2021-03-26 08:51:10,,chattogram-kaptai road,Chattogram,4,3,"Auto-Rickshaw, Truck",collision between two auto-rickshaws and a truck,Bangladesh,event,road accident,2021-03-26,08:51:10,Mar,3,Squalls,8,Mar,collision between two autorickshaws and a truck
2072,"Five killed in Moghbazar blast, 10 critically injured  ",2021-06-27 21:37:01,https://en.prothomalo.com/bangladesh/accident/five-killed-in-moghbazar-blast,moghbazar wireless gate area,Dhaka,5,48,,blast,Bangladesh,event,road accident,2021-06-27,21:37:01,Jun,6,Dense rain,21,Jun,blast
2073,Three succumb to burn injuries so far ,2021-08-27 16:59:26,https://en.prothomalo.com/bangladesh/accident/three-succumb-to-burn-injuries-so-far,mirpur-11,Dhaka,3,0,Building,gas line explosion,Bangladesh,event,road accident,2021-08-27,16:59:26,Aug,8,Moderate rain,16,Aug,gas line explosion
2079,"4 missing after boat capsizes in Patuakhali

",2020-10-22 22:35:07,https://en.prothomalo.com/bangladesh/accident/4-missing-after-boat-capsizes-in-patuakhali,agunmukha river,Patuakhali,0,13,Speedboat,capsized,Bangladesh,event,road accident,2020-10-22,22:35:07,Oct,10,Heavy rain,22,Oct,unknown
2081,Garment worker burned to death in Savar fire,2021-03-13 17:59:13,,"nagarchar, rajphulbaria, savar",Dhaka,1,0,,fire,Bangladesh,event,road accident,2021-03-13,17:59:13,Mar,3,Partly cloudy,17,Mar,fire
2082,Three killed as microbus crashed into covered van,2021-05-19 10:59:48,,pakulya bus stand area in jamurki union,Tangail,3,1,"Microbus, Covered Van",microbus crashed into a stationed covered van,Bangladesh,event,road accident,2021-05-19,10:59:48,May,5,Heavy rain,10,May,microbus crashed into a stationed covered van
2083,"Ageing, dilapidated bailey bridges turn death traps in hilly Khagrachhari roads",2021-11-23 16:54:28,https://en.prothomalo.com/bangladesh/local-news/ageing-dilapidated-bailey-bridges-turn-death-traps-in-hilly-khagrachhari-roads,khagrachhari,Khagrachhari,0,0,25-Tonne Trucks,overloading of trucks exceeding the bridge's weight capacity,Bangladesh,event,road accident,2021-11-23,16:54:28,Nov,11,Clear sky,16,Nov,overloading of trucks exceeding the bridges weight capacity
2086,Child drowning rate doubled in three years,2023-05-26 18:36:04,,near their house,Patuakhali,3,0,Auto-Rickshaw Driver,drowning,Bangladesh,event,road accident,2023-05-26,18:36:04,May,5,Moderate rain,18,May,drowning
2091,"Head-on collision between truck, ambulance kills 5",2020-11-03 16:52:09,https://en.prothomalo.com/bangladesh/accident/head-on-collision-between-truck-ambulance-kills-5,"kushtia-jhenaidah highway, lakshmipur area",Kushtia,5,0,Truck And Ambulance,head-on collision,Bangladesh,event,road accident,2020-11-03,16:52:09,Nov,11,Light rain,16,Nov,head-on collision
2092,"3 killed in Chandpur road crash

",2020-11-03 08:30:03,https://en.prothomalo.com/bangladesh/accident/3-killed-in-chandpur-road-crash,faridganj upazila,Chandpur,3,0,"Cng-Run Auto-Rickshaw, Motorcycle",head-on collision between auto-rickshaw and motorcycle,Bangladesh,event,road accident,2020-11-03,08:30:03,Nov,11,Moderate rain,8,Nov,headon collision between autorickshaw and motorcycle
2093,"Barguna road crash kills two Chinese, Bangladeshi interpreter
",2021-08-16 19:05:09,https://en.prothomalo.com/bangladesh/accident/barguna-road-crash-kills-two-chinese-bangladeshi-interpreter,kewabunia near brickfield on the amtali-patuakhali highway,Barguna,3,1,Microbus,plunged into a ditch,Bangladesh,event,road accident,2021-08-16,19:05:09,Aug,8,Light rain,19,Aug,plunged into a ditch
2097,Newly-elected UP member killed in road accident,2016-04-25 20:28:12,https://en.prothomalo.com/bangladesh/Newly-elected-UP-member-killed-in-road-accident,dhulauri village,,1,0,Truck,speeding truck dashed victim,Bangladesh,event,road accident,2016-04-25,20:28:12,Apr,4,,20,Apr,speeding truck dashed victim
2098,Lakshmipur road crash kills 2,2020-10-31 14:04:14,https://en.prothomalo.com/bangladesh/accident/lakshmipur-road-crash-kills-2,birahimpur village,Lakshmipur,2,2,"Auto-Rickshaw, Motorcycle",head-on collision,Bangladesh,event,road accident,2020-10-31,14:04:14,Oct,10,Heavy rain,14,Oct,head-on collision
2099,Lakshmipur road crash kills 2,2020-10-31 14:04:14,https://en.prothomalo.com/bangladesh/Lakshmipur-road-crash-kills-2,birahimpur village,Lakshmipur,2,2,"Auto-Rickshaw, Motorcycle",head-on collision,Bangladesh,event,road accident,2020-10-31,14:04:14,Oct,10,Heavy rain,14,Oct,head-on collision
2100,"Four killed in road crashes in Kushtia, Lakshmipur

",2020-11-18 09:57:53,https://en.prothomalo.com/bangladesh/accident/four-killed-in-road-crashes-in-kushtia-lakshmipur,bheramara power house area and sadarghat area of chandraganj,Kushtia,4,0,"Covered Van, Motorcycle, Bus, Cng-Run Auto-Rickshaw",collision between vehicles,Bangladesh,event,road accident,2020-11-18,09:57:53,Nov,11,Mainly clear,9,Nov,collision between vehicles
2101,"Couple burned to death in Pirojpur fire

",2021-02-14 15:25:07,https://en.prothomalo.com/bangladesh/accident/couple-burned-to-death-in-pirojpur-fire,"college road, nalbunia village",Pirojpur,2,0,,fire,Bangladesh,event,road accident,2021-02-14,15:25:07,Feb,2,Partly cloudy,15,Feb,fire
2102,5 killed in N'ganj road accidents,2016-04-23 17:09:25,,masdair and nayapur,Narayanganj,5,30,"Truck, Battery-Run Easy-Bike, Bus, Pickup","head-on collision between a truck and a battery-run easy-bike, bus carrying a bridal party plunged into a roadside ditch after it collided with a pickup",Bangladesh,event,road accident,2016-04-23,17:09:25,Apr,4,Partly cloudy,17,Apr,headon collision between a truck and a batteryrun easybike bus carrying a bridal party plunged into a roadside ditch after it collided with a pickup
2105,"Elderly woman run over by covered van in Dhaka

",2021-05-06 09:10:08,https://en.prothomalo.com/bangladesh/accident/elderly-woman-run-over-by-covered-van-in-dhaka,bakshibazar intersection,Dhaka,1,0,"Covered Van, Rickshaw",speeding covered van,Bangladesh,event,road accident,2021-05-06,09:10:08,May,5,Moderate rain,9,May,speeding covered van
2108,Jubo League leader killed in Sirajganj road crash,2020-10-26 11:56:47,https://en.prothomalo.com/bangladesh/local-news/jubo-league-leader-killed-in-sirajganj-road-crash,hatikumrul-bonpara highway at mohishluti,Sirajganj,1,0,"Bike, Truck",truck hit bike,Bangladesh,event,road accident,2020-10-26,11:56:47,Oct,10,Light rain,11,Oct,truck hit bike
2110,A killing out of negligence,2022-08-17 15:24:23,,uttara,Dhaka,5,0,Construction Equipment,inadequate security measures and negligence,Bangladesh,event,road accident,2022-08-17,15:24:23,Aug,8,Light rain,15,Aug,inadequate security measures and negligence
2111,Nihaduzzaman: A Bangladeshi cricketer who refuses to give up,2023-01-28 18:09:08,,rajshahi,Rajshahi,0,1,,serious road accident,Bangladesh,event,road accident,2023-01-28,18:09:08,Jan,1,,18,Jan,serious road accident
2115,Looting and rape in bus: Where is  passenger security?,2022-08-05 14:08:53,https://en.prothomalo.com/opinion/editorial/bobeeww325,bangabandhu bridge,Sirajganj,0,0,Bus,robbery and gang rape,Bangladesh,event,road accident,2022-08-05,14:08:53,Aug,8,Moderate rain,14,Aug,robbery and gang rape
2116,Indomitable girls play football despite losing limbs,2024-10-14 08:44:39,https://en.prothomalo.com/bangladesh/good-day-bangladesh/1dpdpud813,teknaf,Cox's Bazar,1,4,Auto Rickshaw (Cng),collision between two auto-rickshaws,Bangladesh,event,road accident,2024-10-14,08:44:39,Oct,10,Partly cloudy,8,Oct,collision between two autorickshaws
2119,No ICU service at government facilities in 22 districts,2023-04-28 16:06:30,https://en.prothomalo.com/bangladesh/shjstykgjk,feni,Feni,1,0,,lack of icu bed and medical treatment,Bangladesh,event,road accident,2023-04-28,16:06:30,Apr,4,Partly cloudy,16,Apr,lack of icu bed and medical treatment
2123,"Unsafe roads: How many more deaths, rapes will wake the authorities up",2022-08-08 14:26:19,https://en.prothomalo.com/opinion/editorial/lqs81nqpw3,"bhogra bypass area of gazipur, mauna on dhaka-mymensingh highway",Gazipur,0,0,Minibus,rape and robbery by bus staff,Bangladesh,event,road accident,2022-08-08,14:26:19,Aug,8,Moderate rain,14,Aug,rape and robbery by bus staff
2126,Armanitola building fire: One more dies,2021-04-25 12:05:59,https://en.prothomalo.com/bangladesh/accident/armanitola-building-fire-one-more-dies,armanitola area of old dhaka,Dhaka,5,4,Building Fire,fire,Bangladesh,event,road accident,2021-04-25,12:05:59,Apr,4,Partly cloudy,12,Apr,fire
2130,"5-year-old crushed under pick-up van in Sylhet

",2021-02-07 08:52:39,https://en.prothomalo.com/bangladesh/accident/5-year-old-crushed-under-pick-up-van-in-sylhet,bishwanath-jagannathpur road,Sylhet,1,0,Pick-Up Van,hit by a pick-up van while crossing the road,Bangladesh,event,road accident,2021-02-07,08:52:39,Feb,2,Moderate rain,8,Feb,hit by a pickup van while crossing the road
2131,"Bus-truck collision leaves 2 dead in Chattogram

",2021-02-22 14:32:51,https://en.prothomalo.com/bangladesh/accident/bus-truck-collision-leaves-2-dead-in-chattogram,chunti forest gate,Chattogram,2,6,"Bus, Truck",head-on-collision,Bangladesh,event,road accident,2021-02-22,14:32:51,Feb,2,Clear sky,14,Feb,headoncollision
2132,"2 youths killed in Satkhira road crash

",2020-12-17 15:15:54,https://en.prothomalo.com/bangladesh/accident/2-youths-killed-in-satkhira-road-crash,satkhira-khulna highway in front of bangladesh small and cottage industries corporation (bscic) industrial area,Satkhira,2,1,"Truck, Motorcycle",truck hit motorbike,Bangladesh,event,road accident,2020-12-17,15:15:54,Dec,12,rain not reaching ground,15,Dec,truck hit motorbike
2133,We even found traces of bacteria and fungus in Dhaka air,2024-03-31 12:52:32,https://en.prothomalo.com/opinion/interview/0o47o77bjt,dhaka,Dhaka,0,0,Outdated Vehicles,outdated vehicles without licenses or fitness certificates openly spewing out black fumes,Bangladesh,event,road accident,2024-03-31,12:52:32,Mar,3,Moderate rain,12,Mar,outdated vehicles without licenses or fitness certificates openly spewing out black fumes
2136,Chinese engineer still untraced in 24 hrs ,2021-06-23 22:52:17,https://en.prothomalo.com/bangladesh/accident/chinese-engineer-still-untraced-in-24-hrs,near the shimulia ferry terminal,Munshiganj,0,0,,fell in the river,Bangladesh,event,road accident,2021-06-23,22:52:17,Jun,6,Moderate rain,22,Jun,fell in the river
2138,Death of Notre Dame College student: Nine DSCC drivers suspended,2021-12-13 20:47:30,https://en.prothomalo.com/bangladesh/crime-and-law/death-of-notre-dame-college-student-nine-dscc-drivers-suspended,gulistan area,Dhaka,1,0,Garbage Truck,drivers engaging others to drive their vehicles.,Bangladesh,event,road accident,2021-12-13,20:47:30,Dec,12,Clear sky,20,Dec,drivers engaging others to drive their vehicles
2140,4 killed in Bogura road crash,2021-03-20 17:00:14,,dhaka-bogura highway at dashmile in sherpur upazila,Bogra,4,10,Bus,head-on collision,Bangladesh,event,road accident,2021-03-20,17:00:14,Mar,3,Partly cloudy,17,Mar,head-on collision
2141,Bangabandhu Tunnel: Narrow roads hinder benefits,2023-07-20 13:46:47,,"karnaphuli river tunnel, chattogram-cox's bazar highway",Chattogram,0,0,"Vehicles, Cars, Trucks, Motorcycles",inadequate highway width and potential increase in vehicular traffic,Bangladesh,event,road accident,2023-07-20,13:46:47,Jul,7,Light rain,13,Jul,inadequate highway width and potential increase in vehicular traffic
2148,"Use Paturia ferry terminal instead of Shimulia: BIWTC to passengers

",2021-08-14 10:14:40,https://en.prothomalo.com/bangladesh/city/use-paturia-ferry-terminal-instead-of-shimulia-biwta-to-passengers,shimulia ferry terminal,Munshiganj,0,0,,ferry crisis,Bangladesh,event,road accident,2021-08-14,10:14:40,Aug,8,Light rain,10,Aug,ferry crisis
2149,"Nine killed as truck hits bus in Jhenaidah

",2021-02-10 17:25:40,https://en.prothomalo.com/bangladesh/accident/nine-people-killed-as-truck-hits-bus-in-jehaidah,barobazar area of kaliganj,Jhenaidah,9,0,"Bus, Truck",driver tried to overtake a truck and lost control,Bangladesh,event,road accident,2021-02-10,17:25:40,Feb,2,Clear sky,17,Feb,driver tried to overtake a truck and lost control
2150,Narayanganj launch capsize: Death toll rises to 12,2022-03-23 11:01:29,,shitalakkhya river off narayanganj coast,Narayanganj,12,0,,launch accident,Bangladesh,event,road accident,2022-03-23,11:01:29,Mar,3,Partly cloudy,11,Mar,launch accident
2151,Feni road crash kills 2,2020-10-30 19:36:23,https://en.prothomalo.com/bangladesh/Feni-road-crash-kills-2,basurhat,Feni,2,3,"Bus, Cng Auto-Rickshaw",bus rammed a cng auto-rickshaw,Bangladesh,event,road accident,2020-10-30,19:36:23,Oct,10,Dense rain,19,Oct,bus rammed a cng autorickshaw
2152,"Two killed, 22 injured as bus catches fire in Cumilla",2021-03-11 20:08:03,https://en.prothomalo.com/bangladesh/accident/three-killed-as-bus-catches-fire-in-cumilla,gouripur bus stand area,Cumilla,2,22,Bus,fire originating from the gas cylinder,Bangladesh,event,road accident,2021-03-11,20:08:03,Mar,3,Partly cloudy,20,Mar,fire originating from the gas cylinder
2154,"Father, daughter killed as truck ploughs into Pabna house

",2021-02-06 11:59:03,https://en.prothomalo.com/bangladesh/accident/father-daughter-killed-as-truck-ploughs-into-pabna-house,bhitapara,Pabna,2,0,Truck,driver lost control of the speeding vehicle,Bangladesh,event,road accident,2021-02-06,11:59:03,Feb,2,Duststorm or sandstorm,11,Feb,driver lost control of the speeding vehicle
2155,"3 killed in Kishoreganj road crash

",2020-12-18 08:57:09,https://en.prothomalo.com/bangladesh/accident/3-killed-in-kishoreganj-road-crash,kalikaprasad area,Kishoreganj,3,3,"Truck, Cng Autorickshaw",head-on collision,Bangladesh,event,road accident,2020-12-18,08:57:09,Dec,12,Duststorm or sandstorm,8,Dec,head-on collision