id,title,date,article_url,place_of_accident,district,number_of_deaths,number_of_injured,vehicle_type,cause_of_accident,country,report_type,type_of_accident,accident_date,accident_time,month,month_num,condition,accident_hour,month_name,cause_of_accident_normalized
2158,ASI killed in Chattogram road crash,2021-02-04 21:49:57,https://en.prothomalo.com/bangladesh/accident/asi-killed-in-chattogram-road-crash,kumia area,Chattogram,1,0,"Truck, Motorcycle",hit by a truck,Bangladesh,event,road accident,2021-02-04,21:49:57,Feb,2,Clear sky,21,Feb,hit by a truck
2165,2 BRAC officials die in Natore road accident,2016-04-20 12:10:51,,natore-bogra highway,Natore,2,0,"Bus, Motorcycle",bus hit motorcycle,Bangladesh,event,road accident,2016-04-20,12:10:51,Apr,4,Partly cloudy,12,Apr,bus hit motorcycle accident
2167,2 elderly persons killed in road crash,2020-10-25 10:58:51,https://en.prothomalo.com/bangladesh/accident/2-elderly-persons-killed-in-road-crash,dhaka-khulna highway at kamarkhali,Faridpur,2,5,"Microbus, Truck",microbus hit a truck,Bangladesh,event,road accident,2020-10-25,10:58:51,Oct,10,Light rain,10,Oct,microbus hit a truck
2168,Death toll in Shitalakshya launch capsize reaches 25,2021-04-05 14:22:56,,narayanganj,Narayanganj,25,0,,capsized,Bangladesh,event,road accident,2021-04-05,14:22:56,Apr,4,Mainly clear,14,Apr,unknown
2177,Truck kills three in Dinajpur,2021-01-27 12:33:56,https://en.prothomalo.com/bangladesh/accident/truck-kills-three-in-dinajpur,dinajpur-bochaganj road near zainul mudikhana bazar in farakkabad union,Dinajpur,3,0,Motorbike And Truck,truck hit motorbike,Bangladesh,event,road accident,2021-01-27,12:33:56,Jan,1,Clear sky,12,Jan,truck hit motorbike
2178,"Woman killed in Netrakona road crash

",2020-10-19 13:26:50,,netrakona district town,Netrakona,1,0,"Truck, Rickshaw",truck hit a rickshaw,Bangladesh,event,road accident,2020-10-19,13:26:50,Oct,10,,13,Oct,truck hit a rickshaw
2179,Barishal road crash leaves one dead ,2021-02-27 17:11:05,https://en.prothomalo.com/bangladesh/accident/barishal-road-crash-leaves-one-dead,barisal-dhaka highway,Barishal,1,0,"Motorbike, Bus",hit by a bus,Bangladesh,event,road accident,2021-02-27,17:11:05,Feb,2,Partly cloudy,17,Feb,hit by a bus
2180,Teacher killed in road accident in C'nawabganj,2016-04-16 20:10:58,,kamarpara avaya square,Rajshahi,1,0,Truck,truck hit victim,Bangladesh,event,road accident,2016-04-16,20:10:58,Apr,4,,20,Apr,truck hit victim
2186,"Khaleda Zia, Dr Yunus, WB chief to get invitation at Padma Bridge inauguration: Quader",2022-06-12 22:42:24,,padma bridge,Munshiganj,0,0,,,Bangladesh,event,road accident,2022-06-12,22:42:24,Jun,6,Heavy rain,22,Jun,
2188,17 killed in Rajshahi road crash,2021-03-26 16:40:45,https://en.prothomalo.com/bangladesh/accident/17-killed-in-road-crash-involving-bus-microbus-human-hauler-in-rajshahi,dhaka-rajshahi highway in katakhali area of rajshahi’s kapasia upazila,Rajshahi,17,0,"Bus, Microbus, Leguna",,Bangladesh,event,road accident,2021-03-26,16:40:45,Mar,3,,16,Mar,
2189,Bus-truck collision in Sirajganj leaves 5 dead,2021-02-23 10:44:56,https://en.prothomalo.com/bangladesh/accident/bus-truck-collision-in-sirajganj-leaves-5-dead,konabari,Sirajganj,5,23,"Bus, Truck",head-on collision,Bangladesh,event,road accident,2021-02-23,10:44:56,Feb,2,Clear sky,10,Feb,head-on collision
2193,"Two killed as motorbike crashes into tree

",2020-11-16 10:19:21,https://en.prothomalo.com/bangladesh/accident/two-killed-as-motorbike-crashes-into-tree,hatia,Noakhali,2,0,Motorcycle,motorbike losing control rammed into a roadside tree,Bangladesh,event,road accident,2020-11-16,10:19:21,Nov,11,Partly cloudy,10,Nov,motorbike losing control rammed into a roadside tree
2194,Chattogram depot explosion: How many more people will have to die?,2022-06-07 15:12:57,https://en.prothomalo.com/opinion/editorial/chattogram-depot-explosion-how-many-more-people-will-have-to-die,bm container depot at sitakunda,Chattogram,40,200,Container,"irregularities, irresponsibility and negligence leading to a fire and explosion of chemicals in containers.",Bangladesh,event,road accident,2022-06-07,15:12:57,Jun,6,Light rain,15,Jun,irregularities irresponsibility and negligence leading to a fire and explosion of chemicals in containers
2202,Four burnt to death as microbus gas cylinder explodes in Sylhet,2020-12-30 12:03:50,https://en.prothomalo.com/bangladesh/accident/four-burnt-to-death-as-microbus-gas-cylinder-explodes-in-sylhet,sylhet-jokeyganj road near the mollagram government primary school in hetimganj paschim bazar,Sylhet,4,4,"Microbus, Truck","microbus hit a cement-laden truck from behind, gas cylinder exploded",Bangladesh,event,road accident,2020-12-30,12:03:50,Dec,12,Clear sky,12,Dec,microbus hit a cementladen truck from behind gas cylinder exploded
2203,"Three killed in motorbike crash
",2020-12-06 11:43:53,,duariya area of lalpur upazila,Natore,3,0,Motorcycle,,Bangladesh,event,road accident,2020-12-06,11:43:53,Dec,12,Clear sky,11,Dec,
2205,Padma bridge must be protected from ferry collision ,2021-08-11 22:46:04,https://en.prothomalo.com/opinion/editorial/padma-bridge-must-be-protected-from-ferry-collision,padma bridge,Munshiganj,0,0,Ro Ro Ferry,collision with pillar,Bangladesh,event,road accident,2021-08-11,22:46:04,Aug,8,Light rain,22,Aug,collision with pillar
2209,Jhalakathi launch fire: Death toll climbs to 39 ,2021-12-24 16:21:49,https://en.prothomalo.com/bangladesh/accident/jhalakathi-launch-fire-death-toll-rises-to-39,sugandha river off the coast of jhalakathi district's sadar upazila,Jhalokati,39,72,,fire,Bangladesh,event,road accident,2021-12-24,16:21:49,Dec,12,Clear sky,16,Dec,fire
2211,Two workers killed as lift falls off in Bogura ,2021-02-03 23:01:54,https://en.prothomalo.com/bangladesh/accident/two-workers-killed-as-lift-falls-off-in-bogura,tamim agro industries poultry farm,Bogra,2,0,Escalator,lift fell off,Bangladesh,event,road accident,2021-02-03,23:01:54,Feb,2,Clear sky,23,Feb,lift fell off
2212,Cox’s Bazar road crash kills 4,2020-10-26 22:22:10,https://en.prothomalo.com/bangladesh/accident/coxs-bazar-road-crash-kills-4,nandirpara station,,4,2,"Truck, Auto-Rickshaw",head-on collision,Bangladesh,event,road accident,2020-10-26,22:22:10,Oct,10,,22,Oct,head-on collision
2214,How do vehicles run without licences?,2022-02-13 21:52:05,https://en.prothomalo.com/opinion/editorial/how-do-vehicles-run-without-licences,malumghat area of chakaria upazila of cox's bazar-chattogram highway,Cox's Bazar,5,0,Pickup Van,"recklessly speeding, vehicle without license, driver without license",Bangladesh,event,road accident,2022-02-13,21:52:05,Feb,2,Mainly clear,21,Feb,recklessly speeding vehicle without license driver without license
2215,'Operation of bus on two new routes differed as bus not ready',2022-09-06 19:38:34,https://en.prothomalo.com/bangladesh/city/q3lmuqjx1a,,Dhaka,0,0,Bus,,Bangladesh,event,road accident,2022-09-06,19:38:34,Sep,9,Dense rain,19,Sep,
2216,College student goes missing in Kirtonkhola River,2020-11-03 15:30:31,,kirtankhola river,Barishal,1,0,Trawler,fell into the river,Bangladesh,event,road accident,2020-11-03,15:30:31,Nov,11,Moderate rain,15,Nov,fell into the river
2219,Boat capsize shatters dream of a family,2021-08-28 19:40:55,https://en.prothomalo.com/bangladesh/local-news/boat-capsize-shatters-dream-of-a-family,titas river at laiska canal of pattan union,Brahmanbaria,22,0,,boat capsize,Bangladesh,event,road accident,2021-08-28,19:40:55,Aug,8,Moderate rain,19,Aug,boat capsize
2223,"Fire safety: Disjointed drives, dragging investigations",2024-03-14 17:58:04,,bailey road,Dhaka,46,0,Building,fire,Bangladesh,event,road accident,2024-03-14,17:58:04,Mar,3,Moderate rain,17,Mar,fire
2226,RU proctor removed in the face of students' demo,2022-02-02 19:40:55,,rajshahi university campus,Rajshahi,1,0,,,Bangladesh,event,road accident,2022-02-02,19:40:55,Feb,2,,19,Feb,
2227,"One body recovered after launch capsizes in Shitalakshya

",2021-04-04 20:36:27,https://en.prothomalo.com/bangladesh/accident/launch-capsizes-in-shitalakkhya,shitalakshya river at madanganj ghat area,Narayanganj,1,0,"Launch, Cargo Vessel",collision between launch and cargo vessel,Bangladesh,event,road accident,2021-04-04,20:36:27,Apr,4,Partly cloudy,20,Apr,collision between launch and cargo vessel
2230,Issue a circular on half bus fare,2021-12-08 17:13:06,,dhaka,Dhaka,0,0,Bus,protests,Bangladesh,event,road accident,2021-12-08,17:13:06,Dec,12,Mainly clear,17,Dec,protests
2231,Death toll climbs to 7,2021-06-28 08:36:58,https://en.prothomalo.com/bangladesh/accident/death-toll-climbs-to-7,moghbazar area,Dhaka,7,50,Buses,explosion/blast,Bangladesh,event,road accident,2021-06-28,08:36:58,Jun,6,Moderate rain,8,Jun,explosionblast
2232,"Mother, daughter among three killed in Lakshmipur road crash

",2021-03-01 08:56:50,https://en.prothomalo.com/bangladesh/accident/mother-daughter-among-three-killed-in-lakshmipur-road-crash,charchamita area,Lakshmipur,3,0,Pickup Van,driver lost control,Bangladesh,event,road accident,2021-03-01,08:56:50,Mar,3,Partly cloudy,8,Mar,driver lost control
2234,"Bus-truck collision in Manikganj leaves one killed, 10 injured",2021-02-25 14:09:00,https://en.prothomalo.com/bangladesh/accident/bus-truck-collision-in-manikganj-leaves-one-killed-10-injured,pachuria area of dhaka-aricha highway,Manikganj,1,10,Passenger Bus And A Truck,driver lost control of the vehicle and crashed into the truck at high speed,Bangladesh,event,road accident,2021-02-25,14:09:00,Feb,2,Mainly clear,14,Feb,driver lost control of the vehicle and crashed into the truck at high speed
2235,Truck-auto rickshaw collision kills 2 in Pabna,2021-01-22 14:33:50,https://en.prothomalo.com/bangladesh/accident/truck-auto-rickshaw-collision-kills-2-in-pabna,dublia village,Pabna,2,3,"Truck, Auto Rickshaw",collision,Bangladesh,event,road accident,2021-01-22,14:33:50,Jan,1,Clear sky,14,Jan,collision
2236,All roads need integrated public transport,2022-03-11 14:56:02,https://en.prothomalo.com/opinion/editorial/all-roads-need-integrated-public-transport,dhaka city,Dhaka,0,0,,reopening of educational institutions,Bangladesh,event,road accident,2022-03-11,14:56:02,Mar,3,Partly cloudy,14,Mar,reopening of educational institutions
2240,Garments factory lift collapse injures 15 workers ,2020-08-12 20:57:14,https://en.prothomalo.com/bangladesh/accident/garments-factory-lift-collapse-injures-15-workers,chandgaon area of chattogram city,Chattogram,0,15,Lift,lift of a garment factory collapsed,Bangladesh,event,road accident,2020-08-12,20:57:14,Aug,8,Light rain,20,Aug,lift of a garment factory collapsed
2242,Protests erupt in Dhaka over Notre Dame College student’s death,2021-11-25 16:38:24,https://en.prothomalo.com/bangladesh/accident/protests-erupt-in-dhaka-over-notre-dame-college-students-death,farmgate,Dhaka,1,0,Garbage Truck,run over by a garbage truck,Bangladesh,event,road accident,2021-11-25,16:38:24,Nov,11,Clear sky,16,Nov,run over by a garbage truck
2243,Notre Dame College students take to the streets for the second day,2021-11-25 14:06:58,https://en.prothomalo.com/bangladesh/city/notre-dame-college-students-take-to-the-streets,shapla chattar,Dhaka,1,0,Dumpster Carrier Truck,run over,Bangladesh,event,road accident,2021-11-25,14:06:58,Nov,11,Clear sky,14,Nov,run over
2244,"Most DNCC vehicles’ registration, fitness certificate out of date, probe finds",2022-01-14 23:22:40,https://en.prothomalo.com/bangladesh/city/most-dncc-vehicles-registration-fitness-certificate-out-of-date-probe-finds,dhaka north city corporation,Dhaka,1,0,Garbage Truck,"unspecified, but related to vehicle registration and fitness",Bangladesh,event,road accident,2022-01-14,23:22:40,Jan,1,Partly cloudy,23,Jan,unspecified but related to vehicle registration and fitness
2246,"Police can't evade responsibility for death of scientists, engineer",2022-06-10 13:18:08,https://en.prothomalo.com/opinion/editorial/police-cant-evade-responsibility-for-death-of-scientists-engineer,"shailakupa, jhenaidah",Jhenaidah,5,0,Bus,"mismanagement, anarchy on streets, vehicle negligence (no route permit, expired tax papers)",Bangladesh,event,road accident,2022-06-10,13:18:08,Jun,6,Partly cloudy,13,Jun,mismanagement anarchy on streets vehicle negligence no route permit expired tax papers
2250,Narayanganj factory fire: 49 bodies recovered,2021-07-09 15:33:06,https://en.prothomalo.com/bangladesh/accident/narayanganj-factory-fire-49-bodies-recovered,karnagop area of rupganj,Narayanganj,49,0,Factory Building,massive fire,Bangladesh,event,road accident,2021-07-09,15:33:06,Jul,7,Light rain,15,Jul,massive fire
2255,6 killed in road accidents in 3 districts,2016-03-25 19:55:37,https://en.prothomalo.com/bangladesh/6-killed-in-road-accidents-in-3-districts,kutumbapur on dhaka-chittagong highway in chandina upazila,Cumilla,2,0,Truck,gas cylinder explosion,Bangladesh,event,road accident,2016-03-25,19:55:37,Mar,3,Clear sky,19,Mar,gas cylinder explosion
2257,Two crews missing after lighterage vessel sinks in Meghna,2020-08-20 21:57:48,,meghna river near hatiya upazila,Noakhali,0,0,Lighterage Vessel,vessel sank,Bangladesh,event,road accident,2020-08-20,21:57:48,Aug,8,Moderate rain,21,Aug,vessel sank
2259,Grandparents want to raise the child,2022-07-18 23:31:02,https://en.prothomalo.com/bangladesh/local-news/qzohcixht1,dhaka-mymensingh highway at the court building area in trishal,Mymensingh,3,0,Truck,run over by a truck while crossing the highway,Bangladesh,event,road accident,2022-07-18,23:31:02,Jul,7,Light rain,23,Jul,run over by a truck while crossing the highway
2260,Now is the time to resolve Dhaka's traffic congestion,2024-09-19 17:43:18,https://en.prothomalo.com/opinion/op-ed/icxvw7yop1,dhaka,Dhaka,0,0,"Bus, Car",traffic congestion,Bangladesh,event,road accident,2024-09-19,17:43:18,Sep,9,Light rain,17,Sep,traffic congestion
2267,Another landslide kills five children of a family in Teknaf,2021-07-28 11:17:49,https://en.prothomalo.com/bangladesh/local-news/second-landslide-in-two-days-kills-five-children-of-a-family-in-teknaf,hnila union of teknaf upazila,Cox's Bazar,5,0,,landslide,Bangladesh,event,road accident,2021-07-28,11:17:49,Jul,7,Heavy rain,11,Jul,landslide
2269,"Policeman killed by covered van in city

",2020-10-21 12:10:42,,jatrabari,Dhaka,1,0,Covered Van,ran over,Bangladesh,event,road accident,2020-10-21,12:10:42,Oct,10,Moderate rain,12,Oct,ran over
2270,"Child loses life, mother loses limb",2022-02-17 16:28:36,https://en.prothomalo.com/bangladesh/accident/child-loses-life-mother-loses-limb,kazir shimla area of ​​trishal upazila on the dhaka-mymensingh highway,Mymensingh,1,7,"Bus, Truck",reckless driving,Bangladesh,event,road accident,2022-02-17,16:28:36,Feb,2,Clear sky,16,Feb,reckless driving
2271,Shitalakshya launch capsize: Another five bodies recovered,2021-04-06 13:31:01,https://en.prothomalo.com/bangladesh/accident/shitalakshya-launch-capsize-another-five-bodies-recovered,narayanganj,Narayanganj,34,0,,capsize,Bangladesh,event,road accident,2021-04-06,13:31:01,Apr,4,Mainly clear,13,Apr,capsize
2272,Death toll rises to 46,2021-12-29 15:47:36,https://en.prothomalo.com/bangladesh/accident/death-toll-from-jhalakathi-launch-fire-rises-to-46,"sugandha river, charkathi",Jhalokati,46,0,,fire,Bangladesh,event,road accident,2021-12-29,15:47:36,Dec,12,Partly cloudy,15,Dec,fire
2275,"Truck, auto-rickshaw head-on collision kills 4 in Chattogram",2021-03-31 11:49:36,https://en.prothomalo.com/bangladesh/accident/truck-auto-rickshaw-head-on-collision-kills-4-in-chattogram,chattogram-kaptai road in raujan,Chattogram,4,0,Sand-Laden Truck And A Cng-Run Auto-Rickshaw,head-on collision,Bangladesh,event,road accident,2021-03-31,11:49:36,Mar,3,Light rain,11,Mar,head-on collision
2276,Road crash kills three,2020-09-05 10:56:11,https://en.prothomalo.com/bangladesh/accident/road-crash-kills-three,nishkanda bridge area,Nawabganj,3,1,"Bus, Auto-Rickshaw",head-on collision,Bangladesh,event,road accident,2020-09-05,10:56:11,Sep,9,Moderate rain,10,Sep,head-on collision
2277,May Dhaka Nagar Paribahan restore order on city roads,2021-12-28 15:05:24,https://en.prothomalo.com/opinion/editorial/may-dhaka-nagar-paribahan-restore-order-on-city-roads,dhaka,Dhaka,0,0,Bus,traffic jams and public transport issues,Bangladesh,event,road accident,2021-12-28,15:05:24,Dec,12,Partly cloudy,15,Dec,traffic jams and public transport issues
2280,2 truck drivers killed in Lakshmipur road crash,2020-07-04 18:30:45,https://en.prothomalo.com/bangladesh/accident/2-truck-drivers-killed-in-lakshmipur-road-crash,raipur upazila,Lakshmipur,2,3,Mini Trucks,head-on collision,Bangladesh,event,road accident,2020-07-04,18:30:45,Jul,7,Light rain,18,Jul,head-on collision
2282,No cracks in the pillars of Bahaddarhat flyover: Designer company,2021-10-28 09:25:44,https://en.prothomalo.com/bangladesh/local-news/no-cracks-in-the-pillars-of-bahaddarhat-flyover-designer-company,bahaddarhat flyover,Chattogram,0,0,Not Applicable,not applicable,Bangladesh,event,road accident,2021-10-28,09:25:44,Oct,10,Light rain,9,Oct,not applicable
2283,"University student, schoolboy missing in Padma boat capsize ",2020-09-25 20:44:23,https://en.prothomalo.com/bangladesh/accident/ru-student-schoolboy-missing-in-rajshahi-boat-capsize,padma river near harupur area,Rajshahi,0,0,Motorised Boat,capsized,Bangladesh,event,road accident,2020-09-25,20:44:23,Sep,9,,20,Sep,unknown
2286,"When anomalies become the norm, what about political liability?",2024-03-09 14:38:34,,bailey road,Dhaka,46,0,Building,"fire in a building, possibly due to lack of fire safety and running restaurants without approval.",Bangladesh,event,road accident,2024-03-09,14:38:34,Mar,3,Clear sky,14,Mar,fire in a building possibly due to lack of fire safety and running restaurants without approval
2295,"Chapainawabganj road crash toll rises to 8, injured 5",2020-11-19 15:08:27,https://en.prothomalo.com/bangladesh/accident/chapainawabganj-road-crash-toll-rises-to-8-injured-5,barek bazar area,Nawabganj,8,5,Engine-Run Vehicle (Bhutbhuti),vehicle skidded off the road and plunged into a roadside ditch,Bangladesh,event,road accident,2020-11-19,15:08:27,Nov,11,Partly cloudy,15,Nov,vehicle skidded off the road and plunged into a roadside ditch
2296,Cumilla road crash leaves 2 dead,2020-10-03 13:47:09,https://en.prothomalo.com/bangladesh/accident/fzz3v8z981,dhaka-chattogram highway at korpai,Cumilla,2,5,"Bus, Microbus, Truck",collision among three vehicles,Bangladesh,event,road accident,2020-10-03,13:47:09,Oct,10,Light rain,13,Oct,collision among three vehicles
2297,Cumilla road crash leaves 2 dead,2020-10-03 13:47:09,https://en.prothomalo.com/bangladesh/accident/cumilla-road-crash-leaves-2-dead,dhaka-chattogram highway at korpai,Cumilla,2,5,"Bus, Microbus, Truck",collision among three vehicles,Bangladesh,event,road accident,2020-10-03,13:47:09,Oct,10,Light rain,13,Oct,collision among three vehicles
2300,Anarchy and chaos on the road must stop,2022-01-22 15:13:20,https://en.prothomalo.com/opinion/editorial/anarchy-and-chaos-on-the-road-must-stop,near joykali mandir in the capital,Dhaka,2,0,Bus,"scuffle over fare, buses competing to overtake",Bangladesh,event,road accident,2022-01-22,15:13:20,Jan,1,Light rain,15,Jan,scuffle over fare buses competing to overtake
2302,Dhaka public transport: How long dilapidated buses will ply,2023-07-27 08:30:00,https://en.prothomalo.com/bangladesh/yw5ec1xcda,dhaka,Dhaka,0,0,Passenger Buses,"owners of the buses add extra seats, buses are not washed, most of the buses do not have headlights, body paints are faded and looking glasses as well as indicators are being broken, buses vie to pick up extra passengers and their tussles",Bangladesh,event,road accident,2023-07-27,08:30:00,Jul,7,Light rain,8,Jul,owners of the buses add extra seats buses are not washed most of the buses do not have headlights body paints are faded and looking glasses as well as indicators are being broken buses vie to pick up extra passengers and their tussles
2304,Suspended Gazipur mayor Mannan faces road accident,2016-03-11 20:20:50,https://en.prothomalo.com/bangladesh/Suspended-Gazipur-mayor-Mannan-faces-road-accident,meghdubi,Gazipur,0,4,,,Bangladesh,event,road accident,2016-03-11,20:20:50,Mar,3,Partly cloudy,20,Mar,
2306,Why not half fare for students all over the country,2021-12-01 17:11:55,https://en.prothomalo.com/opinion/editorial/why-not-half-fare-for-students-all-over-the-country,dhaka,Dhaka,0,0,Bus,student protest for half fare,Bangladesh,event,road accident,2021-12-01,17:11:55,Dec,12,Partly cloudy,17,Dec,student protest for half fare
2307,"2 killed in Satkhira road crash

",2020-09-29 15:12:41,https://en.prothomalo.com/bangladesh/accident/2-killed-in-satkhira-road-crash-2,satkhira-jashore highway in madhabkathi area,Satkhira,2,3,Motorbike And A Pick-Up Van,collision,Bangladesh,event,road accident,2020-09-29,15:12:41,Sep,9,Moderate rain,15,Sep,collision
2308,"2 killed in Satkhira road crash

",2020-09-29 15:12:41,https://en.prothomalo.com/bangladesh/accident/2-killed-in-satkhira-road-crash,satkhira-jashore highway in madhabkathi area,Satkhira,2,3,Motorbike And Pick-Up Van,collision,Bangladesh,event,road accident,2020-09-29,15:12:41,Sep,9,Moderate rain,15,Sep,collision
2313,"What happens in BM Container Depot, who are the owners",2022-06-05 23:26:56,https://en.prothomalo.com/bangladesh/what-happens-in-bm-container-depot-who-are-the-owners,bm container depot,Chattogram,0,0,,,Bangladesh,event,road accident,2022-06-05,23:26:56,Jun,6,Moderate rain,23,Jun,
2317,Dhaka city corporations must take responsibilities,2021-11-26 15:43:54,https://en.prothomalo.com/opinion/editorial/dhaka-city-corporations-must-take-responsibilities,gulistan and panthapath,Dhaka,2,0,"Garbage Truck, Motorcycle",hit by garbage truck,Bangladesh,event,road accident,2021-11-26,15:43:54,Nov,11,Clear sky,15,Nov,hit by garbage truck
2318,Cox’s Bazar road crash kills 2 tourists ,2020-10-11 17:11:53,https://en.prothomalo.com/bangladesh/accident/coxs-bazar-road-crash-kills-2-tourists,chattogram-cox's bazar highway at islamabad hasherdighi area,Chattogram,2,17,Bus,hitting an electric pole,Bangladesh,event,road accident,2020-10-11,17:11:53,Oct,10,Light rain,17,Oct,hitting an electric pole
2319,Death toll in Netrakona trawler capsize climbs to 11,2020-09-09 19:45:40,https://en.prothomalo.com/bangladesh/accident/death-toll-in-netrakona-trawler-capsize-climbs-to-11,gumai river,Netrakona,11,0,Trawler,capsized,Bangladesh,event,road accident,2020-09-09,19:45:40,Sep,9,,19,Sep,unknown
2320,Mother of two crushed between two buses in city,2021-03-08 09:59:30,https://en.prothomalo.com/bangladesh/accident/mother-of-two-crushed-between-two-buses-in-city,in front of gulistan golap shah mazar,Dhaka,1,0,Two Vehicles,crushed between two vehicles,Bangladesh,event,road accident,2021-03-08,09:59:30,Mar,3,Light rain,9,Mar,crushed between two vehicles
2324,6 killed as bus hits car in Mymensingh,2020-08-22 13:03:48,https://en.prothomalo.com/bangladesh/accident/6-killed-as-bus-hits-car-in-mymensingh,bhaluka municipality,Mymensingh,6,2,"Bus, Car",bus hit a car making a u-turn,Bangladesh,event,road accident,2020-08-22,13:03:48,Aug,8,Moderate rain,13,Aug,bus hit a car making a uturn
2326,"Mother, daughter killed in Cumilla road crash

",2020-09-22 09:43:48,https://en.prothomalo.com/bangladesh/accident/mother-daughter-killed-in-cumilla-road-crash,mainamoti area,Cumilla,2,0,Motorcycle And Passenger Bus,passenger bus hit a motorcycle,Bangladesh,event,road accident,2020-09-22,09:43:48,Sep,9,Moderate rain,9,Sep,passenger bus hit a motorcycle
2327,Eid travel: There should be no compromise in preparations,2022-04-12 17:16:19,https://en.prothomalo.com/opinion/editorial/eid-travel-there-should-be-no-compromise-in-preparations,shimulia-banglabazar ferry,,5,0,,overcrowding,Bangladesh,event,road accident,2022-04-12,17:16:19,Apr,4,,17,Apr,overcrowding
2328,"Plying of battery-run auto-rickshaws, vans to stay banned: Home minister",2021-06-20 22:30:23,https://en.prothomalo.com/bangladesh/plying-of-battery-run-auto-rickshaws-vans-to-stay-banned-home-minister,bangladesh secretariat,Dhaka,0,0,Battery-Run Auto-Rickshaws And Vans,lack of discipline in the road transport sector,Bangladesh,event,road accident,2021-06-20,22:30:23,Jun,6,Moderate rain,22,Jun,lack of discipline in the road transport sector
2329,"Five killed in Narsingdi truck-microbus collision, 7 injured",2021-06-20 10:28:11,https://en.prothomalo.com/bangladesh/accident/five-killed-in-narsingdi-truck-microbus-collision-7-injured,ghorashal-tongi regional road in panchdona area,Narsingdi,5,7,"Truck, Microbus",collision,Bangladesh,event,road accident,2021-06-20,10:28:11,Jun,6,Moderate rain,10,Jun,collision
2330,Cargo vessel sinks in Meghna,2020-07-22 09:24:39,,meghna river at harina,Chandpur,0,0,Cargo Ship,anchor got displaced due to strong current,Bangladesh,event,road accident,2020-07-22,09:24:39,Jul,7,Moderate rain,9,Jul,anchor got displaced due to strong current
2331,"3 killed in Sirajganj road crash

",2020-07-03 10:13:54,https://en.prothomalo.com/bangladesh/local-news/3-killed-in-sirajganj-road-crash,hatikumrul-banpara highway at hamkuria,Sirajganj,3,0,Vehicle,vehicle knocked them down as they were standing alongside the road,Bangladesh,event,road accident,2020-07-03,10:13:54,Jul,7,Light rain,10,Jul,vehicle knocked them down as they were standing alongside the road
2335,Five bodies retrieved as speed boat capsizes in Patuakhali,2020-10-24 14:24:14,,agunmukha river,Patuakhali,5,0,Speed Boat,capsized,Bangladesh,event,road accident,2020-10-24,14:24:14,Oct,10,Light rain,14,Oct,unknown
2337,Youth killed  in Chuadanga road crash ,2020-05-25 18:00:46,https://en.prothomalo.com/bangladesh/accident/chuadanga-road-crash-kills-youth,alamdanga upazila,Chuadanga,1,2,Motorcycle,head-on collision,Bangladesh,event,road accident,2020-05-25,18:00:46,May,5,Partly cloudy,18,May,head-on collision
2338,"Motorcyclist killed in city road crash

",2020-08-19 15:01:22,https://en.prothomalo.com/bangladesh/accident/motorcyclist-killed-in-city-road-crash-2,shanir akhra,Dhaka,1,0,Bus And Motorbike,bus hit motorbike from behind,Bangladesh,event,road accident,2020-08-19,15:01:22,Aug,8,Heavy rain,15,Aug,bus hit motorbike from behind
2339,Gas cylinder explosion kills 3 in Moheshkhali,2021-01-22 22:50:53,,matarbari,Cox's Bazar,3,8,Not Applicable,gas cylinder explosion used for inflating balloons,Bangladesh,event,road accident,2021-01-22,22:50:53,Jan,1,Partly cloudy,22,Jan,gas cylinder explosion used for inflating balloons
2340,Mountaineer Reshma's death: Police arrest microbus driver,2020-08-19 10:00:04,https://en.prothomalo.com/bangladesh/crime-and-law/mountaineer-reshmas-death-police-arrest-microbus-driver,sher-e-bangla nagar lake road,Dhaka,1,0,"Microbus, Bicycle",microbus hit bicycle,Bangladesh,event,road accident,2020-08-19,10:00:04,Aug,8,Heavy rain,10,Aug,microbus hit bicycle
2341,Manikganj road crash kills 3,2020-10-22 19:11:00,https://en.prothomalo.com/bangladesh/accident/manikganj-road-crash-kills-3,bakchar area of singair upazila,Manikganj,3,20,Bus,bus fell into a roadside ditch,Bangladesh,event,road accident,2020-10-22,19:11:00,Oct,10,Heavy rain,19,Oct,bus fell into a roadside ditch