id,title,date,article_url,place_of_accident,district,number_of_deaths,number_of_injured,vehicle_type,cause_of_accident,country,report_type,type_of_accident,accident_date,accident_time,month,month_num,condition,accident_hour,month_name,cause_of_accident_normalized
2345,Two die of electrocution in Kishoreganj,2020-08-16 20:44:04,https://en.prothomalo.com/bangladesh/accident/two-die-of-electrocution-in-kishoreganj,mirzapur village,Kishoreganj,2,0,,contact with an electrical line,Bangladesh,event,road accident,2020-08-16,20:44:04,Aug,8,Light rain,20,Aug,contact with an electrical line
2346,"3 killed, 4 hurt in road accident",2016-02-17 15:33:41,https://en.prothomalo.com/bangladesh/3-killed-4-hurt-in-road-accident,"gauripur bazar, daudkandi upazila",Cumilla,3,4,Covered Van,driver lost control,Bangladesh,event,road accident,2016-02-17,15:33:41,Feb,2,Partly cloudy,15,Feb,driver lost control
2347,Three killed in Chandpur road crash,2020-07-29 20:54:44,https://en.prothomalo.com/bangladesh/accident/three-killed-in-chandpur-road-crash,kakoirtola area of chandpur-cumilla highway,Chandpur,3,3,"Bus, Auto-Rickshaw",collision,Bangladesh,event,road accident,2020-07-29,20:54:44,Jul,7,Light rain,20,Jul,collision
2348,"MP vessel's recklessness, bridge's faulty design responsible: Probe body",2021-04-13 21:54:24,https://en.prothomalo.com/bangladesh/crime-and-law/mp-vessels-recklessness-bridges-faulty-design-responsible-probe-body,river shitalakshya,,34,0,Passenger Launch And Cargo Vessel,"recklessness of mp's cargo vessel, faulty design of the under-construction 3rd shitalakshya bridge, and bridge construction materials kept in the waterways",Bangladesh,event,road accident,2021-04-13,21:54:24,Apr,4,,21,Apr,recklessness of mps cargo vessel faulty design of the underconstruction 3rd shitalakshya bridge and bridge construction materials kept in the waterways
2354,Sylhet road crash kills four ,2020-08-14 01:45:49,,bhanga area of dhaka-sylhet highway,Sylhet,4,2,"Bus, Auto-Rickshaw",bus hit auto-rickshaw,Bangladesh,event,road accident,2020-08-14,01:45:49,Aug,8,Moderate rain,1,Aug,bus hit autorickshaw
2355,Anarchy on the roads must stop,2022-02-11 15:29:16,https://en.prothomalo.com/opinion/editorial/anarchy-on-the-roads-must-stop,"chakaria upazila of cox's bazar, chittagong-fatikchhari road",,7,0,"Pickup Van, Chander Gari (Locally Modified Vehicle), Motorcycle","crushed by pickup van, ran over by vehicle while fleeing police",Bangladesh,event,road accident,2022-02-11,15:29:16,Feb,2,,15,Feb,crushed by pickup van ran over by vehicle while fleeing police
2356,Mismanagement leads to speedboat crash: Probe body,2021-05-09 22:24:42,,river routes between banglabazar in madaripur and shimulia in munshiganj,Madaripur,26,0,Speedboat,driver under the influence of drugs,Bangladesh,event,road accident,2021-05-09,22:24:42,May,5,Light rain,22,May,driver under the influence of drugs
2358,Road crash kills five in Sylhet,2020-08-29 18:17:03,,chowghari bazar area of sylhet-zakiganj highway,Gopalganj,5,0,"Bus, Auto-Rickshaw",collision,Bangladesh,event,road accident,2020-08-29,18:17:03,Aug,8,Moderate rain,18,Aug,collision
2373,ATN News official among 2 killed in road crash,2020-08-02 16:59:47,,bamundi nishipur in gangni upazila,Meherpur,2,0,Truck,truck hit them,Bangladesh,event,road accident,2020-08-02,16:59:47,Aug,8,Moderate rain,16,Aug,truck hit them
2374,"RMG worker killed in Savar road crash

",2020-10-05 10:27:34,,kalma bus stand,Dhaka,1,1,Pick-Up Van And Motorcycle,pick-up van hit a motorcycle,Bangladesh,event,road accident,2020-10-05,10:27:34,Oct,10,Moderate rain,10,Oct,pickup van hit a motorcycle
2376,"3 killed in city road crash

",2020-05-25 18:51:54,https://en.prothomalo.com/bangladesh/3-killed-in-city-road-crash,kalyanpur,Dhaka,3,6,"Private Car, Cng-Run Auto-Rickshaw",head on collision,Bangladesh,event,road accident,2020-05-25,18:51:54,May,5,Light rain,18,May,head-on collision
2377,Three die inhaling toxic gas,2020-07-31 15:46:36,https://en.prothomalo.com/bangladesh/local-news/three-die-inhaling-toxic-gas,puijala village,,3,0,,inhalation of toxic gas in a septic tank,Bangladesh,event,road accident,2020-07-31,15:46:36,Jul,7,,15,Jul,inhalation of toxic gas in a septic tank
2384,Rajbari road crash kills 3 members of a family,2020-06-14 15:28:58,https://en.prothomalo.com/bangladesh/accident/rajbari-road-crash-kills-3-members-of-a-family,dhaka-khulna highway at khankhanapur,Rajbari,3,3,Truck And Private Car,truck hit private car,Bangladesh,event,road accident,2020-06-14,15:28:58,Jun,6,Moderate rain,15,Jun,truck hit private car
2386,"'How can I live alone', wife laments",2021-11-27 18:18:16,https://en.prothomalo.com/bangladesh/accident/how-can-i-live-alone-wife-laments,in front of bashundhara city shopping complex,Dhaka,1,0,Garbage Truck,run over by a garbage truck,Bangladesh,event,road accident,2021-11-27,18:18:16,Nov,11,Clear sky,18,Nov,run over by a garbage truck
2388,4 labourers killed in Parbatipur truck accident,2016-02-03 12:16:49,,barapukuria coalmine,Dinajpur,4,3,Truck,plunged into a roadside ditch,Bangladesh,event,road accident,2016-02-03,12:16:49,Feb,2,Partly cloudy,12,Feb,plunged into a roadside ditch
2391,Bodies of 6 including bridegroom recovered as trawler capsizes in Meghna,2020-12-15 20:28:21,https://en.prothomalo.com/bangladesh/local-news/bodies-of-6-including-bridegroom-recovered-as-trawler-capsizes-in-meghna,meghna river in hatia upazila,Noakhali,6,0,Trawler,capsized due to strong current,Bangladesh,event,road accident,2020-12-15,20:28:21,Dec,12,Clear sky,20,Dec,capsized due to strong current
2392,"2 HSC examinees killed in Savar road crash

",2020-08-16 13:43:05,https://en.prothomalo.com/bangladesh/accident/2-hsc-examinees-killed-in-savar-road-crash,dhaka-aricha highway at srirampur,Dhaka,2,0,"Bus, Motorcycle",,Bangladesh,event,road accident,2020-08-16,13:43:05,Aug,8,Moderate rain,13,Aug,
2393,Khulna road accident death toll 4,2016-01-31 11:47:17,https://en.prothomalo.com/bangladesh/Khulna-road-accident-death-toll-4,zero point area,Khulna,4,20,Bus,driver lost control over the steering,Bangladesh,event,road accident,2016-01-31,11:47:17,Jan,1,Light rain,11,Jan,driver lost control over the steering
2394,Ex-minister Shahjahan Khan declared persona non grata in Khulna,2021-02-08 20:07:30,https://en.prothomalo.com/bangladesh/ex-minister-shahjahan-khan-declared-persona-non-grata-in-khulna,khulna press club,Khulna,0,0,Road Transport,unsavoury remarks about a safe roads activist,Bangladesh,event,road accident,2021-02-08,20:07:30,Feb,2,Clear sky,20,Feb,unsavoury remarks about a safe roads activist
2395,3 killed in Cox’s Bazar road crash,2021-03-07 13:11:05,https://en.prothomalo.com/bangladesh/accident/3-killed-in-coxs-bazar-road-crash,kalatoli dolphin chattar,Cox's Bazar,3,7,Truck,ploughed through a footpath,Bangladesh,event,road accident,2021-03-07,13:11:05,Mar,3,Rain showers (moderate or heavy),13,Mar,ploughed through a footpath
2397,City road crash kills man ,2020-07-11 17:54:21,https://en.prothomalo.com/bangladesh/accident/city-road-crash-kills-man,near banani setu bhaban,Dhaka,1,0,,crossing a road,Bangladesh,event,road accident,2020-07-11,17:54:21,Jul,7,Light rain,17,Jul,crossing a road
2402,Explosion at Narayanganj flat burns 11 of two families,2021-04-23 11:41:02,https://en.prothomalo.com/bangladesh/accident/explosion-at-narayanganj-flat-burns-11-of-two-families,paschim talla area,Narayanganj,0,11,Apartment,gas accumulation from leakage,Bangladesh,event,road accident,2021-04-23,11:41:02,Apr,4,Partly cloudy,11,Apr,gas accumulation from leakage
2407,Woman dies of burn injuries in Chattogram fire,2020-11-09 14:38:08,https://en.prothomalo.com/bangladesh/accident/woman-dies-of-burn-injuries-in-chattogram-fire,"mariam bhaban, uttar kattali",Chattogram,1,8,,short circuit,Bangladesh,event,road accident,2020-11-09,14:38:08,Nov,11,Clear sky,14,Nov,short circuit
2409,Five deaths and the government's development vision,2022-10-11 17:13:00,https://en.prothomalo.com/opinion/op-ed/iooq2q6f1w,kanchpur bridge,,5,0,"Microbus, Battery-Run Auto-Rickshaw",auto-rickshaw coming down the wrong side of the road,Bangladesh,event,road accident,2022-10-11,17:13:00,Oct,10,,17,Oct,autorickshaw coming down the wrong side of the road
2410,Sirajganj road crash kills 3,2020-06-17 20:26:21,https://en.prothomalo.com/bangladesh/accident/sirajganj-road-crash-kills-3,nalka talukdar area of kamarkhand upazila,Sirajganj,3,2,Truck,head-on collision,Bangladesh,event,road accident,2020-06-17,20:26:21,Jun,6,Moderate rain,20,Jun,head-on collision
2411,Two cousins electrocuted in Kishoreganj,2020-07-03 19:00:13,https://en.prothomalo.com/bangladesh/accident/two-cousins-die-from-electrocution-in-kishoreganj,machimpur village,Kishoreganj,2,1,,electrocution,Bangladesh,event,road accident,2020-07-03,19:00:13,Jul,7,Light rain,19,Jul,electrocution
2412,Two killed in city road crash,2020-05-28 21:58:47,https://en.prothomalo.com/bangladesh/accident/two-killed-in-city-road-crash,minto road,Dhaka,2,0,Motorcycle,head-on collision,Bangladesh,event,road accident,2020-05-28,21:58:47,May,5,Heavy rain,21,May,head-on collision
2413,Two killed in city road crash,2020-05-28 21:58:47,https://en.prothomalo.com/bangladesh/Two-killed-in-city-road-crash,minto road,Dhaka,2,0,Motorcycle,head-on collision,Bangladesh,event,road accident,2020-05-28,21:58:47,May,5,Heavy rain,21,May,head-on collision
2414,Man killed in Jatrabari road accident,2016-01-23 12:57:13,https://en.prothomalo.com/bangladesh/Man-killed-in-Jatrabari-road-accident,jatrabari,Dhaka,1,0,Bus,bus hit him,Bangladesh,event,road accident,2016-01-23,12:57:13,Jan,1,Partly cloudy,12,Jan,bus hit him
2416,"Negligence of officials, owners behind MV Abhijan-10 fire: Citizens’ probe body",2022-01-22 20:52:24,https://en.prothomalo.com/bangladesh/accident/negligence-of-officials-owners-behind-mv-abhijan-10-fire-citizens-probe-body,jhalakathi,Jhalokati,50,0,Launch (Mv Abhijan-10),fire,Bangladesh,event,road accident,2022-01-22,20:52:24,Jan,1,Moderate rain,20,Jan,fire
2421,Two killed in road crash,2020-04-01 11:19:27,https://en.prothomalo.com/bangladesh/accident/two-killed-in-road-crash,mymensingh-kishoreganj road at charanipara in nandail upazila,Mymensingh,2,0,"Truck, By-Cycle",truck ran them over,Bangladesh,event,road accident,2020-04-01,11:19:27,Apr,4,Mainly clear,11,Apr,truck ran them over
2422,Agriculture official dies in road accident,2016-01-19 12:32:53,https://en.prothomalo.com/bangladesh/Agriculture-official-dies-in-road-accident,prodhaner haat area on the debiganj-nilphamari road in debiganj upazila,Panchagarh,2,0,Motorcycle And Bus,bus knocked down their vehicle,Bangladesh,event,road accident,2016-01-19,12:32:53,Jan,1,,12,Jan,bus knocked down their vehicle
2428,Motorcyclist killed on Mayor Hanif flyover,2020-08-06 20:12:36,https://en.prothomalo.com/bangladesh/accident/motorcyclist-killed-on-mayor-hanif-flyover,mayor hanif flyover in jatrabari,Dhaka,1,1,"Motorcycle, Passenger Bus",passenger bus hit motorcycle from behind,Bangladesh,event,road accident,2020-08-06,20:12:36,Aug,8,Moderate rain,20,Aug,passenger bus hit motorcycle from behind
2429,Trawler capsize kills at least 17 in Netrokona haor,2020-08-05 18:27:05,https://en.prothomalo.com/bangladesh/accident/trawler-capsize-kills-at-least-17-in-netrokona-haor,razalikanda haor,,17,0,Trawler,strong current,Bangladesh,event,road accident,2020-08-05,18:27:05,Aug,8,,18,Aug,strong current
2430,"ASI killed while chasing mugger in Dhaka

",2020-03-19 09:21:37,https://en.prothomalo.com/bangladesh/accident/asi-killed-while-chasing-mugger-in-dhaka,old airport,Dhaka,1,0,Motorcycle,chasing a snatcher,Bangladesh,event,road accident,2020-03-19,09:21:37,Mar,3,Partly cloudy,9,Mar,chasing a snatcher
2431,"Father, son killed as their motorbike hits power pole

",2020-10-19 08:34:54,https://en.prothomalo.com/bangladesh/accident/father-son-killed-as-their-motorbike-hits-power-pole,"konapara, jatrabari",Dhaka,2,0,Motorcycle,rammed into a roadside electrical pole,Bangladesh,event,road accident,2020-10-19,08:34:54,Oct,10,Light rain,8,Oct,rammed into a roadside electrical pole
2432,Three youths killed as bus crushes motorcycle,2020-09-19 12:13:16,https://en.prothomalo.com/bangladesh/accident/three-youths-killed-as-bus-crushes-motorcycle,dhaka-khulna highway at the college intersection,Gopalganj,3,0,"Bus, Motorcycle",bus hit motorcyclists,Bangladesh,event,road accident,2020-09-19,12:13:16,Sep,9,Light rain,12,Sep,bus hit motorcyclists
2442,Road crash kills three in Dhamrai,2020-08-03 16:21:08,https://en.prothomalo.com/bangladesh/road-crash-kills-three-in-dhamrai,bathuli bus-stand,Dhaka,3,2,"Bus, Pickup Van",bus hit a pickup van,Bangladesh,event,road accident,2020-08-03,16:21:08,Aug,8,Light rain,16,Aug,bus hit a pickup van
2445,Siblings killed in Feni road crash ,2020-07-18 00:57:00,https://en.prothomalo.com/bangladesh/accident/siblings-killed-in-feni-road-crash,gainbari,Feni,2,0,Cng Auto-Rickshaw,head-on collision,Bangladesh,event,road accident,2020-07-18,00:57:00,Jul,7,Light rain,0,Jul,head-on collision
2446,4 of a family among 6 killed in Barishal road crash,2020-09-09 20:57:06,https://en.prothomalo.com/bangladesh/accident/4-of-a-family-among-6-killed-in-barishal-road-crash,atipara area of wazirpur,Barishal,6,0,Covered-Van And Ambulance,head-on collision,Bangladesh,event,road accident,2020-09-09,20:57:06,Sep,9,Light rain,20,Sep,head-on collision
2447,"Mother, son among 5 killed in Rangpur road accident",2016-01-11 21:11:36,,rangpur-dinajpur road in rangpur’s pagla pir area,Rangpur,5,0,"Rickshaw Van, Vehicle Of Prison Guards",vehicle of prison guards rammed a rickshaw van,Bangladesh,event,road accident,2016-01-11,21:11:36,Jan,1,"Snow, moderate",21,Jan,vehicle of prison guards rammed a rickshaw van
2448,Five killed in Rangpur road accident,2016-01-11 20:38:47,,rangpur-dinajpur road in rangpur’s pagla pir area,Rangpur,5,0,Pick-Up Van And Rickshaw Van,pick-up van of prison police rammed a rickshaw van,Bangladesh,event,road accident,2016-01-11,20:38:47,Jan,1,"Snow, moderate",20,Jan,pickup van of prison police rammed a rickshaw van
2449,Bogura road crash kills four,2020-07-25 15:58:04,,matidhali,,4,2,Pickup Van,ran over,Bangladesh,event,road accident,2020-07-25,15:58:04,Jul,7,,15,Jul,ran over
2450,"Cop, man killed in road accidents",2016-01-11 13:11:54,https://en.prothomalo.com/bangladesh/Cop-man-killed-in-road-crash-2,rayerbag and kuril,Dhaka,2,0,Bus,hit by bus,Bangladesh,event,road accident,2016-01-11,13:11:54,Jan,1,Partly cloudy,13,Jan,hit by bus
2451,4 killed in Bogura road crash,2020-03-25 15:29:01,,"ghoga bottala, sherpur upazila",Bogra,4,10,"Bus, Truck",head-on collision,Bangladesh,event,road accident,2020-03-25,15:29:01,Mar,3,Mainly clear,15,Mar,head-on collision
2452,Pedestrian killed in Gopalganj road crash,2020-02-28 17:18:48,,dhaka-khulna highway in charchapta area,Gopalganj,1,0,Microbus,speeding microbus hit pedestrian crossing the road,Bangladesh,event,road accident,2020-02-28,17:18:48,Feb,2,Partly cloudy,17,Feb,speeding microbus hit pedestrian crossing the road
2453,Man dies in Babubazar road accident,2016-01-10 10:21:12,https://en.prothomalo.com/bangladesh/Man-dies-in-Babubazar-road-accident,babubazar,Dhaka,1,0,Human Hauler,hit by a human hauler,Bangladesh,event,road accident,2016-01-10,10:21:12,Jan,1,Partly cloudy,10,Jan,hit by a human hauler
2463,Road transport act must be implemented in full,2021-07-31 14:13:05,https://en.prothomalo.com/opinion/editorial/road-transport-act-must-be-implemented-in-full,airport road,Dhaka,2,0,Bus,reckless driving,Bangladesh,event,road accident,2021-07-31,14:13:05,Jul,7,Light rain,14,Jul,reckless driving
2465,Three killed in Gopalganj road crash,2020-07-30 13:16:40,https://en.prothomalo.com/bangladesh/accident/three-killed-in-gopalganj-road-crash,dhaka-khulna highway in kashiani,Gopalganj,3,2,Car,crashed into the railing of a railway flyover,Bangladesh,event,road accident,2020-07-30,13:16:40,Jul,7,Moderate rain,13,Jul,crashed into the railing of a railway flyover
2466,Two siblings die in shipyard inhaling toxic gas,2020-03-25 00:24:38,https://en.prothomalo.com/bangladesh/local-news/two-siblings-die-in-shipyard-inhaling-toxic-gas,madambibir hat,Chattogram,2,2,Vessel,inhaling toxic gas,Bangladesh,event,road accident,2020-03-25,00:24:38,Mar,3,Clear sky,0,Mar,inhaling toxic gas
2469,"Unauthorised buses on the roads, ‘appeasing’ the police

",2023-03-21 15:42:49,https://en.prothomalo.com/bangladesh/4x7harq0zr,padma bridge expressway,Gopalganj,19,0,Bus,"operating without route permit/fitness certificate, reckless speed",Bangladesh,event,road accident,2023-03-21,15:42:49,Mar,3,Heavy rain,15,Mar,operating without route permitfitness certificate reckless speed
2470,"Passenger safety restricted to law, not roads",2022-08-06 15:52:12,https://en.prothomalo.com/bangladesh/crime-and-law/1wavnwbh7p,tangail,Tangail,0,1,Bus,random pick-up of passengers leading to robbery and rape,Bangladesh,event,road accident,2022-08-06,15:52:12,Aug,8,Moderate rain,15,Aug,random pickup of passengers leading to robbery and rape
2473,No shelter for mother in her millionaire son's house,2021-09-10 22:26:42,https://en.prothomalo.com/bangladesh/local-news/no-shelter-for-mother-in-her-millionaire-sons-house,jalalabad residential area of sylhet,Sylhet,0,1,,accident,Bangladesh,event,road accident,2021-09-10,22:26:42,Sep,9,Moderate rain,22,Sep,accident
2475,Road crashes kill 3 in Dhaka,2021-03-04 22:18:37,https://en.prothomalo.com/bangladesh/accident/road-crashes-kill-3-in-dhaka,"khilkhet, postagola bridge and jatrabari areas",Dhaka,3,0,Drum Truck,speeding truck hit pedestrian,Bangladesh,event,road accident,2021-03-04,22:18:37,Mar,3,Clear sky,22,Mar,speeding truck hit pedestrian
2476,PM Hasina for bringing drivers under dope test,2020-10-22 14:23:02,https://en.prothomalo.com/bangladesh/pm-hasina-for-bringing-drivers-under-dope-test,bangladesh road transport authority (brta) auditorium,Dhaka,0,0,Vehicles,drug use by drivers,Bangladesh,event,road accident,2020-10-22,14:23:02,Oct,10,Heavy rain,14,Oct,drug use by drivers
2477,Road crash kills 12 in Chattogram,2020-03-21 22:53:05,https://en.prothomalo.com/bangladesh/accident/road-crash-kills-10-in-chattogram,padua,Chattogram,10,12,Truck And Human-Hauler,collision between truck and human-hauler,Bangladesh,event,road accident,2020-03-21,22:53:05,Mar,3,Partly cloudy,22,Mar,collision between truck and humanhauler
2480,Unfit launches spruced up for Eid trips,2022-04-25 17:43:19,,river routes across the country,Dhaka,0,0,Launch,"overloading of passengers, faulty vessels, risky competition, mismanagement and lack of trained, skilled and competent crews",Bangladesh,event,road accident,2022-04-25,17:43:19,Apr,4,Partly cloudy,17,Apr,overloading of passengers faulty vessels risky competition mismanagement and lack of trained skilled and competent crews
2484,"Child killed in Gaibandha road crash

",2020-03-13 19:00:37,https://en.prothomalo.com/bangladesh/accident/child-killed-in-gaibandha-road-crash,majhipara village,Gaibandha,1,0,Auto Rickshaw (Cng),being hit by a cng-run auto-rickshaw,Bangladesh,event,road accident,2020-03-13,19:00:37,Mar,3,Partly cloudy,19,Mar,being hit by a cngrun autorickshaw
2485,Tangail road crash kills 5,2020-03-28 09:50:26,,kandila,Tangail,5,11,Truck,overturned,Bangladesh,event,road accident,2020-03-28,09:50:26,Mar,3,Clear sky,9,Mar,overturned
2487,Man dies in road accident at Shahbagh,2015-12-29 10:37:12,https://en.prothomalo.com/bangladesh/Man-dies-in-road-accident-at-Shahbagh,shahbagh intersection,Dhaka,1,0,,,Bangladesh,event,road accident,2015-12-29,10:37:12,Dec,12,Partly cloudy,10,Dec,
2490,Padma boat capsize: Bride’s body retrieved,2020-03-09 10:44:14,https://en.prothomalo.com/bangladesh/local-news/padma-boat-capsize-brides-body-retrieved,padma river,Rajshahi,1,0,,boat capsize,Bangladesh,event,road accident,2020-03-09,10:44:14,Mar,3,,10,Mar,boat capsize
2491,3 killed in Rangpur road crash,2020-04-26 16:36:06,,rngpur-dinajpur highway at paglapir,Dinajpur,3,5,"Truck, Human Hauler",truck hit two human haulers,Bangladesh,event,road accident,2020-04-26,16:36:06,Apr,4,Light rain,16,Apr,truck hit two human haulers
2492,Shitalakshya launch capsize: Death toll jumps to 28,2021-04-05 23:04:34,https://en.prothomalo.com/bangladesh/accident/shitalakshya-launch-capsize-death-toll-jumps-to-28,shitalakshya river,Narayanganj,28,0,Launch And Oil Tanker,hit by an oil-laden tanker,Bangladesh,event,road accident,2021-04-05,23:04:34,Apr,4,Mainly clear,23,Apr,hit by an oilladen tanker
2493,Two siblings killed by pickup truck ,2020-06-12 00:14:51,,"basta gazinda village, hemayetpur-manikganj highway",Manikganj,2,0,Pickup Truck,driver lost control over the steering,Bangladesh,event,road accident,2020-06-12,00:14:51,Jun,6,Moderate rain,0,Jun,driver lost control over the steering
2494,"Mymensingh road crash kills 7
",2020-08-08 22:59:31,,roychora area on muktagachha-jamalpur road,Mymensingh,7,0,Bus And Cng,head on collision between bus and cng,Bangladesh,event,road accident,2020-08-08,22:59:31,Aug,8,Dense rain,22,Aug,head on collision between bus and cng
2497,2 killed in Thakurgaon road crash,2020-05-08 11:09:37,https://en.prothomalo.com/bangladesh/local-news/2-killed-in-thakurgaon-road-crash,thakurgaon-dinajpur road,Thakurgaon,2,0,"Truck, Motorcycle",truck hit a motorbike,Bangladesh,event,road accident,2020-05-08,11:09:37,May,5,Light rain,11,May,truck hit motorcycle accident
2498,2 killed in Thakurgaon road crash,2020-05-08 11:09:37,https://en.prothomalo.com/bangladesh/2-killed-in-Thakurgaon-road-crash,thakurgaon-dinajpur road,Thakurgaon,2,0,"Truck, Motorcycle",truck hit a motorbike,Bangladesh,event,road accident,2020-05-08,11:09:37,May,5,Light rain,11,May,truck hit motorcycle accident
2506,Bicyclist killed by city truck ,2020-07-06 09:49:43,https://en.prothomalo.com/bangladesh/accident/bicyclist-killed-by-city-truck,banani,Dhaka,1,0,"Truck, Bicycle",speeding truck hit bicyclist,Bangladesh,event,road accident,2020-07-06,09:49:43,Jul,7,Light rain,9,Jul,speeding truck hit bicyclist
2508,Army man electrocuted in Chattogram,2020-07-04 21:33:00,https://en.prothomalo.com/bangladesh/accident/army-man-electrocuted-in-chattogram,sitakunda upazila,Chattogram,1,0,,negligence of cable operators leading to electrocution,Bangladesh,event,road accident,2020-07-04,21:33:00,Jul,7,Moderate rain,21,Jul,negligence of cable operators leading to electrocution
2509,2 die as trawler capsizes in Barishal,2020-05-06 18:10:40,https://en.prothomalo.com/bangladesh/accident/2-die-as-trawler-capsizes-in-barishal,meghna river,Barishal,2,0,Trawler,capsized during stormy weather,Bangladesh,event,road accident,2020-05-06,18:10:40,May,5,Light rain,18,May,capsized during stormy weather
2511,BRT project generates immense suffering,2022-10-28 16:53:37,https://en.prothomalo.com/bangladesh/v1xw17tpwq,cherag ali area of tongi,Gazipur,0,0,Bus Rapid Transit (Brt),"construction work narrowed the road down and created numerous potholes, knee-deep water accumulates",Bangladesh,event,road accident,2022-10-28,16:53:37,Oct,10,Clear sky,16,Oct,construction work narrowed the road down and created numerous potholes kneedeep water accumulates
2512,Five killed in Tangail boat capsize,2020-07-31 21:31:39,,"kaoaljani river, gilabari area",Tangail,5,0,,electrocution due to contact with a live wire in mid-river,Bangladesh,event,road accident,2020-07-31,21:31:39,Jul,7,Moderate rain,21,Jul,electrocution due to contact with a live wire in midriver
2515,2 killed in Narsingdi road crash,2020-03-20 11:01:42,https://en.prothomalo.com/bangladesh/accident/2-killed-in-narsingdi-road-crash,dhaka-sylhet highway,Narsingdi,2,6,,,Bangladesh,event,road accident,2020-03-20,11:01:42,Mar,3,Partly cloudy,11,Mar,
2516,2 killed in Narsingdi road crash,2020-03-20 11:01:42,https://en.prothomalo.com/bangladesh/2-killed-in-Narsingdi-road-crash,dhaka-sylhet highway at madhabdi,Narsingdi,2,6,,,Bangladesh,event,road accident,2020-03-20,11:01:42,Mar,3,Partly cloudy,11,Mar,
2521,"2 killed in Bogura road crash

",2020-05-17 15:21:40,,sherpur-dhaka highway at zamuna para,Sherpur,2,3,"Truck, Auto-Rickshaw",truck hit an auto-rickshaw,Bangladesh,event,road accident,2020-05-17,15:21:40,May,5,Dense rain,15,May,truck hit an autorickshaw
2523,"Three killed, 20 injured in Magura road crash
",2020-09-18 17:45:02,https://en.prothomalo.com/bangladesh/accident/three-killed-20-injured-in-magura-road-crash,dhaka-khulna highway in mugi area of magura sadar upazila,Magura,3,20,Bus,head-on collision between two buses,Bangladesh,event,road accident,2020-09-18,17:45:02,Sep,9,Dense rain,17,Sep,headon collision between two buses
2525,"Ambulance falls into pond with dead body

",2020-06-24 15:18:24,https://en.prothomalo.com/bangladesh/local-news/ambulance-falls-into-pond-with-dead-body,bagatipara,Natore,0,7,Ambulance,fell into a pond,Bangladesh,event,road accident,2020-06-24,15:18:24,Jun,6,Heavy rain,15,Jun,fell into a pond
2526,2 killed in Tangail traffic accident,2015-12-17 14:10:20,https://en.prothomalo.com/bangladesh/2-killed-in-Tangail-traffic-accident,soratoil area,Tangail,2,9,Bus And A Truck,collision,Bangladesh,event,road accident,2015-12-17,14:10:20,Dec,12,Partly cloudy,14,Dec,collision
2527,8 killed in Sirajganj road accident,2015-12-15 15:35:13,https://en.prothomalo.com/bangladesh/8-killed-in-Sirajganj-road-accident,nagarbari-bogra highway,Sirajganj,8,0,"Oil Tanker, Thee-Wheeler",collision between vehicles,Bangladesh,event,road accident,2015-12-15,15:35:13,Dec,12,Partly cloudy,15,Dec,collision between vehicles
2528,7 die in Rajshahi road accident,2015-12-15 15:33:15,https://en.prothomalo.com/bangladesh/7-die-in-Rajshahi-road-accident,"machhkata dighi poshchimpara, rajshahi",Rajshahi,7,48,"Bus, Auto-Rickshaw",head-on collision,Bangladesh,event,road accident,2015-12-15,15:33:15,Dec,12,,15,Dec,head-on collision
2533,"Father saves son from a Royal Bengal Tiger in Sundarbans

",2021-04-15 20:22:18,,deep forest of the sundarbans,Satkhira,0,1,"Boat, Coast Guard Speedboat",tiger attack,Bangladesh,event,road accident,2021-04-15,20:22:18,Apr,4,Moderate rain,20,Apr,tiger attack
2536,Man cleans blood from floor to destroy evidence of murdering wife: Police ,2021-04-09 15:39:36,,hatirjheel,Dhaka,1,0,Car,orchestrated road accident to conceal murder,Bangladesh,event,road accident,2021-04-09,15:39:36,Apr,4,Light rain,15,Apr,orchestrated road accident to conceal murder
2537,"Wrongly jailed woman released after 3 years, only to die in a road crash",2021-07-04 23:05:37,,bayezid connecting road,Chattogram,1,0,,road crash,Bangladesh,event,road accident,2021-07-04,23:05:37,Jul,7,Dense rain,23,Jul,road accident
2539,Journo Abdullah Faruk killed in road accident,2015-12-13 12:14:18,,kakrail intersection,Dhaka,1,0,Truck,hit by a truck,Bangladesh,event,road accident,2015-12-13,12:14:18,Dec,12,Partly cloudy,12,Dec,hit by a truck
2542,2 killed in Sylhet road accident,2015-12-09 11:01:32,https://en.prothomalo.com/bangladesh/2-killed-in-Sylhet-road-accident,sylhet-dhaka highway at lalabazar in south surma upazila,Sylhet,2,4,Truck,a sylhet-bound truck rammed into a standing truck from behind,Bangladesh,event,road accident,2015-12-09,11:01:32,Dec,12,"Snow, moderate",11,Dec,a sylhetbound truck rammed into a standing truck from behind