id,title,date,article_url,place_of_accident,district,number_of_deaths,number_of_injured,vehicle_type,cause_of_accident,country,report_type,type_of_accident,accident_date,accident_time,month,month_num,condition,accident_hour,month_name,cause_of_accident_normalized
2544,2 bikers killed in road accident,2015-12-08 11:06:43,,chandani,Rajbari,2,0,"Truck, Motorcycle",truck rammed into their motorcycle,Bangladesh,event,road accident,2015-12-08,11:06:43,Dec,12,Partly cloudy,11,Dec,truck rammed into their motorcycle
2547,2 cops killed in road accidents,2015-12-15 12:00:41,https://en.prothomalo.com/bangladesh/2-cops-killed-in-road-accidents,jessore,,2,0,,,Bangladesh,event,road accident,2015-12-15,12:00:41,Dec,12,,12,Dec,
2548,Young man killed in road accident at Rampura,2015-12-15 11:28:53,https://en.prothomalo.com/bangladesh/Young-man-killed-in-road-accident-at-Rampura,"rampura area, in front of molla tower, opposite bangladesh television bhaban",Dhaka,1,0,Unidentified Vehicle,vehicle ran over victim,Bangladesh,event,road accident,2015-12-15,11:28:53,Dec,12,Partly cloudy,11,Dec,vehicle ran over victim
2552,How to bring order to Dhaka streets,2021-11-25 19:19:30,https://en.prothomalo.com/opinion/op-ed/how-to-bring-order-to-dhaka-streets,gulistan,Dhaka,1,0,Dumpster Truck,hit by dumpster truck,Bangladesh,event,road accident,2021-11-25,19:19:30,Nov,11,Clear sky,19,Nov,hit by dumpster truck
2555,Launch capsize: 30 bodies recovered from Buriganga,2020-06-29 14:57:26,,buriganga river,,30,0,,capsized,Bangladesh,event,road accident,2020-06-29,14:57:26,Jun,6,,14,Jun,unknown
2557,'I am ready to sacrifice my limb',2022-04-10 21:03:04,https://en.prothomalo.com/bangladesh/city/i-am-ready-to-sacrifice-my-limb,dhaka university,Dhaka,0,1,Motorcycle,motorcycle accident,Bangladesh,event,road accident,2022-04-10,21:03:04,Apr,4,Moderate rain,21,Apr,motorcycle accident
2559,Preparations must be taken to ensure success of metro rail ,2021-09-01 17:05:32,https://en.prothomalo.com/opinion/editorial/preparations-must-be-taken-to-ensure-success-of-metro-rail,uttara to pallabi,Dhaka,0,0,Metro Rail,,Bangladesh,event,road accident,2021-09-01,17:05:32,Sep,9,Light rain,17,Sep,
2560,Quader for probe as Khalid smells deep conspiracy,2021-08-31 18:33:30,https://en.prothomalo.com/bangladesh/government/quader-for-probe-as-khalid-smells-deep-conspiracy,padma bridge,Munshiganj,0,0,,ferry hitting padma bridge,Bangladesh,event,road accident,2021-08-31,18:33:30,Aug,8,Light rain,18,Aug,ferry hitting padma bridge
2562,2 killed in Pabna road crash,2020-02-28 12:00:18,https://en.prothomalo.com/bangladesh/accident/2-killed-in-pabna-road-crash,pabna-dhaka highway at madhupur in ataikula upazila,Pabna,2,3,Covered Van And A Truck,collision,Bangladesh,event,road accident,2020-02-28,12:00:18,Feb,2,Partly cloudy,12,Feb,collision
2563,2 killed in Pabna road crash,2020-02-28 12:00:18,https://en.prothomalo.com/bangladesh/2-killed-in-Pabna-road-crash-2,pabna-dhaka highway at madhupur,Pabna,2,3,Covered Van And A Truck,collision,Bangladesh,event,road accident,2020-02-28,12:00:18,Feb,2,Partly cloudy,12,Feb,collision
2565,2 killed in Rajshahi road crash,2020-02-12 11:56:13,https://en.prothomalo.com/bangladesh/2-killed-in-Rajshahi-road-crash-3,razabari intersection,Rajshahi,2,3,"Pickup, Truck",pickup crashed into a parked truck,Bangladesh,event,road accident,2020-02-12,11:56:13,Feb,2,,11,Feb,pickup crashed into a parked truck
2566,2 killed in Rajshahi road crash,2020-02-12 11:56:13,https://en.prothomalo.com/bangladesh/2-killed-in-Rajshahi-road-crash,razabari intersection,Rajshahi,2,3,Pickup And Parked Truck,collision between pickup and parked truck,Bangladesh,event,road accident,2020-02-12,11:56:13,Feb,2,,11,Feb,collision between pickup and parked truck
2568,BM Container Depot owners flouted rules,2022-06-13 16:07:00,https://en.prothomalo.com/bangladesh/bm-container-depot-owners-flouted-rules,bm container depot,Chattogram,0,0,Container,flouting safety guidelines for hazardous substances storage,Bangladesh,event,road accident,2022-06-13,16:07:00,Jun,6,Moderate rain,16,Jun,flouting safety guidelines for hazardous substances storage
2570,Man killed in Satkhira road crash,2020-02-11 15:11:24,https://en.prothomalo.com/bangladesh/Man-killed-in-Satkhira-road-crash,kumira secondary school,Satkhira,1,0,Bus,hit by bus,Bangladesh,event,road accident,2020-02-11,15:11:24,Feb,2,Clear sky,15,Feb,hit by bus
2571,Road crash amid virus lockdown kills two,2020-04-25 14:53:02,https://en.prothomalo.com/bangladesh/accident/road-crash-amid-virus-lockdown-kills-two,jaigirhat bus stand,Rangpur,2,4,"Truck, Rickshaw, Van, Bicyclist",truck hit rickshaw and van,Bangladesh,event,road accident,2020-04-25,14:53:02,Apr,4,Dense rain,14,Apr,truck hit rickshaw and van
2574,Six killed in Chuadanga road crash,2020-08-08 12:47:21,https://en.prothomalo.com/bangladesh/local-news/five-killed-in-chuadanga-road-crash,sarojganj bazar,Chuadanga,6,3,"Bus, Motorcycle, Human Hauler",bus hitting motorcycle and human haulers,Bangladesh,event,road accident,2020-08-08,12:47:21,Aug,8,Moderate rain,12,Aug,bus hitting motorcycle and human haulers
2575,"Road crash kills 2 of a family in Munshiganj

",2020-03-17 22:56:17,https://en.prothomalo.com/bangladesh/accident/road-crash-kills-2-of-a-family-in-munshiganj,dhaka-mawa highway in keyotkhiya area of sreenagar upazila,Munshiganj,2,0,"Truck, Motor-Cycle",truck hit a motor-cycle,Bangladesh,event,road accident,2020-03-17,22:56:17,Mar,3,rain not reaching ground,22,Mar,truck hit a motorcycle
2576,Road crash kill two in Gazipur,2020-02-15 13:27:29,https://en.prothomalo.com/bangladesh/Road-crash-kill-two-in-Gazipur,dhaka-mymensingh highway in rajendrapur area,Gazipur,2,10,,,Bangladesh,event,road accident,2020-02-15,13:27:29,Feb,2,Mainly clear,13,Feb,
2577,College student killed in road crash,2020-01-13 23:38:43,https://en.prothomalo.com/bangladesh/College-student-killed-in-road-crash-5,digholi kazibari,Sylhet,1,1,"Motorcycle, Human-Hauler",collision with human-hauler,Bangladesh,event,road accident,2020-01-13,23:38:43,Jan,1,Partly cloudy,23,Jan,collision with humanhauler
2578,College student killed in road crash,2020-01-13 23:38:43,https://en.prothomalo.com/bangladesh/College-student-killed-in-road-crash-4,digholi kazibari,Sylhet,1,1,"Motorcycle, Human-Hauler",crash between human-hauler and motorcycle,Bangladesh,event,road accident,2020-01-13,23:38:43,Jan,1,Partly cloudy,23,Jan,crash between humanhauler and motorcycle
2579,College student killed in road crash,2020-01-13 23:38:43,https://en.prothomalo.com/bangladesh/College-student-killed-in-road-crash-3,digholi kazibari,Sylhet,1,1,"Motorcycle, Human-Hauler",human-hauler crashed into motorcycle,Bangladesh,event,road accident,2020-01-13,23:38:43,Jan,1,Partly cloudy,23,Jan,humanhauler crashed into motorcycle
2580,College student killed in road crash,2020-01-13 23:38:43,https://en.prothomalo.com/bangladesh/College-student-killed-in-road-crash-2,digholi kazibari,Sylhet,1,1,"Motorcycle, Human-Hauler",human-hauler crashed into motorcycle,Bangladesh,event,road accident,2020-01-13,23:38:43,Jan,1,Partly cloudy,23,Jan,humanhauler crashed into motorcycle
2581,College student killed in road crash,2020-01-13 23:38:43,https://en.prothomalo.com/bangladesh/College-student-killed-in-road-crash,digholi kazibari,Sylhet,1,1,"Human-Hauler, Motorcycle",human-hauler crashed into motorcycle,Bangladesh,event,road accident,2020-01-13,23:38:43,Jan,1,Partly cloudy,23,Jan,humanhauler crashed into motorcycle
2584,Bus driver killed in Jashore road crash,2020-02-19 14:14:38,,navaran-satkhira road at harikeni,Jashore,1,15,Bus,head-on collision,Bangladesh,event,road accident,2020-02-19,14:14:38,Feb,2,Partly cloudy,14,Feb,head-on collision
2586,Minor’s body retrieved from canal,2020-02-03 12:41:02,,kadamtola area,Dhaka,1,0,,fell into a canal,Bangladesh,event,road accident,2020-02-03,12:41:02,Feb,2,Clear sky,12,Feb,fell into a canal
2587,"HC summons two police investigators over death of Minu Akhter
",2021-08-16 21:40:58,https://en.prothomalo.com/bangladesh/crime-and-law/hc-summons-two-police-investigators-over-death-of-minu-akhter,chattogram,Chattogram,1,0,,,Bangladesh,event,road accident,2021-08-16,21:40:58,Aug,8,Light rain,21,Aug,
2589,Road crash kills 2 in Dhaka,2020-01-17 13:53:20,,saddam market,Dhaka,2,0,,,Bangladesh,event,road accident,2020-01-17,13:53:20,Jan,1,Clear sky,13,Jan,
2594,"Uncle, nephew killed in Joypurhat road accident",2015-11-20 13:13:18,https://en.prothomalo.com/bangladesh/Uncle-nephew-killed-in-Joypurhat-road-accident,khurikata in khetlal upazila,Joypurhat,2,9,Human Hauler,skidded off the road,Bangladesh,event,road accident,2015-11-20,13:13:18,Nov,11,Clear sky,13,Nov,skidded off the road
2598,3 killed as tractor hits bike,2020-01-31 22:24:02,,jagusa village,Jhenaidah,3,0,"Motorcycle, Tractor",tractor hit motorcycle,Bangladesh,event,road accident,2020-01-31,22:24:02,Jan,1,Partly cloudy,22,Jan,tractor hit motorcycle
2603,Five killed as bus hits human hauler,2020-01-12 18:19:27,,dhaka-khulna highway,Rajbari,5,2,"Bus, Human Hauler",collision,Bangladesh,event,road accident,2020-01-12,18:19:27,Jan,1,Mainly clear,18,Jan,collision
2605,2 killed in Chattogram road crash,2020-03-12 10:17:26,https://en.prothomalo.com/bangladesh/accident/2-killed-in-chattogram-road-crash-4,chattogram-cox’s bazar highway at chunti banpukur,Chattogram,2,1,Goods-Laden Trolley,plunged into a roadside ditch,Bangladesh,event,road accident,2020-03-12,10:17:26,Mar,3,Mainly clear,10,Mar,plunged into a roadside ditch
2606,2 killed in Chattogram road crash,2020-03-12 10:17:26,https://en.prothomalo.com/bangladesh/accident/2-killed-in-chattogram-road-crash-2,chattogram-cox’s bazar highway at chunti banpukur,Chattogram,2,1,Goods-Laden Trolley,plunged into a roadside ditch,Bangladesh,event,road accident,2020-03-12,10:17:26,Mar,3,Mainly clear,10,Mar,plunged into a roadside ditch
2607,2 killed in Chattogram road crash,2020-03-12 10:17:26,https://en.prothomalo.com/bangladesh/2-killed-in-Chattogram-road-crash-2,chattogram-cox’s bazar highway at chunti banpukur,Chattogram,2,1,Other,plunged into a roadside ditch,Bangladesh,event,road accident,2020-03-12,10:17:26,Mar,3,Mainly clear,10,Mar,plunged into a roadside ditch
2609,Willes Little Flower School teacher’s hand severed in road crash,2020-03-10 20:38:05,https://en.prothomalo.com/bangladesh/accident/willes-little-flower-schools-teachers-hand-severed-in-road-crash,"ghonapara, gopalganj sadar upazila",Gopalganj,0,15,"Bus, Truck",bus hitting a stationed truck from behind,Bangladesh,event,road accident,2020-03-10,20:38:05,Mar,3,Partly cloudy,20,Mar,bus hitting a stationed truck from behind
2613,18 injured as car ploughed through Dhaka crowd,2020-02-23 15:29:26,https://en.prothomalo.com/bangladesh/18-injured-as-car-ploughs-through-Dhaka-crowd,kurmitola area,Dhaka,0,18,Car,ploughed through crowd,Bangladesh,event,road accident,2020-02-23,15:29:26,Feb,2,Partly cloudy,15,Feb,ploughed through crowd
2615,"Mother, daughter killed in road crash",2020-02-23 12:26:36,https://en.prothomalo.com/bangladesh/Mother-daughter-killed-in-road-crash-3,mouchak aambagan area,Gazipur,2,5,,,Bangladesh,event,road accident,2020-02-23,12:26:36,Feb,2,Light rain,12,Feb,
2617,"Mother, daughter killed in road crash",2020-02-23 12:26:36,https://en.prothomalo.com/bangladesh/Mother-daughter-killed-in-road-crash,mouchak aambagan area,Gazipur,2,5,Car,,Bangladesh,event,road accident,2020-02-23,12:26:36,Feb,2,Light rain,12,Feb,
2619,"Mother, daughter killed in road crash",2019-12-05 09:46:40,https://en.prothomalo.com/bangladesh/Mother-daughter-killed-in-road-crash-3,nabogram,Manikganj,2,0,Pickup Van,hit by pickup,Bangladesh,event,road accident,2019-12-05,09:46:40,Dec,12,Partly cloudy,9,Dec,hit by pickup
2620,"Mother, daughter killed in road crash",2019-12-05 09:46:40,https://en.prothomalo.com/bangladesh/Mother-daughter-killed-in-road-crash-2,nabogram,Manikganj,2,0,Pickup Van,hit,Bangladesh,event,road accident,2019-12-05,09:46:40,Dec,12,Partly cloudy,9,Dec,hit
2621,"Mother, daughter killed in road crash",2019-12-05 09:46:40,https://en.prothomalo.com/bangladesh/Mother-daughter-killed-in-road-crash,nabogram,Manikganj,2,0,Pickup Van,vehicle collision,Bangladesh,event,road accident,2019-12-05,09:46:40,Dec,12,Partly cloudy,9,Dec,vehicle collision
2622,Former cricketer killed in Manikganj road crash,2020-04-20 20:00:24,https://en.prothomalo.com/bangladesh/local-news/former-cricketer-killed-in-manikganj-road-crash,kalibari in daulatpur upazila,Manikganj,1,0,"Trolley Van, Motorbike",collision between a trolley van and the motorcycle,Bangladesh,event,road accident,2020-04-20,20:00:24,Apr,4,Heavy rain,20,Apr,collision between a trolley van and the motorcycle
2623,4 killed in Keraniganj road crash,2020-01-21 20:11:23,https://en.prothomalo.com/bangladesh/4-killed-in-Keraniganj-road-crash,hazratpur,Dhaka,4,2,Auto-Rickshaw And Motorbike,auto-rickshaw hit a motorbike,Bangladesh,event,road accident,2020-01-21,20:11:23,Jan,1,Partly cloudy,20,Jan,autorickshaw hit a motorbike
2625,Young man dies in Banani road accident,2015-11-11 10:49:01,https://en.prothomalo.com/bangladesh/Young-man-dies-in-Banani-road-accident,banani,Dhaka,1,0,"Truck, Motorcycle",truck hit motorcycle,Bangladesh,event,road accident,2015-11-11,10:49:01,Nov,11,Partly cloudy,10,Nov,truck hit motorcycle accident
2628,"Kaptai boat capsize: Bodies of mother, son retrieved",2020-02-18 21:48:56,https://en.prothomalo.com/bangladesh/Kaptai-boat-capsize-Bodies-of-mother-son,sarafbhata river in rangunia upazila in chattogram,Rangamati,2,0,,boat sank,Bangladesh,event,road accident,2020-02-18,21:48:56,Feb,2,,21,Feb,boat sank
2629,Two police officers die in road accidents,2015-11-10 14:51:10,https://en.prothomalo.com/bangladesh/Two-police-officers-die-in-road-accidents,dhaka and rajshahi,Dhaka,2,0,,,Bangladesh,event,road accident,2015-11-10,14:51:10,Nov,11,Partly cloudy,14,Nov,
2630,ASI killed in capital city road accident,2015-11-10 11:07:42,https://en.prothomalo.com/bangladesh/ASI-killed-in-capital-city-road-accident,airport roundabout,Dhaka,1,0,Buses,"collision between two buses, with a metallic substance piercing the victim's abdomen",Bangladesh,event,road accident,2015-11-10,11:07:42,Nov,11,Partly cloudy,11,Nov,collision between two buses with a metallic substance piercing the victims abdomen
2634,Where child labour is still very 'normal',2022-06-12 20:32:19,https://en.prothomalo.com/bangladesh/where-child-labour-is-still-very-normal,nurbagh,Dhaka,0,0,Machine,child labor,Bangladesh,event,road accident,2022-06-12,20:32:19,Jun,6,Heavy rain,20,Jun,child labor
2638,Collision between two buses claims two lives,2020-01-17 14:03:58,,shantirhat area,Chattogram,2,10,Bus,head-on collision,Bangladesh,event,road accident,2020-01-17,14:03:58,Jan,1,Clear sky,14,Jan,head-on collision
2639,Man rescued from sunken launch after 13 hours ‘doing well’ ,2020-06-30 09:00:08,https://en.prothomalo.com/bangladesh/accident/man-rescued-from-sunken-launch-after-13-hours-doing-well,buriganga river,Munshiganj,0,1,,launch-capsize incident,Bangladesh,event,road accident,2020-06-30,09:00:08,Jun,6,Light rain,9,Jun,launchcapsize incident
2640,"Not a student, yet he controls all activities at CoU ",2022-04-02 16:00:04,https://en.prothomalo.com/bangladesh/politics/not-a-student-yet-he-controls-all-activities-at-cu,comilla university campus,Cumilla,1,0,Vehicle,"political activity, demanding jobs and contracting work",Bangladesh,event,road accident,2022-04-02,16:00:04,Apr,4,Partly cloudy,16,Apr,political activity demanding jobs and contracting work
2642,3 killed in Dinajpur road crash,2020-01-29 11:40:40,,birampur-nawabganj road at jolagari,Dinajpur,3,0,Motorbike And A Vehicle Carrying A Dredger Machine,crash between a motorbike and a vehicle,Bangladesh,event,road accident,2020-01-29,11:40:40,Jan,1,Light rain,11,Jan,crash between a motorbike and a vehicle
2643,Chattogram bus plunge leaves two dead,2020-01-28 17:42:37,,chattogram-kaptai road at pahartoli in raozan upazila,Chattogram,2,15,Bus,plunged into a road side ditch,Bangladesh,event,road accident,2020-01-28,17:42:37,Jan,1,Clear sky,17,Jan,plunged into a road side ditch
2647,Six of a family injured in Sirajganj gas leakage fire,2020-02-24 15:02:09,https://en.prothomalo.com/bangladesh/Six-of-a-family-injured-in-Sirajganj-gas-leakage,dukhiabari village,Sirajganj,0,6,Gas Cylinder,leakage in gas cylinder pipe,Bangladesh,event,road accident,2020-02-24,15:02:09,Feb,2,Moderate rain,15,Feb,leakage in gas cylinder pipe
2648,2 killed in Mymensingh road crash,2020-01-26 10:50:58,https://en.prothomalo.com/bangladesh/accident/xmi9mzllmi,natun bazar,Mymensingh,2,5,"Truck, Auto-Rickshaw",truck hit auto-rickshaw,Bangladesh,event,road accident,2020-01-26,10:50:58,Jan,1,Partly cloudy,10,Jan,truck hit autorickshaw
2649,2 killed in Mymensingh road crash,2020-01-26 10:50:58,https://en.prothomalo.com/bangladesh/2-killed-in-Mymensingh-road-crash-3,natun bazar in muktagachha municipality area,Mymensingh,2,5,"Truck, Auto-Rickshaw",truck hit an auto-rickshaw,Bangladesh,event,road accident,2020-01-26,10:50:58,Jan,1,Partly cloudy,10,Jan,truck hit an autorickshaw
2650,2 killed in Mymensingh road crash,2020-01-26 10:50:58,https://en.prothomalo.com/bangladesh/2-killed-in-Mymensingh-road-crash,"natun bazar, muktagachha municipality area",Mymensingh,2,5,"Truck, Auto-Rickshaw",truck hit an auto-rickshaw,Bangladesh,event,road accident,2020-01-26,10:50:58,Jan,1,Partly cloudy,10,Jan,truck hit an autorickshaw
2654,Road crashes kill 4 in two districts,2020-03-20 14:52:50,https://en.prothomalo.com/bangladesh/accident/road-crashes-kill-4-in-two-districts-2,dhaka-mymensingh highway at bhandab in bhaluka upazila,Mymensingh,2,0,Truck,one truck hit another truck,Bangladesh,event,road accident,2020-03-20,14:52:50,Mar,3,Partly cloudy,14,Mar,one truck hit another truck
2655,Road crashes kill 4 in two districts,2020-03-20 14:52:50,https://en.prothomalo.com/bangladesh/accident/road-crashes-kill-4-in-two-districts,dhaka-mymensingh highway at bhandab in bhaluka upazila,Mymensingh,2,0,Truck,truck hit another truck,Bangladesh,event,road accident,2020-03-20,14:52:50,Mar,3,Partly cloudy,14,Mar,truck hit another truck
2656,3 killed as truck hits auto-rickshaw in Kushtia,2019-12-24 18:26:24,https://en.prothomalo.com/bangladesh/Prothom-Alo-English-Desk-11,kushtia-iswardi highway in bheramara upazila,Kushtia,3,2,"Truck, Auto-Rickshaw",truck crashed into an auto-rickshaw,Bangladesh,event,road accident,2019-12-24,18:26:24,Dec,12,Partly cloudy,18,Dec,truck crashed into an autorickshaw
2658,Lethal issue that flies under the radar despite growing to alarming levels in Dhaka,2022-11-16 12:47:24,,dhaka,Dhaka,0,0,"Motorcycle, Public Transport, Car","noise pollution, honking horns unnecessarily while waiting in traffic signals",Bangladesh,event,road accident,2022-11-16,12:47:24,Nov,11,Clear sky,12,Nov,noise pollution honking horns unnecessarily while waiting in traffic signals
2660,Two teens killed as bike hits electricity pole,2020-02-17 10:02:52,https://en.prothomalo.com/bangladesh/Two-teens-killed-as-bike-hits-electricity-pole,"maizbari, sunamganj",Sunamganj,2,2,Motorcycle,crashing into a roadside electricity pole,Bangladesh,event,road accident,2020-02-17,10:02:52,Feb,2,Mainly clear,10,Feb,crashing into a roadside electricity pole
2661,Schoolgirl killed in road crash,2019-12-18 10:50:50,https://en.prothomalo.com/bangladesh/Schoolgirl-killed-in-road-crash-2,joyhari,Chandpur,1,4,"Truck, Auto-Rickshaw",truck hit an auto-rickshaw,Bangladesh,event,road accident,2019-12-18,10:50:50,Dec,12,Clear sky,10,Dec,truck hit an autorickshaw
2662,Schoolgirl killed in road crash,2019-12-18 10:50:50,https://en.prothomalo.com/bangladesh/Schoolgirl-killed-in-road-crash,joyhari,Chandpur,1,4,"Truck, Auto-Rickshaw",truck hit an auto-rickshaw,Bangladesh,event,road accident,2019-12-18,10:50:50,Dec,12,Clear sky,10,Dec,truck hit an autorickshaw
2663,Three killed in Magura road crashes,2020-03-02 18:34:00,https://en.prothomalo.com/bangladesh/accident/three-killed-in-magura-road-crashes,magura sadar upazila,Magura,3,5,,,Bangladesh,event,road accident,2020-03-02,18:34:00,Mar,3,Light rain,18,Mar,
2664,5 killed as private car catches fire after falling into ditch,2020-03-01 20:24:18,https://en.prothomalo.com/bangladesh/accident/5-killed-as-private-car-catches-fire-after-falling-into-ditch,dhaka-barisal highway at chagalchira,Gopalganj,5,0,Car,falling into a roadside ditch and catching fire,Bangladesh,event,road accident,2020-03-01,20:24:18,Mar,3,Clear sky,20,Mar,falling into a roadside ditch and catching fire
2667,Road blocked in Munshiganj after JSC examinee killed in accident,2015-11-09 11:59:32,,"kuchiamora area, sirajdikhan upazila",Sirajganj,1,1,"Bus, Rickshaw",bus hit a rickshaw,Bangladesh,event,road accident,2015-11-09,11:59:32,Nov,11,Partly cloudy,11,Nov,bus hit a rickshaw
2668,Barisal road accident kills 2 siblings,2015-11-09 09:23:33,,ichladi,Barishal,2,4,"Micro Bus, Pickup",head-on collision,Bangladesh,event,road accident,2015-11-09,09:23:33,Nov,11,Partly cloudy,9,Nov,head-on collision
2669,"Brahmanbaria boat capsize: 21 bodies recovered, many missing",2021-08-28 10:36:12,https://en.prothomalo.com/bangladesh/accident/brahmanbaria-boat-capsize-21-bodies-recovered-many-missing,titas river of bijoynagar,Brahmanbaria,21,0,"Passenger Boat, Trawler, Cargo Ship",collision between vessels,Bangladesh,event,road accident,2021-08-28,10:36:12,Aug,8,Moderate rain,10,Aug,collision between vessels
2671,Two motorcyclists killed in road crash,2019-12-04 12:34:39,https://en.prothomalo.com/bangladesh/Two-motorcyclists-killed-in-road-crash-2,mahiarpur,Rangpur,2,0,Motorcycle,,Bangladesh,event,road accident,2019-12-04,12:34:39,Dec,12,Clear sky,12,Dec,
2672,Bus-truck collision kills five ,2020-03-14 19:20:07,https://en.prothomalo.com/bangladesh/local-news/bus-truck-collision-kills-five,khulna-mawa highway in kakdanga of fakirhat upazila,Bagerhat,5,12,"Bus, Truck",head on collision,Bangladesh,event,road accident,2020-03-14,19:20:07,Mar,3,Partly cloudy,19,Mar,head-on collision
2674,"Father, daughter electrocuted in Mymensingh",2019-11-26 15:15:00,https://en.prothomalo.com/bangladesh/Father-daughter-electrocuted-in-Mymensingh,dhopajangalia,Mymensingh,2,0,,electrocution,Bangladesh,event,road accident,2019-11-26,15:15:00,Nov,11,Partly cloudy,15,Nov,electrocution
2676,"IU students, teachers among 40 injured in road crash",2020-02-14 11:51:07,https://en.prothomalo.com/bangladesh/IU-students-teachers-among-40-injured-in-road,bittipara,Kushtia,0,40,,,Bangladesh,event,road accident,2020-02-14,11:51:07,Feb,2,Partly cloudy,11,Feb,
2677,3 killed as bus collides with ambulance in Rangpur,2020-01-15 13:09:23,https://en.prothomalo.com/bangladesh/3-killed-as-bus-collides-with-ambulance-in-Rangpur,bachurbanda area,Rangpur,3,2,Ambulance And Bus,head-on collision,Bangladesh,event,road accident,2020-01-15,13:09:23,Jan,1,Partly cloudy,13,Jan,head-on collision
2678,"4 killed in Rajshahi, Kushtia road crashes

",2020-03-25 12:31:08,https://en.prothomalo.com/bangladesh/accident/4-killed-in-rajshahi-kushtia-road-crashes,rajshahi-chapainawabganj highway at bijoynagar in godagari upazila and kushtia-iswardi highway at talbaria in mirpur upazila,Rajshahi,4,25,"Bus, Truck",head-on collision and picnic bus hit a truck,Bangladesh,event,road accident,2020-03-25,12:31:08,Mar,3,,12,Mar,headon collision and picnic bus hit a truck
2680,Sirajganj road crashes kill three,2020-02-25 21:04:07,https://en.prothomalo.com/bangladesh/Sirajganj-road-crashes-kill-three,raiganj upazila of sirajganj,Sirajganj,3,13,Road Accident Vehicles,,Bangladesh,event,road accident,2020-02-25,21:04:07,Feb,2,Moderate rain,21,Feb,
2682,One killed in city road crash,2019-11-27 15:27:50,https://en.prothomalo.com/bangladesh/One-killed-in-city-road-crash-2,gandaria,Dhaka,1,0,"Truck, Rickshaw",run over,Bangladesh,event,road accident,2019-11-27,15:27:50,Nov,11,Clear sky,15,Nov,run over
2683,One killed in city road crash,2019-11-27 15:27:50,https://en.prothomalo.com/bangladesh/One-killed-in-city-road-crash,gandaria,Dhaka,1,0,"Truck, Rickshaw",being run over by a truck,Bangladesh,event,road accident,2019-11-27,15:27:50,Nov,11,Clear sky,15,Nov,being run over by a truck
2684,Man killed in road crash,2019-10-27 11:58:22,https://en.prothomalo.com/bangladesh/Man-killed-in-road-crash-2,hatikumrul roundabout,Sirajganj,1,0,Truck And Bicycle,truck hit the bicycle,Bangladesh,event,road accident,2019-10-27,11:58:22,Oct,10,Partly cloudy,11,Oct,truck hit the bicycle
2685,Man killed in road crash,2019-10-27 11:58:22,https://en.prothomalo.com/bangladesh/Man-killed-in-road-crash-3,hatikumrul roundabout,Sirajganj,1,0,"Truck, Bicycle",truck hit bicycle,Bangladesh,event,road accident,2019-10-27,11:58:22,Oct,10,Partly cloudy,11,Oct,truck hit bicycle
2686,Man killed in road crash,2019-10-27 11:58:22,https://en.prothomalo.com/bangladesh/Man-killed-in-road-crash,hatikumrul roundabout,Sirajganj,1,0,"Truck, Bicycle",truck hit the bicycle,Bangladesh,event,road accident,2019-10-27,11:58:22,Oct,10,Partly cloudy,11,Oct,truck hit the bicycle
2687,College teacher killed in road crash,2019-12-27 00:12:32,,biraldoho mazar area of puthia upazila on dhaka-rajshahi highway,Rajshahi,1,0,"Truck, Motorcycle",hit by a goods-laden truck while trying to overtake a motorcycle,Bangladesh,event,road accident,2019-12-27,00:12:32,Dec,12,,0,Dec,hit by a goodsladen truck while trying to overtake a motorcycle
2689,Bogra road accident kills 3,2015-11-03 22:26:45,https://en.prothomalo.com/bangladesh/Bogra-road-accident-kills-3-2,bogura-rangpur highway,Bogra,3,35,"Bus, Truck",speeding bus collided with a truck,Bangladesh,event,road accident,2015-11-03,22:26:45,Nov,11,Light rain,22,Nov,speeding bus collided with a truck
2690,BCL leader among two killed in road crash,2020-01-08 23:35:18,,sunamganj-sylhet highway,Sunamganj,2,0,"Motorcycle, Pickup",collision,Bangladesh,event,road accident,2020-01-08,23:35:18,Jan,1,Partly cloudy,23,Jan,collision
2691,HC asks Green Line Paribahan to pay Russel another Tk 2m,2020-10-01 18:38:48,https://en.prothomalo.com/bangladesh/crime-and-law/hc-asks-green-line-paribahan-to-pay-russel-another-tk-2m,dholaipar,Dhaka,0,1,Bus,,Bangladesh,event,road accident,2020-10-01,18:38:48,Oct,10,Moderate rain,18,Oct,
2692,MV Abhijan-10 kept moving for 40 minutes after catching fire,2021-12-25 11:05:45,,"sugandha river, dapdapia point",Barishal,0,0,Mv Abhijan-10 Launch,fire in the engine room,Bangladesh,event,road accident,2021-12-25,11:05:45,Dec,12,Partly cloudy,11,Dec,fire in the engine room
2695,Narayanganj mosque blast: 4 Titas engineers among 8 suspended,2020-09-07 20:19:36,https://en.prothomalo.com/bangladesh/narayanganj-mosque-blast-4-titas-engineers-among-8-suspended,baitus salat jam-e-masjid in paschim talla area,Narayanganj,27,50,,explosion,Bangladesh,event,road accident,2020-09-07,20:19:36,Sep,9,Light rain,20,Sep,explosion