id,title,date,article_url,place_of_accident,district,number_of_deaths,number_of_injured,vehicle_type,cause_of_accident,country,report_type,type_of_accident,accident_date,accident_time,month,month_num,condition,accident_hour,month_name,cause_of_accident_normalized
2699,Road crash kills 4 madrasa students,2020-03-15 14:00:44,https://en.prothomalo.com/bangladesh/local-news/road-crash-kills-4-madrasa-students,"konabari, kamarkhand",Sirajganj,4,0,"Bus, Truck",collision,Bangladesh,event,road accident,2020-03-15,14:00:44,Mar,3,Partly cloudy,14,Mar,collision
2704,Five drown as boat capsizes in Kaptai Lake,2020-02-14 15:58:09,https://en.prothomalo.com/bangladesh/Five-drown-as-boat-capsizes-in-Kaptai-Lake,kaptai lake,Rangamati,5,0,,collision with another boat,Bangladesh,event,road accident,2020-02-14,15:58:09,Feb,2,,15,Feb,collision with another boat
2705,Step up supervision of river routes,2021-04-17 15:40:29,https://en.prothomalo.com/opinion/editorial/step-up-supervision-of-river-routes,river shitalakshya near the under-construction third bridge,Narayanganj,34,0,Cargo Vessel And Launch,collision between vessels,Bangladesh,event,road accident,2021-04-17,15:40:29,Apr,4,Squalls,15,Apr,collision between vessels
2706,5 killed in road crash,2020-03-09 15:22:07,https://en.prothomalo.com/bangladesh/accident/5-killed-in-road-crash,hossain market bottola area,Tangail,5,1,,,Bangladesh,event,road accident,2020-03-09,15:22:07,Mar,3,Mainly clear,15,Mar,
2707,College teacher killed in Rajshahi road crash,2019-12-26 22:38:59,,dhaka-rajshahi highway,Rajshahi,1,0,Truck,crushed under the wheels,Bangladesh,event,road accident,2019-12-26,22:38:59,Dec,12,,22,Dec,crushed under the wheels
2709,Two schoolboys killed as truck hits motorbike in Sherpur,2020-02-21 17:45:13,,baromaisa area,Sherpur,2,1,"Truck, Motorcycle",truck rammed the motorbike,Bangladesh,event,road accident,2020-02-21,17:45:13,Feb,2,Partly cloudy,17,Feb,truck rammed the motorbike
2713,Gopalganj road crash kills 2,2019-11-21 11:52:57,https://en.prothomalo.com/bangladesh/Gopalganj-road-crash-kills-2-2,dhaka-khulna highway at dhundia,Gopalganj,2,0,"Covered Van, Pedal Van",collision between covered van and pedal van,Bangladesh,event,road accident,2019-11-21,11:52:57,Nov,11,Partly cloudy,11,Nov,collision between covered van and pedal van
2714,Gopalganj road crash kills 2,2019-11-21 11:52:57,https://en.prothomalo.com/bangladesh/Gopalganj-road-crash-kills-2,dhaka-khulna highway at dhundia,Gopalganj,2,0,"Covered Van, Pedal Van",collision between covered van and pedal van,Bangladesh,event,road accident,2019-11-21,11:52:57,Nov,11,Partly cloudy,11,Nov,collision between covered van and pedal van
2715,Gopalganj road crash kills 2,2019-11-21 11:52:57,https://en.prothomalo.com/bangladesh/Gopalganj-road-crash-kills-2-3,dhaka-khulna highway at dhundia,Gopalganj,2,0,"Covered Van, Pedal Van",covered van hit pedal van,Bangladesh,event,road accident,2019-11-21,11:52:57,Nov,11,Partly cloudy,11,Nov,covered van hit pedal van
2717,City road crash kills pedestrian,2020-01-04 18:51:19,https://en.prothomalo.com/bangladesh/City-road-crash-kills-pedestrian,west kalshi road,Dhaka,1,0,Covered Van,pedestrian hit by vehicle,Bangladesh,event,road accident,2020-01-04,18:51:19,Jan,1,Light rain,18,Jan,pedestrian hit by vehicle
2718, Mayur-2 launch owner on 3-day remand,2020-07-09 23:46:12,https://en.prothomalo.com/bangladesh/crime-and-law/mayur-2-launch-owner-on-3-day-remand,buriganga river,Dhaka,34,0,,launch capsize,Bangladesh,event,road accident,2020-07-09,23:46:12,Jul,7,Moderate rain,23,Jul,launch capsize
2719,Chuadanga road crash kills one,2019-11-27 12:59:39,https://en.prothomalo.com/bangladesh/Chuadanga-road-crash-kills-one,brac intersection,Chuadanga,1,0,Truck,truck hit pedestrian,Bangladesh,event,road accident,2019-11-27,12:59:39,Nov,11,Clear sky,12,Nov,truck hit pedestrian
2721,Compel owners and drivers to follow the law,2021-01-21 14:24:34,https://en.prothomalo.com/opinion/editorial/compel-owners-and-drivers-to-follow-the-law,near the airport in the capital city,Dhaka,2,0,"Motorbike, Bus",reckless driving by bus,Bangladesh,event,road accident,2021-01-21,14:24:34,Jan,1,Partly cloudy,14,Jan,reckless driving by bus
2727,'How much earlier do I have to start out?',2022-03-29 14:27:03,https://en.prothomalo.com/opinion/op-ed/how-much-earlier-do-i-have-to-start-out,dhaka city,Dhaka,0,0,Cng-Run Autorickshaw,traffic jams,Bangladesh,event,road accident,2022-03-29,14:27:03,Mar,3,Light rain,14,Mar,traffic jams
2728,Paralyzed woman dies as city building catches fire,2020-02-28 13:32:58,https://en.prothomalo.com/bangladesh/accident/paralyzed-woman-dies-as-city-building-catches-fire,bashbari mandir road,Dhaka,1,0,,fire,Bangladesh,event,road accident,2020-02-28,13:32:58,Feb,2,Partly cloudy,13,Feb,fire
2735,Couple killed in Cumilla road crash,2020-01-01 13:03:39,https://en.prothomalo.com/bangladesh/Couple-killed-in-Cumilla-road-crash,dhaka-chattogram highway at sujatpur in chouddagram upazila,Cumilla,2,2,Car,hit a roadside tree,Bangladesh,event,road accident,2020-01-01,13:03:39,Jan,1,Rain showers (moderate or heavy),13,Jan,hit a roadside tree
2736,Woman dies as scarf tangles with rickshaw wheel,2019-12-31 15:31:03,https://en.prothomalo.com/bangladesh/Woman-dies-as-scarf-tangles-with-rickshaw-wheel,jontrail purbopara mosque,,1,0,Auto-Rickshaw,scarf got tangled with a wheel of an auto-rickshaw,Bangladesh,event,road accident,2019-12-31,15:31:03,Dec,12,,15,Dec,scarf got tangled with a wheel of an autorickshaw
2738,"Student killed by lorry, protesters block road",2020-01-27 16:15:56,https://en.prothomalo.com/bangladesh/Student-killed-by-lorry-protesters-block-road,near baldha garden,Dhaka,1,0,Wasa Lorry,protest blocking road after student was hit and killed,Bangladesh,event,road accident,2020-01-27,16:15:56,Jan,1,Partly cloudy,16,Jan,protest blocking road after student was hit and killed
2744,Woman with burn injuries dies at DMCH,2019-12-14 22:12:12,https://en.prothomalo.com/bangladesh/Woman-with-burn-injuries-dies-at-DMCH,jurain area,Dhaka,1,0,Kerosene Stove,stove blast,Bangladesh,event,road accident,2019-12-14,22:12:12,Dec,12,Mainly clear,22,Dec,stove blast
2745,Two killed in Kushtia road crashes,2020-01-25 23:44:39,https://en.prothomalo.com/bangladesh/Two-killed-in-Kushtia-road-crashes,kushtia-rajbari highway,Kushtia,1,0,Nosimon,hit by a nosimon,Bangladesh,event,road accident,2020-01-25,23:44:39,Jan,1,Clear sky,23,Jan,hit by a nosimon
2746,"Man, nephew 'electrocuted'",2019-10-31 12:08:02,https://en.prothomalo.com/bangladesh/Man-nephew-electrocuted,damodorpur village,Gaibandha,2,0,,electrocution,Bangladesh,event,road accident,2019-10-31,12:08:02,Oct,10,Light rain,12,Oct,electrocution
2750,2 killed in Rajshahi road crash,2019-12-13 11:15:24,https://en.prothomalo.com/bangladesh/2-killed-in-Rajshahi-road-crash-3,rajshahi-natore highway,Rajshahi,2,0,"Bus, Motorbike",,Bangladesh,event,road accident,2019-12-13,11:15:24,Dec,12,,11,Dec,
2751,2 killed in Rajshahi road crash,2019-12-13 11:15:24,https://en.prothomalo.com/bangladesh/2-killed-in-Rajshahi-road-crash,rajshahi-natore highway,Rajshahi,2,0,Bus And Motorbike,bus hit a motorbike,Bangladesh,event,road accident,2019-12-13,11:15:24,Dec,12,,11,Dec,bus hit motorcycle accident
2752,"Daughter killed, mother injured in city road crash",2020-01-23 22:22:39,,tikatuli,Dhaka,1,1,"Covered Van, Rickshaw",covered van hit the rickshaw,Bangladesh,event,road accident,2020-01-23,22:22:39,Jan,1,Partly cloudy,22,Jan,covered van hit the rickshaw
2753,Siblings among 3 construction workers electrocuted,2020-01-22 16:54:19,,buriganga river in hazaribagh area,Dhaka,3,2,,electrocution,Bangladesh,event,road accident,2020-01-22,16:54:19,Jan,1,Clear sky,16,Jan,electrocution
2754,Two motorcyclists killed in Keraniganj road crash,2019-12-25 19:48:22,,zhilmil residential area,Dhaka,2,0,"Truck, Motorcycle",truck hit motorcycle,Bangladesh,event,road accident,2019-12-25,19:48:22,Dec,12,Partly cloudy,19,Dec,truck hit motorcycle accident
2756,Man killed in Jashore road crash,2019-12-20 11:36:43,https://en.prothomalo.com/bangladesh/Man-killed-in-Jashore-road-crash,jashore-jhenaidah road,Jashore,1,1,Bus,run over by a bus,Bangladesh,event,road accident,2019-12-20,11:36:43,Dec,12,Partly cloudy,11,Dec,run over by a bus
2757,Road crash claims five lives,2020-02-14 12:59:54,https://en.prothomalo.com/bangladesh/Road-crash-claims-five-lives,dhaka-khulna highway at pona bus stand,Gopalganj,5,5,"Bus, Human Hauler",collision between bus and human hauler,Bangladesh,event,road accident,2020-02-14,12:59:54,Feb,2,Partly cloudy,12,Feb,collision between bus and human hauler
2759,5 killed after two buses collide in Rajbari,2019-12-18 20:29:44,https://en.prothomalo.com/bangladesh/5-killed-after-two-buses-collide-in-Rajbari,rajbari-kushtia road in gandimara area,Rajbari,5,30,Bus,head-on collision,Bangladesh,event,road accident,2019-12-18,20:29:44,Dec,12,Clear sky,20,Dec,head-on collision
2761,2 of a family among 4 killed in road crash,2020-01-29 21:15:04,https://en.prothomalo.com/bangladesh/2-of-a-family-among-4-killed-in-Mymensingh-road,mymensingh-kishoreganj highway,Mymensingh,4,2,"Bus, Auto-Rickshaw",bus collided with auto-rickshaw,Bangladesh,event,road accident,2020-01-29,21:15:04,Jan,1,Partly cloudy,21,Jan,bus collided with autorickshaw
2762,"Jamuna boat capsize toll rises to five, 13 still missing",2020-05-27 13:15:06,https://en.prothomalo.com/bangladesh/accident/jamuna-boat-capsize-toll-rises-to-five-13-still-missing,jamuna river,Sirajganj,5,0,,capsized,Bangladesh,event,road accident,2020-05-27,13:15:06,May,5,Heavy rain,13,May,unknown
2764,Two killed in Rajshahi road crash,2019-12-15 13:24:17,https://en.prothomalo.com/bangladesh/Two-killed-in-Rajshahi-road-crash,tetultola,Rajshahi,2,0,Motorcycle,road accident,Bangladesh,event,road accident,2019-12-15,13:24:17,Dec,12,,13,Dec,road accident
2770,5 killed in road accident,2015-10-13 12:40:18,https://en.prothomalo.com/bangladesh/5-killed-in-road-accident,dhaka-tangail highway in sutrapur area,Gazipur,5,6,Bus And Human Hauler (Leguna),collision,Bangladesh,event,road accident,2015-10-13,12:40:18,Oct,10,Moderate rain,12,Oct,collision
2777,Security guard killed in city road crash,2019-11-27 08:53:29,https://en.prothomalo.com/bangladesh/Security-guard-killed-in-city-road-crash,gulshan area,Dhaka,1,0,Car,vehicle collision,Bangladesh,event,road accident,2019-11-27,08:53:29,Nov,11,Clear sky,8,Nov,vehicle collision
2780,"Mother, daughter among 3 killed in road crash",2020-02-02 13:34:02,https://en.prothomalo.com/bangladesh/Mother-daughter-among-3-killed-in-road-crash-2,dhaka-aricha highway in nabinagar area of savar,Dhaka,3,0,"Bus, Rickshaw",bus hit a rickshaw from behind,Bangladesh,event,road accident,2020-02-02,13:34:02,Feb,2,Clear sky,13,Feb,bus hit a rickshaw from behind
2781,"Mother, daughter among 3 killed in road crash",2020-02-02 13:34:02,https://en.prothomalo.com/bangladesh/Mother-daughter-among-3-killed-in-road-crash,"nabinagar area of savar, dhaka",Dhaka,3,0,"Bus, Rickshaw",bus hit rickshaw from behind,Bangladesh,event,road accident,2020-02-02,13:34:02,Feb,2,Clear sky,13,Feb,bus hit rickshaw from behind
2782,Two killed as motorcycles collide in Netrakona,2019-11-25 22:56:56,https://en.prothomalo.com/bangladesh/Two-killed-as-motorcycles-collide-in-Netrakona,netrakona-mohanganj road,Netrakona,2,3,Motorcycles,head-on collision,Bangladesh,event,road accident,2019-11-25,22:56:56,Nov,11,,22,Nov,head-on collision
2783,Magura road crash kills 2,2019-10-26 16:52:05,https://en.prothomalo.com/bangladesh/Magura-road-crash-kills-2-3,jhenidah-magura road,Magura,2,0,"Truck, Motorcycle",truck hit the motorcycle head-on,Bangladesh,event,road accident,2019-10-26,16:52:05,Oct,10,Light rain,16,Oct,truck hit the motorcycle headon
2787,4 missing as trawler sinks in Padma river,2019-12-21 09:57:45,,antar crossing,Rajbari,4,0,Trawler,sank,Bangladesh,event,road accident,2019-12-21,09:57:45,Dec,12,Partly cloudy,9,Dec,sank
2789,"Truck driver, assistant killed in road crash",2020-01-03 00:01:00,,bogura-dhaka highway in sherpur's chandaikona roroya area,Sherpur,2,1,Truck And Bus,head-on collision,Bangladesh,event,road accident,2020-01-03,00:01:00,Jan,1,Moderate rain,0,Jan,head-on collision
2795,Man killed in road crash,2019-12-31 11:03:57,https://en.prothomalo.com/bangladesh/Man-killed-in-road-crash-2,digraj,Bagerhat,1,0,Truck,ran over,Bangladesh,event,road accident,2019-12-31,11:03:57,Dec,12,Clear sky,11,Dec,ran over
2796,Man killed in road crash,2019-12-31 11:03:57,https://en.prothomalo.com/bangladesh/Man-killed-in-road-crash-3,digraj,Bagerhat,1,0,Truck,,Bangladesh,event,road accident,2019-12-31,11:03:57,Dec,12,Clear sky,11,Dec,
2797,Man killed in road crash,2019-12-31 11:03:57,https://en.prothomalo.com/bangladesh/Man-killed-in-road-crash,digraj,Bagerhat,1,0,Truck,truck ran over him,Bangladesh,event,road accident,2019-12-31,11:03:57,Dec,12,Clear sky,11,Dec,truck ran over him
2798,"Illegal gas-power connections behind Narayanganj mosque blast, says Titas",2020-09-17 21:16:51,,narayanganj mosque,Narayanganj,27,9,,"illegal gas and electricity connections, leakage from gas pipeline",Bangladesh,event,road accident,2020-09-17,21:16:51,Sep,9,Light rain,21,Sep,illegal gas and electricity connections leakage from gas pipeline
2800,Over 100 lives lost along the 4km stretch,2021-08-09 19:26:52,https://en.prothomalo.com/bangladesh/accident/over-100-lives-lost-along-the-4km-stretch,"matuail along the dhaka-chattagram highway, in front of shishu matrisadan institute hospital",Dhaka,1,0,Bus,hit by a bus while crossing the street,Bangladesh,event,road accident,2021-08-09,19:26:52,Aug,8,Light rain,19,Aug,hit by a bus while crossing the street
2801,Road crashes kill 11 in three districts,2020-07-31 23:01:56,https://en.prothomalo.com/bangladesh/accident/road-crashes-kill-11-in-three-districts,boraya chanpur in osmaninagar upazila,Sylhet,5,1,"Bus, Private Car",bus hit a private car,Bangladesh,event,road accident,2020-07-31,23:01:56,Jul,7,Moderate rain,23,Jul,bus hit a private car
2803,"Mother, daughter among 3 killed in road crash",2019-12-12 15:00:30,https://en.prothomalo.com/bangladesh/Mother-daughter-among-3-killed-in-road-crash-2,dhaka-kapasia-monohardi road in kapasia,Gazipur,3,2,"Bus, Auto Rickshaw",bus hit an auto rickshaw,Bangladesh,event,road accident,2019-12-12,15:00:30,Dec,12,Thunderstorm (slight),15,Dec,bus hit an auto rickshaw
2804,"Mother, daughter among 3 killed in road crash",2019-12-12 15:00:30,https://en.prothomalo.com/bangladesh/Mother-daughter-among-3-killed-in-road-crash,dhaka-kapasia-monohardi road,Gazipur,3,2,"Bus, Auto Rickshaw",bus hitting auto rickshaw,Bangladesh,event,road accident,2019-12-12,15:00:30,Dec,12,Thunderstorm (slight),15,Dec,bus hitting auto rickshaw
2805,Withdraw cases against students,2020-07-30 19:44:35,https://en.prothomalo.com/opinion/editorial/withdraw-cases-against-students,"dhaka, bangladesh",Dhaka,2,0,,,Bangladesh,event,road accident,2020-07-30,19:44:35,Jul,7,Light rain,19,Jul,
2808,Satkhira road crash kills 1,2019-11-13 13:29:18,https://en.prothomalo.com/bangladesh/Satkhira-road-crash-kills-1-3,patkelghata bazar,Satkhira,1,0,Three-Wheeler And Motorcycle,collision,Bangladesh,event,road accident,2019-11-13,13:29:18,Nov,11,Partly cloudy,13,Nov,collision
2809,Satkhira road crash kills 1,2019-11-13 13:29:18,https://en.prothomalo.com/bangladesh/Satkhira-road-crash-kills-1-2,patkelghata bazar,Satkhira,1,0,Three-Wheeler And Motorcycle,collision,Bangladesh,event,road accident,2019-11-13,13:29:18,Nov,11,Partly cloudy,13,Nov,collision
2810,Satkhira road crash kills 1,2019-11-13 13:29:18,https://en.prothomalo.com/bangladesh/Satkhira-road-crash-kills-1,patkelghata bazar,Satkhira,1,0,"Three-Wheeler, Motorcycle",collision,Bangladesh,event,road accident,2019-11-13,13:29:18,Nov,11,Partly cloudy,13,Nov,collision
2812,Killing of Mohib Ullah underscores violence in camps,2021-10-02 09:01:29,https://en.prothomalo.com/bangladesh/bangladesh-in-world-media/killing-of-mohib-ullah-underscores-violence-in-camps,refugee camps outside cox's bazar,Cox's Bazar,1,0,,gun violence,Bangladesh,event,road accident,2021-10-02,09:01:29,Oct,10,Light rain,9,Oct,gun violence
2814,3 killed in truck-bus collision,2019-11-26 11:07:19,,dhaka-barishal highway,Faridpur,3,0,"Bus, Truck",head-on collision,Bangladesh,event,road accident,2019-11-26,11:07:19,Nov,11,Partly cloudy,11,Nov,head-on collision
2815,"Road crash ends  actress Asha Chowdhury’s life, dreams ",2021-01-05 21:39:48,,technical intersection,Dhaka,1,0,"Truck, Motorcycle",truck hit the motorbike,Bangladesh,event,road accident,2021-01-05,21:39:48,Jan,1,Clear sky,21,Jan,truck hit the motorbike
2817,Narayanganj mosque blast: Toll rises to 21,2020-09-06 09:38:50,,narayanganj mosque,Narayanganj,21,0,,explosion and fire,Bangladesh,event,road accident,2020-09-06,09:38:50,Sep,9,Light rain,9,Sep,explosion and fire
2819,Bus falls into pond in Noakhali,2019-11-08 22:24:40,,kalugazir pukur area,Noakhali,0,0,Bus,plunged into a pond,Bangladesh,event,road accident,2019-11-08,22:24:40,Nov,11,Dense rain,22,Nov,plunged into a pond
2820,Three of a family killed in Tangail road crash,2019-12-06 11:33:11,https://en.prothomalo.com/bangladesh/Three-of-a-family-killed-in-Tangail-road-crash,dhaka-tangail highway near the bangabandhu bridge,Tangail,3,5,Car,road crash,Bangladesh,event,road accident,2019-12-06,11:33:11,Dec,12,Partly cloudy,11,Dec,road accident
2821,Keraniganj fire death toll climbs to 14,2019-12-14 12:31:20,,keraniganj,Dhaka,14,0,,plastic factory fire,Bangladesh,event,road accident,2019-12-14,12:31:20,Dec,12,Mainly clear,12,Dec,plastic factory fire
2823,Four killed in Rangpur road accident,2015-09-16 22:40:26,,rangpur-dhaka highway,Rangpur,4,40,,,Bangladesh,event,road accident,2015-09-16,22:40:26,Sep,9,Moderate rain,22,Sep,
2825,"35,000 families living in Khagrachhari hills amid landslide risk

",2020-07-23 12:55:32,https://en.prothomalo.com/bangladesh/local-news/35000-families-living-in-khagrachhari-hills-amid-landslide-risk,khagrachhari hill slopes,Khagrachhari,0,0,,landslides triggered by heavy rains,Bangladesh,event,road accident,2020-07-23,12:55:32,Jul,7,Moderate rain,12,Jul,landslides triggered by heavy rains
2826,2 killed in Cumilla road crash,2019-11-13 11:59:36,https://en.prothomalo.com/bangladesh/accident/sv6idq6a0i,dhaka-chattogram highway at korpai,Cumilla,2,0,Pick-Up Van,van plunged into a roadside ditch,Bangladesh,event,road accident,2019-11-13,11:59:36,Nov,11,Partly cloudy,11,Nov,van plunged into a roadside ditch
2827,2 killed in Cumilla road crash,2019-11-13 11:59:36,https://en.prothomalo.com/bangladesh/2-killed-in-Cumilla-road-crash,dhaka-chattogram highway at korpai,Dhaka,2,0,Pick-Up Van,plunged into a roadside ditch,Bangladesh,event,road accident,2019-11-13,11:59:36,Nov,11,Lightning visible,11,Nov,plunged into a roadside ditch
2828,"Blast at traffic police box: Security beefed up in Chattogram

",2020-02-29 16:13:07,https://en.prothomalo.com/bangladesh/crime-and-law/blast-at-traffic-police-box-security-beefed-up-in-chattogram,soloshohor area,Chattogram,0,5,,explosion at a traffic police box,Bangladesh,event,road accident,2020-02-29,16:13:07,Feb,2,Clear sky,16,Feb,explosion at a traffic police box
2829,Road crash kills college girl,2019-09-28 23:14:42,https://en.prothomalo.com/bangladesh/Bangladesh-Road-crash-kills-college-girl,dhaka-rangpur highway,Rangpur,1,0,Bus,speeding bus,Bangladesh,event,road accident,2019-09-28,23:14:42,Sep,9,Moderate rain,23,Sep,speeding bus
2831,"3 killed as microbus cylinder blasts being hit by bus, truck",2019-11-10 10:14:06,https://en.prothomalo.com/bangladesh/3-killed-as-microbus-cylinder-blasts-being-hit-by,gobindapur,Cumilla,3,5,"Microbus, Bus, Truck",gas cylinder explosion after collision with bus and truck,Bangladesh,event,road accident,2019-11-10,10:14:06,Nov,11,Heavy rain,10,Nov,gas cylinder explosion after collision with bus and truck
2841,Seven killed in Dinajpur road crash,2020-07-07 00:00:17,https://en.prothomalo.com/bangladesh/accident/five-killed-two-injured-in-dinajpur-road-crash,25-mile point on the dinajpur-panchagarh highway in birganj upazila,Dinajpur,7,0,Rickshaw-Van,,Bangladesh,event,road accident,2020-07-07,00:00:17,Jul,7,Moderate rain,0,Jul,
2845,"Father, son missing in Chapainawabganj boat capsize",2019-10-08 19:16:16,,padma river,Nawabganj,2,0,,boat capsized,Bangladesh,event,road accident,2019-10-08,19:16:16,Oct,10,Moderate rain,19,Oct,boat capsized
2854,2 bodies recovered in Padma trawler capsize,2019-12-22 22:57:28,https://en.prothomalo.com/bangladesh/2-bodies-recovered-in-Padma-trawler-capsize,padma river at debgram kawaljani,Rajbari,2,0,Trawler,trawler sank,Bangladesh,event,road accident,2019-12-22,22:57:28,Dec,12,Rain showers (violent),22,Dec,trawler sank
2855,"Meghna trawler capsize: One dead, four others missing",2019-11-11 11:39:58,https://en.prothomalo.com/bangladesh/Meghna-trawler-capsize-1-killed-4-others-missing,river meghna,Bhola,1,0,Fishing Trawler,sank,Bangladesh,event,road accident,2019-11-11,11:39:58,Nov,11,Light rain,11,Nov,sank
2856,"One killed, 10-15 feared missing in launch collision",2019-12-07 16:14:01,https://en.prothomalo.com/bangladesh/One-killed-10-15-feared-missing-in-launch,river meghna,Narayanganj,1,5,Launch,head-on collision,Bangladesh,event,road accident,2019-12-07,16:14:01,Dec,12,Partly cloudy,16,Dec,head-on collision
2857,Padma river speedboat crash toll rises to 4,2019-10-25 12:57:42,https://en.prothomalo.com/bangladesh/Padma-river-speedboat-crash-toll-rises-to-4,padma river in zajira upazila,Shariatpur,4,0,Speed Boat,collision between two speedboats,Bangladesh,event,road accident,2019-10-25,12:57:42,Oct,10,Light rain,12,Oct,collision between two speedboats
2858,3 hurt as police vehicle hits lamp post on footpath,2019-11-08 15:11:48,https://en.prothomalo.com/bangladesh/3-hurt-as-police-vehicle-hits-lamp-post-ploughs,chandrima udyan,Dhaka,0,3,,,Bangladesh,event,road accident,2019-11-08,15:11:48,Nov,11,Moderate rain,15,Nov,
2859,"Habiganj, Brahmanbaria road crashes kill 14",2020-03-06 11:19:11,https://en.prothomalo.com/bangladesh/accident/habiganj-brahmanbaria-road-crashes-kill-14,dhaka-sylhet highway at kandigaon in nabiganj upazila,Habiganj,14,9,Microbus,crashed into a roadside tree,Bangladesh,event,road accident,2020-03-06,11:19:11,Mar,3,Dense rain,11,Mar,crashed into a roadside tree
2860,Three killed in separate road crashes ,2020-03-04 12:41:16,https://en.prothomalo.com/bangladesh/accident/3-killed-in-separate-road-crashes,begumganj-sonaimuri road in begumganj upazila,Noakhali,2,3,,,Bangladesh,event,road accident,2020-03-04,12:41:16,Mar,3,Light rain,12,Mar,
2862,6 high school students killed in road crash,2020-03-01 14:17:58,https://en.prothomalo.com/bangladesh/accident/6-high-school-students-killed-in-road-crash,durgapur upazila,Netrakona,6,20,"Pick-Up Van, Truck",head-on collision,Bangladesh,event,road accident,2020-03-01,14:17:58,Mar,3,,14,Mar,head-on collision
2863,Indefinite strike by lighterage vessel workers disrupts works at Chattogram port,2020-10-20 17:41:16,,chattogram port,Chattogram,0,0,Lighterage Vessels And Oil Tankers,strike by water transport workers,Bangladesh,event,road accident,2020-10-20,17:41:16,Oct,10,Heavy rain,17,Oct,strike by water transport workers
2864,2 killed in Gazipur road accident,2015-09-11 13:06:36,,nayanpur on the dhaka-mymensingh highway,Gazipur,2,3,"Bus, Cng-Run Auto-Rickshaw",bus knocked down a cng-run auto-rickshaw,Bangladesh,event,road accident,2015-09-11,13:06:36,Sep,9,Moderate rain,13,Sep,bus knocked down a cngrun autorickshaw
2865,"Permanent solution needed to remove overhead cables in the city

",2020-10-19 13:14:28,,dhaka metropolis,Dhaka,0,0,Cables,unregulated installation of cables,Bangladesh,event,road accident,2020-10-19,13:14:28,Oct,10,Light rain,13,Oct,unregulated installation of cables
2866,Army man killed in Chattogram road crash,2019-11-06 11:01:10,https://en.prothomalo.com/bangladesh/Army-man-killed-in-Chattogram-road-crash,dhaka-chattogram highway at fouzdarhat,Chattogram,1,1,,,Bangladesh,event,road accident,2019-11-06,11:01:10,Nov,11,Partly cloudy,11,Nov,
2867,2 pedestrians killed in Kurigram road crash,2019-12-02 19:46:51,https://en.prothomalo.com/bangladesh/2-pedestrians-killed-in-Kurigram-road-crash,chowrasta intersection of kurigram town,Kurigram,2,16,"Truck, Auto-Rickshaw",truck crashed into auto-rickshaw and pedestrians,Bangladesh,event,road accident,2019-12-02,19:46:51,Dec,12,Partly cloudy,19,Dec,truck crashed into autorickshaw and pedestrians
2871,3 missing as sand-laden vessel sinks in Meghna,2019-11-17 12:14:58,https://en.prothomalo.com/bangladesh/3-missing-as-sand-laden-vessel-sinks-in-Meghna,river meghna,Munshiganj,0,0,Vessel And Launch,collision between vessel and launch,Bangladesh,event,road accident,2019-11-17,12:14:58,Nov,11,Partly cloudy,12,Nov,collision between vessel and launch
2872,Youth killed as microbus hits him,2019-09-03 13:36:11,,palashbari,Gaibandha,1,0,Microbus,hit by microbus,Bangladesh,event,road accident,2019-09-03,13:36:11,Sep,9,Moderate rain,13,Sep,hit by microbus
2873,Gas cylinder blast kills 5 children,2019-10-30 20:28:18,https://en.prothomalo.com/bangladesh/Gas-cylinder-blast-kills-4-children,rupnagar residential area,Dhaka,5,0,,gas cylinder blast,Bangladesh,event,road accident,2019-10-30,20:28:18,Oct,10,Partly cloudy,20,Oct,gas cylinder blast
2875,One killed in Mirpur road accident,2015-08-29 19:24:26,,mirpur-10 area,Dhaka,1,0,Bus,run over by a passenger bus,Bangladesh,event,road accident,2015-08-29,19:24:26,Aug,8,Moderate rain,19,Aug,run over by a passenger bus
2877,2 killed as lorry falls off bridge in Chattogram,2019-10-28 16:24:53,,kalushah nagar area on dhaka-chattogram highway,Chattogram,2,0,Truck,fell off a bridge,Bangladesh,event,road accident,2019-10-28,16:24:53,Oct,10,Partly cloudy,16,Oct,fell off a bridge
2882,"2 killed in Chandpur, Benapole road crashes",2019-12-05 13:58:42,https://en.prothomalo.com/bangladesh/2-killed-in-Chandpur-Benapole-road-crashes,"amtala-gatipara road, sharsha upazila",Jashore,2,0,"Trolley, Truck",truck hit trolley,Bangladesh,event,road accident,2019-12-05,13:58:42,Dec,12,Partly cloudy,13,Dec,truck hit trolley
2883,College student killed in road crash,2019-12-04 15:44:51,https://en.prothomalo.com/bangladesh/College-student-killed-in-road-crash-5,kashimpur,,1,2,Motorcycle,returning home by motorcycle,Bangladesh,event,road accident,2019-12-04,15:44:51,Dec,12,,15,Dec,returning home by motorcycle
2884,College student killed in road crash,2019-12-04 15:44:51,https://en.prothomalo.com/bangladesh/College-student-killed-in-road-crash-4,kashimpur,,1,2,Motorcycle,returning home,Bangladesh,event,road accident,2019-12-04,15:44:51,Dec,12,,15,Dec,returning home
2886,College student killed in road crash,2019-12-04 15:44:51,https://en.prothomalo.com/bangladesh/College-student-killed-in-road-crash-2,kashimpur,,1,2,Motorcycle,returning home by motorcycle,Bangladesh,event,road accident,2019-12-04,15:44:51,Dec,12,,15,Dec,returning home by motorcycle