id,title,date,article_url,place_of_accident,district,number_of_deaths,number_of_injured,vehicle_type,cause_of_accident,country,report_type,type_of_accident,accident_date,accident_time,month,month_num,condition,accident_hour,month_name,cause_of_accident_normalized
3047,RMG worker killed in factory wall collapse,2019-12-10 12:46:06,https://en.prothomalo.com/bangladesh/RMG-worker-killed-in-factory-wall-collapse,gouripur in ashulia,Dhaka,1,10,,wall collapse following a blast inside the factory,Bangladesh,event,road accident,2019-12-10,12:46:06,Dec,12,Clear sky,12,Dec,wall collapse following a blast inside the factory
3048,"Motorcyclist, pillion rider killed in Gopalganj",2019-07-12 19:42:49,https://en.prothomalo.com/bangladesh/Motorcyclist-pillion-rider-killed-in-Gopalganj,dhaka-khulna highway at chaptai of kashiani upazila,Gopalganj,2,0,Motorcycle,,Bangladesh,event,road accident,2019-07-12,19:42:49,Jul,7,Moderate rain,19,Jul,
3049,Bus driver remanded over woman’s death in road crash,2019-09-28 19:49:44,,mohakhali’s amtoli,Dhaka,1,0,Bus,bus hit a pedestrian,Bangladesh,event,road accident,2019-09-28,19:49:44,Sep,9,Light rain,19,Sep,bus hit a pedestrian
3057,Road crash kills youth,2019-07-08 13:20:13,https://en.prothomalo.com/bangladesh/Road-crash-kills-youth,signboard on dhaka-narayanganj road,Narayanganj,1,0,"Bus, Motorbike",,Bangladesh,event,road accident,2019-07-08,13:20:13,Jul,7,Moderate rain,13,Jul,
3060,Eight killed in separate road crashes,2020-02-29 15:41:55,https://en.prothomalo.com/bangladesh/eight-killed-in-separate-road-crashes,zinglatoli in daudkandi upazila,Cumilla,3,15,Bus,plunged into a roadside ditch,Bangladesh,event,road accident,2020-02-29,15:41:55,Feb,2,Clear sky,15,Feb,plunged into a roadside ditch
3061,Three including cop killed in separate road crashes,2019-12-03 12:06:45,https://en.prothomalo.com/bangladesh/Three-including-cop-killed-in-separate-road,chelerghat,Mymensingh,2,0,Car,vehicle overturned and fell into a pond,Bangladesh,event,road accident,2019-12-03,12:06:45,Dec,12,Clear sky,12,Dec,vehicle overturned and fell into a pond
3062,7 killed in head-on collision between two buses,2019-08-02 11:19:31,https://en.prothomalo.com/bangladesh/7-killed-in-head-on-collision-between-two-buses,sadar upazila,Thakurgaon,7,19,Bus,head-on collision,Bangladesh,event,road accident,2019-08-02,11:19:31,Aug,8,Light rain,11,Aug,head-on collision
3067,Four killed as bus overturns,2019-07-29 15:49:10,https://en.prothomalo.com/bangladesh/Four-killed-as-bus-overturns,vatiapara intersection,Gopalganj,4,21,Bus,overturned,Bangladesh,event,road accident,2019-07-29,15:49:10,Jul,7,Moderate rain,15,Jul,overturned
3071,3 killed as pickup van hits truck,2019-07-01 10:31:54,https://en.prothomalo.com/bangladesh/3-killed-as-pickup-van-hits-truck,dhaka-mymensingh highway,Mymensingh,3,0,"Pickup Van, Truck",van crashed into a truck,Bangladesh,event,road accident,2019-07-01,10:31:54,Jul,7,Moderate rain,10,Jul,van crashed into a truck
3072,Bus catches fire in Manikganj,2019-06-03 14:09:24,https://en.prothomalo.com/bangladesh/Bus-catches-fire-in-Manikganj,dhaka-aricha highway,Manikganj,0,0,Bus,fire,Bangladesh,event,road accident,2019-06-03,14:09:24,Jun,6,Moderate rain,14,Jun,fire
3076,8 killed in Sirajganj road crash,2019-06-02 14:15:35,https://en.prothomalo.com/bangladesh/8-killed-in-Sirajganj-road-crash,boalia,Sirajganj,8,15,Human Hauler And A Bus,head-on collision,Bangladesh,event,road accident,2019-06-02,14:15:35,Jun,6,Moderate rain,14,Jun,head-on collision
3078,3 bikers killed in Cumilla road crash,2019-09-15 16:13:15,https://en.prothomalo.com/bangladesh/3-bikers-killed-in-Cumilla-road-crash,dhaka-chattogram highway,Cumilla,3,0,"Motorcycle, Passenger Bus",passenger bus hit a motorcycle,Bangladesh,event,road accident,2019-09-15,16:13:15,Sep,9,Moderate rain,16,Sep,passenger bus hit a motorcycle
3080,Brahmanbaria violence: Confusion over death toll,2021-04-08 17:30:05,,poirtala bus stand,Brahmanbaria,1,0,,shot dead by police,Bangladesh,event,road accident,2021-04-08,17:30:05,Apr,4,Light rain,17,Apr,shot dead by police
3081,"Motorcyclist, pillion rider killed in road crash",2019-06-15 12:25:15,https://en.prothomalo.com/bangladesh/Motorcyclist-pillion-rider-killed-in-road-crash-2,panchagarh-tetulia highway at barrister bazar,Panchagarh,2,0,"Truck, Motorcycle",stone-laden truck hit their vehicle,Bangladesh,event,road accident,2019-06-15,12:25:15,Jun,6,,12,Jun,stoneladen truck hit their vehicle
3082,"Motorcyclist, pillion rider killed in road crash",2019-06-15 12:25:15,https://en.prothomalo.com/bangladesh/Motorcyclist-pillion-rider-killed-in-road-crash,panchagarh-tetulia highway at barrister bazar,Panchagarh,2,0,"Truck, Motorcycle",stone-laden truck hit their vehicle,Bangladesh,event,road accident,2019-06-15,12:25:15,Jun,6,,12,Jun,stoneladen truck hit their vehicle
3091,DMP chief urges to abide by rules to bring discipline on roads,2019-11-22 09:57:15,https://en.prothomalo.com/bangladesh/DMP-chief-urges-to-abide-by-rules-to-bring,dhaka,Dhaka,0,0,,lack of traffic rule abiding,Bangladesh,event,road accident,2019-11-22,09:57:15,Nov,11,Partly cloudy,9,Nov,lack of traffic rule abiding
3094,Bogura boat capsize: Two more bodies recovered,2019-08-15 22:58:05,https://en.prothomalo.com/bangladesh/Bogura-boat-capsize-Two-more-bodies-recovered,"sariakandi upazila, jamuna river",Bogra,4,0,Engine-Run Boat,capsized,Bangladesh,event,road accident,2019-08-15,22:58:05,Aug,8,Moderate rain,22,Aug,unknown
3096,Road crash kills couple,2019-08-11 12:47:11,https://en.prothomalo.com/bangladesh/Road-crash-kills-couple,raiganj upazila,Sirajganj,2,2,Bus,speedy bus,Bangladesh,event,road accident,2019-08-11,12:47:11,Aug,8,Light rain,12,Aug,speedy bus
3097,Truck driver killed in road crash,2019-07-15 14:22:26,https://en.prothomalo.com/bangladesh/Truck-driver-killed-in-road-crash,khulna-mawa highway in fakirhat upazila,Bagerhat,1,0,Truck,hit a roadside tree,Bangladesh,event,road accident,2019-07-15,14:22:26,Jul,7,Moderate rain,14,Jul,hit a roadside tree
3098,Speeding bus costs another life,2019-09-05 23:52:04,https://en.prothomalo.com/bangladesh/Speeding-bus-costs-another-life,mohakhali,Dhaka,1,0,Bus,speeding,Bangladesh,event,road accident,2019-09-05,23:52:04,Sep,9,Moderate rain,23,Sep,speeding
3100,Road crashes kill 4 in Bogura,2019-09-05 18:02:41,https://en.prothomalo.com/bangladesh/Road-crashes-kill-4-killed-in-Bogura,dhaka-bogura highway at college road area and ulipur in sherpur upazila headquarters,Sherpur,4,2,"Truck, Bus","truck collision, bus hitting a pedestrian",Bangladesh,event,road accident,2019-09-05,18:02:41,Sep,9,Light rain,18,Sep,truck collision bus hitting a pedestrian
3103,2 students’ death in road crash: Verdict to be delivered 1 Dec,2019-11-14 22:47:59,https://en.prothomalo.com/bangladesh/2-students’-death-in-road-crash-Verdict-to-be,airport road,Dhaka,2,0,,,Bangladesh,event,road accident,2019-11-14,22:47:59,Nov,11,Clear sky,22,Nov,
3105,14 years since dreadful day of cyclone Sidr,2021-11-15 22:37:59,https://en.prothomalo.com/bangladesh/14-years-since-dreadful-day-of-cyclone-sidr,coastal districts of bangladesh,,0,0,"Flights, Vessels",cyclone sidr hitting the coast with high speed and tidal surge,Bangladesh,event,road accident,2021-11-15,22:37:59,Nov,11,,22,Nov,cyclone sidr hitting the coast with high speed and tidal surge
3106,"Stop killing passengers pushing off buses

",2020-09-29 14:52:37,https://en.prothomalo.com/opinion/editorial/stop-killing-passengers-pushing-off-buses,bahaddarhat to agrabad,Chattogram,1,0,City Transport Bus (Chittagong Metro-J-11-2031),dispute over bus fare,Bangladesh,event,road accident,2020-09-29,14:52:37,Sep,9,Light rain,14,Sep,dispute over bus fare
3107,Homecoming ends up in tragic death,2020-01-17 10:18:32,https://en.prothomalo.com/bangladesh/Homecoming-ends-up-in-death,beanibazar,Sylhet,0,0,,,Bangladesh,event,road accident,2020-01-17,10:18:32,Jan,1,Mainly clear,10,Jan,
3109,Cop among three killed in road crash,2019-09-02 12:03:53,https://en.prothomalo.com/bangladesh/Cop-among-three-killed-in-road-crash,syedpur,Cumilla,3,0,"Covered Van, Wrecker","road crash, being hit by wrecker during rescue operation",Bangladesh,event,road accident,2019-09-02,12:03:53,Sep,9,Light rain,12,Sep,road crash being hit by wrecker during rescue operation
3110,Landslide kills 2 in Rangamati,2019-07-13 13:18:08,https://en.prothomalo.com/bangladesh/Landslide-kills-2-in-Rangamati,karigar para,Rangamati,2,0,,landslide,Bangladesh,event,road accident,2019-07-13,13:18:08,Jul,7,,13,Jul,landslide
3113,2 dead as bus collides with truck,2019-06-01 14:20:47,https://en.prothomalo.com/bangladesh/2-dead-as-bus-collides-with-truck,dhaka-khulna highway,Faridpur,2,2,"Bus, Truck",head on collision,Bangladesh,event,road accident,2019-06-01,14:20:47,Jun,6,Light rain,14,Jun,head-on collision
3114,Eden college student dies 2 days after falling from bike,2019-12-02 16:55:40,https://en.prothomalo.com/bangladesh/Eden-college-student-dies-2-days-after-falling,"bijoy sarani, dhaka",Dhaka,1,0,Motorcycle,fell from motorcycle,Bangladesh,event,road accident,2019-12-02,16:55:40,Dec,12,Snow showers (slight),16,Dec,fell from motorcycle
3117,4 workers killed as Chander Gari overturns in Chattogram,2019-04-25 11:19:44,https://en.prothomalo.com/bangladesh/4-workers-killed-as-Chander-Gari-overturns-in,gabtala area of rangunia upazila,Chattogram,4,0,Human Hauler (Chander Gari),turned turtle,Bangladesh,event,road accident,2019-04-25,11:19:44,Apr,4,Clear sky,11,Apr,turned turtle
3118,3 killed in road crash,2019-06-12 09:53:27,https://en.prothomalo.com/bangladesh/3-killed-in-road-crash-5,mahishbathan bazar,Naogaon,3,0,"Truck, Motorcycle",truck hit a motorbike,Bangladesh,event,road accident,2019-06-12,09:53:27,Jun,6,Light rain,9,Jun,truck hit motorcycle accident
3119,3 killed in road crash,2019-06-12 09:53:27,https://en.prothomalo.com/bangladesh/3-killed-in-road-crash-4,mahishbathan bazar,Naogaon,3,0,"Truck, Motorcycle",truck hit a motorbike,Bangladesh,event,road accident,2019-06-12,09:53:27,Jun,6,Light rain,9,Jun,truck hit motorcycle accident
3120,3 killed in road crash,2019-06-12 09:53:27,https://en.prothomalo.com/bangladesh/3-killed-in-road-crash-2,mahishbathan bazar,Naogaon,3,0,"Truck, Motorcycle",truck hit a motorbike,Bangladesh,event,road accident,2019-06-12,09:53:27,Jun,6,Light rain,9,Jun,truck hit motorcycle accident
3121,Brahmanbaria road crash kills 3,2019-05-25 20:06:41,https://en.prothomalo.com/bangladesh/Brahmanbaria-road-crash-kills-3,bijoynagar,Brahmanbaria,3,2,"Truck, Auto-Rickshaw",truck hit an auto-rickshaw,Bangladesh,event,road accident,2019-05-25,20:06:41,May,5,Moderate rain,20,May,truck hit an autorickshaw
3122,7 killed as picnic bus hits tree,2019-08-15 10:49:08,https://en.prothomalo.com/bangladesh/7-killed-as-picnic-bus-hits-tree,lemua,Feni,7,20,,,Bangladesh,event,road accident,2019-08-15,10:49:08,Aug,8,Moderate rain,10,Aug,
3123,3 killed over land dispute,2019-08-14 12:59:33,https://en.prothomalo.com/bangladesh/Clash-between-rival-groups-kills-3,khathaldangi village,Mymensingh,3,2,,clash over ownership of a plot,Bangladesh,event,road accident,2019-08-14,12:59:33,Aug,8,Moderate rain,12,Aug,clash over ownership of a plot
3124,Motorcyclist killed on flyover,2019-07-04 09:34:27,https://en.prothomalo.com/bangladesh/Motorcyclist-killed-on-flyover,mayor mohammad hanif flyover,Dhaka,1,0,"Truck, Motorcycle",speeding truck,Bangladesh,event,road accident,2019-07-04,09:34:27,Jul,7,Light rain,9,Jul,speeding truck
3125,2 bikers killed in Bagerhat road crash,2019-06-06 16:38:42,https://en.prothomalo.com/bangladesh/2-bikers-killed-in-Bagerhat-road-crash,maheshpur,Bagerhat,2,2,Motorcycle,road accident,Bangladesh,event,road accident,2019-06-06,16:38:42,Jun,6,Moderate rain,16,Jun,road accident
3126,8 killed as bus plunges into roadside ditch,2019-08-24 17:48:49,https://en.prothomalo.com/bangladesh/6-killed-as-bus-plunges-into-roadside-ditch,dhuldi area on the dhaka-faridpur highway,Faridpur,8,20,Bus,fell off a bridge,Bangladesh,event,road accident,2019-08-24,17:48:49,Aug,8,Light rain,17,Aug,fell off a bridge
3127,Road crash kills construction worker,2019-05-07 13:37:23,https://en.prothomalo.com/bangladesh/Road-crash-kills-construction-worker,dhaka-aricha highway in sadar upazila's jagir area,Manikganj,1,0,Pick-Up Van,worker crushed under vehicle,Bangladesh,event,road accident,2019-05-07,13:37:23,May,5,Partly cloudy,13,May,worker crushed under vehicle
3128,Road crashes snatch three lives,2019-09-17 11:42:13,https://en.prothomalo.com/bangladesh/Road-crashes-snatch-three-lives,gazipur and panchagarh districts,Panchagarh,2,0,,,Bangladesh,event,road accident,2019-09-17,11:42:13,Sep,9,,11,Sep,
3131,Thakurgaon road crash death toll rises to 4,2019-08-22 20:01:17,https://en.prothomalo.com/bangladesh/Thakurgaon-road-crash-death-toll-rises-to-4,thakurgaon-panchagarh highway,Thakurgaon,4,29,Buses,head-on collision,Bangladesh,event,road accident,2019-08-22,20:01:17,Aug,8,Dense rain,20,Aug,head-on collision
3133,Cumilla road crash kills 2,2019-06-18 18:31:29,https://en.prothomalo.com/bangladesh/Cumilla-road-crash-kills-2,jatrapur,Cumilla,2,3,Pick-Up Van And Auto-Rickshaw,head-on collision,Bangladesh,event,road accident,2019-06-18,18:31:29,Jun,6,Light rain,18,Jun,head-on collision
3134,Schoolboy killed in road crash,2019-06-15 22:37:16,https://en.prothomalo.com/bangladesh/Schoolboy-killed-in-road-crash-2,baganmath village,Jhenaidah,1,0,Auto-Rickshaw,hit by an auto-rickshaw,Bangladesh,event,road accident,2019-06-15,22:37:16,Jun,6,Moderate rain,22,Jun,hit by an autorickshaw
3135,Schoolboy killed in road crash,2019-06-15 22:37:16,https://en.prothomalo.com/bangladesh/Schoolboy-killed-in-road-crash,baganmath village,Jhenaidah,1,0,Auto-Rickshaw,hit by an auto-rickshaw,Bangladesh,event,road accident,2019-06-15,22:37:16,Jun,6,Moderate rain,22,Jun,hit by an autorickshaw
3137,2 killed in road crash,2019-05-03 14:38:29,https://en.prothomalo.com/bangladesh/2-killed-in-road-crash-11,khulna-mawa highway at nauapara in fakirhat upazila,Bagerhat,2,1,"Bus, Microbus",collision,Bangladesh,event,road accident,2019-05-03,14:38:29,May,5,Moderate rain,14,May,collision
3138,2 killed in road crash,2019-05-03 14:38:29,https://en.prothomalo.com/bangladesh/2-killed-in-road-crash-13,khulna-mawa highway at nauapara in fakirhat upazila,Bagerhat,2,1,"Bus, Microbus",collision,Bangladesh,event,road accident,2019-05-03,14:38:29,May,5,Moderate rain,14,May,collision
3139,2 killed in road crash,2019-05-03 14:38:29,https://en.prothomalo.com/bangladesh/2-killed-in-road-crash-10,khulna-mawa highway at nauapara in fakirhat upazila,Bagerhat,2,1,"Bus, Microbus",collision between bus and microbus,Bangladesh,event,road accident,2019-05-03,14:38:29,May,5,Moderate rain,14,May,collision between bus and microbus
3140,2 killed in road crash,2019-05-03 14:38:29,https://en.prothomalo.com/bangladesh/2-killed-in-road-crash-7,khulna-mawa highway at nauapara in fakirhat upazila,Bagerhat,2,1,"Bus, Microbus",collision,Bangladesh,event,road accident,2019-05-03,14:38:29,May,5,Moderate rain,14,May,collision
3141,2 killed in road crash,2019-05-03 14:38:29,https://en.prothomalo.com/bangladesh/2-killed-in-road-crash-4,khulna-mawa highway at nauapara in fakirhat upazila,Bagerhat,2,1,"Bus, Microbus",collision,Bangladesh,event,road accident,2019-05-03,14:38:29,May,5,Moderate rain,14,May,collision
3142,2 killed in road crash,2019-05-03 14:38:29,https://en.prothomalo.com/bangladesh/2-killed-in-road-crash-2,khulna-mawa highway at nauapara in fakirhat upazila,Bagerhat,2,1,"Bus, Microbus",collision,Bangladesh,event,road accident,2019-05-03,14:38:29,May,5,Moderate rain,14,May,collision
3143,2 killed in road crash,2019-05-03 14:38:29,https://en.prothomalo.com/bangladesh/2-killed-in-road-crash,khulna-mawa highway at nauapara in fakirhat upazila,Bagerhat,2,1,"Bus, Microbus",collision,Bangladesh,event,road accident,2019-05-03,14:38:29,May,5,Moderate rain,14,May,collision
3146,Man killed in Natore road crash,2019-04-23 13:42:35,https://en.prothomalo.com/bangladesh/Man-killed-in-Natore-road-crash,bonpara,Natore,1,2,"Bus, Rickshaw Van",bus hit rickshaw van,Bangladesh,event,road accident,2019-04-23,13:42:35,Apr,4,Light rain,13,Apr,bus hit rickshaw van
3147,BCL man among 2 killed in Chattogram road crash,2019-09-11 09:44:29,,mirsarai upazila,Chattogram,2,10,,,Bangladesh,event,road accident,2019-09-11,09:44:29,Sep,9,Moderate rain,9,Sep,
3148,3 bikers killed in Pabna road crash,2019-07-08 19:20:09,,dhaka-pabna highway at birahimpur of aminpur upazila,Pabna,3,0,"Truck, Motorcycle",truck hit a motorbike,Bangladesh,event,road accident,2019-07-08,19:20:09,Jul,7,Moderate rain,19,Jul,truck hit motorcycle accident
3151,2 workers killed as truck overturns,2019-05-13 10:21:31,https://en.prothomalo.com/bangladesh/2-workers-killed-as-truck-overturns,mohonpur,Rajshahi,2,0,Truck,driver lost control,Bangladesh,event,road accident,2019-05-13,10:21:31,May,5,,10,May,driver lost control
3152,"Biker, pillion rider killed in Dinajpur",2019-05-27 11:23:07,https://en.prothomalo.com/bangladesh/Biker-pillion-rider-killed-in-Dinajpur,dinajpur-phulbari highway at kauga intersection in sadar upazila,Dinajpur,2,0,Motorcycle And Truck,truck hit motorcycle,Bangladesh,event,road accident,2019-05-27,11:23:07,May,5,Light rain,11,May,truck hit motorcycle accident
3155,Road crashes kill two in Joypurhat,2019-06-22 19:39:23,https://en.prothomalo.com/bangladesh/Road-crashes-kill-two-Joypurhat,akkelpur and khetlal upazilas,Joypurhat,2,0,Human Hauler,,Bangladesh,event,road accident,2019-06-22,19:39:23,Jun,6,Light rain,19,Jun,
3157,1 killed in Savar road crash,2019-05-11 12:41:36,https://en.prothomalo.com/bangladesh/1-killed-in-Savar-road-crash,dhaka-aricha highway at boliarpur,Dhaka,1,4,Minibus,driver lost control,Bangladesh,event,road accident,2019-05-11,12:41:36,May,5,Partly cloudy,12,May,driver lost control
3159,2 including policeman killed in road crash,2019-08-12 18:41:32,https://en.prothomalo.com/bangladesh/2-including-police-killed-in-road-crash,kaladi petrol pump area,Narayanganj,2,1,Truck And Cng Auto Rickshaw,head-on collision,Bangladesh,event,road accident,2019-08-12,18:41:32,Aug,8,Moderate rain,18,Aug,head-on collision
3164,Three killed in Banani road accident,2015-06-19 16:52:18,https://en.prothomalo.com/bangladesh/Three-killed-in-Banani-road-accident,banani,Dhaka,3,3,Pick-Up Vans,head-on collision,Bangladesh,event,road accident,2015-06-19,16:52:18,Jun,6,Light rain,16,Jun,head-on collision
3167,Sorry state of Bhola-Barishal highway,2020-08-09 10:53:11,https://en.prothomalo.com/bangladesh/local-news/sorry-state-of-bhola-barishal-highway,"bhola-barishal highway, 10.5 km stretch from lakshmipur to maju chowdhury hat",Bagerhat,0,0,Various Vehicles,"dilapidated state of the highway, potholes",Bangladesh,event,road accident,2020-08-09,10:53:11,Aug,8,Light rain,10,Aug,dilapidated state of the highway potholes
3169,Initiatives required to ensure safety,2020-09-10 14:41:51,https://en.prothomalo.com/opinion/editorial/initiatives-required-to-ensure-safety,baitus salat jam-e-masjid in paschim talla,Narayanganj,28,0,Gas Line,gas leak and explosion,Bangladesh,event,road accident,2020-09-10,14:41:51,Sep,9,Light rain,14,Sep,gas leak and explosion
3171,Rickshaw puller killed in road crash,2019-04-07 21:15:41,https://en.prothomalo.com/bangladesh/Rickshaw-puller-killed-in-road-crash-2,gulistan,Dhaka,1,0,"Bus, Rickshaw",bus hit rickshaw,Bangladesh,event,road accident,2019-04-07,21:15:41,Apr,4,Light rain,21,Apr,bus hit rickshaw
3173,Bodies of 9 missing fishermen recovered in Barishal,2019-11-12 00:02:08,https://en.prothomalo.com/bangladesh/Bodies-of-9-missing-fishermen-recovered-in,meghna river and machhkata river,Bhola,10,0,Trawler,trawler capsize,Bangladesh,event,road accident,2019-11-12,00:02:08,Nov,11,Mainly clear,0,Nov,trawler capsize
3174,"Mother, son killed in road crash",2019-06-29 10:58:37,https://en.prothomalo.com/bangladesh/Mother-son-killed-in-road-crash,gerakhola area on dhaka-khulna highway,Gopalganj,2,0,Bus,bus ran over them,Bangladesh,event,road accident,2019-06-29,10:58:37,Jun,6,Dense rain,10,Jun,bus ran over them
3176,8 people killed as bus overturns in Joypurhat,2019-04-12 14:44:54,https://en.prothomalo.com/bangladesh/8-people-killed-as-bus-overturns-in-Joypurhat,baniapara,Joypurhat,8,0,Bus,driver lost control over the steering,Bangladesh,event,road accident,2019-04-12,14:44:54,Apr,4,Light rain,14,Apr,driver lost control over the steering
3179,Tangail road crashes kill five,2019-08-04 22:58:12,https://en.prothomalo.com/bangladesh/Tangail-road-crashes-kill-5,"mirzapur, ghatail and delduar upazilas",Tangail,5,0,,,Bangladesh,event,road accident,2019-08-04,22:58:12,Aug,8,Moderate rain,22,Aug,
3181,2 killed in Lalmonirhat road crash,2019-06-26 16:09:51,https://en.prothomalo.com/bangladesh/2-killed-in-Lalmonirhat-road-crash-2,lalmonirhat-burimari highway at palashi bazar in aditmari upazila,Lalmonirhat,2,7,"Truck, Auto-Rickshaw",truck hit an auto-rickshaw,Bangladesh,event,road accident,2019-06-26,16:09:51,Jun,6,Heavy rain,16,Jun,truck hit an autorickshaw
3184,2 killed in road crash,2019-06-11 11:50:49,https://en.prothomalo.com/bangladesh/2-killed-in-road-crash-11,gabtali,Chandpur,2,3,"Bus, Auto-Rickshaw",bus hit auto-rickshaw,Bangladesh,event,road accident,2019-06-11,11:50:49,Jun,6,Partly cloudy,11,Jun,bus hit autorickshaw
3185,2 killed in road crash,2019-06-11 11:50:49,https://en.prothomalo.com/bangladesh/2-killed-in-road-crash-13,gabtali,Chandpur,2,3,"Bus, Auto-Rickshaw",bus crashed into an auto-rickshaw,Bangladesh,event,road accident,2019-06-11,11:50:49,Jun,6,Partly cloudy,11,Jun,bus crashed into an autorickshaw
3186,2 killed in road crash,2019-06-11 11:50:49,https://en.prothomalo.com/bangladesh/2-killed-in-road-crash-10,gabtali,Chandpur,2,3,"Bus, Auto-Rickshaw",bus crashed into an auto-rickshaw,Bangladesh,event,road accident,2019-06-11,11:50:49,Jun,6,Partly cloudy,11,Jun,bus crashed into an autorickshaw
3187,2 killed in road crash,2019-06-11 11:50:49,https://en.prothomalo.com/bangladesh/2-killed-in-road-crash-7,"gabtali, chandpur sadar upazila",Chandpur,2,3,"Bus, Auto-Rickshaw",bus crashed into an auto-rickshaw,Bangladesh,event,road accident,2019-06-11,11:50:49,Jun,6,Partly cloudy,11,Jun,bus crashed into an autorickshaw
3188,2 killed in road crash,2019-06-11 11:50:49,https://en.prothomalo.com/bangladesh/2-killed-in-road-crash-4,gabtali,Chandpur,2,3,"Bus, Auto-Rickshaw",bus crashed into an auto-rickshaw,Bangladesh,event,road accident,2019-06-11,11:50:49,Jun,6,Partly cloudy,11,Jun,bus crashed into an autorickshaw
3189,2 killed in road crash,2019-06-11 11:50:49,https://en.prothomalo.com/bangladesh/2-killed-in-road-crash-2,gabtali,Chandpur,2,3,"Bus, Auto-Rickshaw",bus crashed into an auto-rickshaw,Bangladesh,event,road accident,2019-06-11,11:50:49,Jun,6,Partly cloudy,11,Jun,bus crashed into an autorickshaw
3190,2 killed in road crash,2019-06-11 11:50:49,https://en.prothomalo.com/bangladesh/2-killed-in-road-crash,gabtali,Chandpur,2,3,"Bus, Auto-Rickshaw",bus crashed into an auto-rickshaw,Bangladesh,event,road accident,2019-06-11,11:50:49,Jun,6,Partly cloudy,11,Jun,bus crashed into an autorickshaw
3193,"Cox’s Bazar fire kills father, daughter",2019-05-12 11:14:44,https://en.prothomalo.com/bangladesh/Cox’s-Bazar-fire-kills-father-daughter,lighthouse area,Cox's Bazar,2,0,,fire,Bangladesh,event,road accident,2019-05-12,11:14:44,May,5,Light rain,11,May,fire
3195,Gopalganj road crash death toll rises to 6,2019-07-29 20:52:13,https://en.prothomalo.com/bangladesh/Gopalganj-road-crash-death-toll-rises-to-6,vatiapara intersection,Gopalganj,6,15,"Bus, Truck",driver lost control over the steering and hit a stationary truck,Bangladesh,event,road accident,2019-07-29,20:52:13,Jul,7,Moderate rain,20,Jul,driver lost control over the steering and hit a stationary truck
3201,Road crash claims four lives,2019-10-01 15:58:41,https://en.prothomalo.com/bangladesh/Road-claims-four-lives,chikashi of dhunat upazila,,2,0,Motorcycle,head-on collision,Bangladesh,event,road accident,2019-10-01,15:58:41,Oct,10,,15,Oct,head-on collision
3209,Road crash kills 2,2019-05-29 11:22:22,https://en.prothomalo.com/bangladesh/Road-crash-kills-2-7,akbar shah,Chattogram,2,4,"Covered Van, Auto-Rickshaw",covered van hit auto-rickshaw,Bangladesh,event,road accident,2019-05-29,11:22:22,May,5,Partly cloudy,11,May,covered van hit autorickshaw
3210,Road crash kills 2,2019-05-29 11:22:22,https://en.prothomalo.com/bangladesh/Road-crash-kills-2-6,akbar shah area,Chattogram,2,4,"Covered Van, Auto-Rickshaw",collision between vehicles,Bangladesh,event,road accident,2019-05-29,11:22:22,May,5,Partly cloudy,11,May,collision between vehicles
3211,Road crash kills 2,2019-05-29 11:22:22,https://en.prothomalo.com/bangladesh/Road-crash-kills-2-5,akbar shah area,Chattogram,2,4,"Covered Van, Auto-Rickshaw",covered van hit auto-rickshaw,Bangladesh,event,road accident,2019-05-29,11:22:22,May,5,Partly cloudy,11,May,covered van hit autorickshaw
3212,Road crash kills 2,2019-05-29 11:22:22,https://en.prothomalo.com/bangladesh/Road-crash-kills-2-4,akbar shah area,Chattogram,2,4,"Covered Van, Auto-Rickshaw",covered van hit a cng run auto-rickshaw,Bangladesh,event,road accident,2019-05-29,11:22:22,May,5,Partly cloudy,11,May,covered van hit a cng run autorickshaw
3213,Road crash kills 2,2019-05-29 11:22:22,https://en.prothomalo.com/bangladesh/Road-crash-kills-2-3,akbar shah area,Chattogram,2,4,"Covered Van, Auto-Rickshaw",covered van hit auto-rickshaw,Bangladesh,event,road accident,2019-05-29,11:22:22,May,5,Partly cloudy,11,May,covered van hit autorickshaw
3214,Road crash kills 2,2019-05-29 11:22:22,https://en.prothomalo.com/bangladesh/Road-crash-kills-2-2,akbar shah area,Chattogram,2,4,Covered Van And Auto-Rickshaw,covered van hit auto-rickshaw,Bangladesh,event,road accident,2019-05-29,11:22:22,May,5,Partly cloudy,11,May,covered van hit autorickshaw
3215,Road crash kills 2,2019-05-29 11:22:22,https://en.prothomalo.com/bangladesh/Road-crash-kills-2,akbar shah area,Chattogram,2,4,"Covered Van, Auto-Rickshaw",covered van hit auto-rickshaw,Bangladesh,event,road accident,2019-05-29,11:22:22,May,5,Partly cloudy,11,May,covered van hit autorickshaw
3216,Road crash kills student,2019-03-27 13:26:46,,khilbaisa,Lakshmipur,1,3,"Motorcycle, Auto-Rickshaw",,Bangladesh,event,road accident,2019-03-27,13:26:46,Mar,3,Snow and rain,13,Mar,
3217,Widow of Bangladeshi ship-breaking worker free to sue UK-based firm,2020-07-15 09:53:19,https://en.prothomalo.com/bangladesh/bangladesh-in-world-media/widow-of-bangladeshi-ship-breaking-worker-free-to-sue-uk-based-firm,chattogram,Chattogram,1,0,Truck (Tanker),fall while dismantling,Bangladesh,event,road accident,2020-07-15,09:53:19,Jul,7,Light rain,9,Jul,fall while dismantling
3219,Missing siblings found dead in Buriganga,2019-06-21 14:22:43,,buriganga river,,2,0,"Boat, Launch",boat capsize,Bangladesh,event,road accident,2019-06-21,14:22:43,Jun,6,,14,Jun,boat capsize