id,title,date,article_url,place_of_accident,district,number_of_deaths,number_of_injured,vehicle_type,cause_of_accident,country,report_type,type_of_accident,accident_date,accident_time,month,month_num,condition,accident_hour,month_name,cause_of_accident_normalized
3220,"Death of Dia- Razib: Two drivers, an assistant jailed for life",2019-12-01 22:46:24,https://en.prothomalo.com/bangladesh/Death-of-Dia-Razib-2-drivers-an-assistant,dhaka,Dhaka,2,0,,road accident,Bangladesh,event,road accident,2019-12-01,22:46:24,Dec,12,Partly cloudy,22,Dec,road accident
3221,Road crashes kill 2 in Sirajganj,2019-05-10 18:29:52,https://en.prothomalo.com/bangladesh/Road-crashes-kill-2-in-Sirajganj,sirajganj sadar upazila,Sirajganj,2,3,,,Bangladesh,event,road accident,2019-05-10,18:29:52,May,5,Partly cloudy,18,May,
3222,"Bus staff dies, 10 injured in city accident",2015-06-03 19:40:18,https://en.prothomalo.com/bangladesh/Bus-staff-dies-10-injured-in-city-accident,kazi nazrul islam avenue opposite the ca bhaban at karwanbazar,Dhaka,1,10,Bus,racing against another bus,Bangladesh,event,road accident,2015-06-03,19:40:18,Jun,6,Mainly clear,19,Jun,racing against another bus
3225,"1 killed, 30 injured in Sylhet road crash",2019-06-04 19:43:28,https://en.prothomalo.com/bangladesh/1-killed-30-injured-in-Sylhet-road-crash,dhaka-sylhet highway in osmaninagar upazila,Sylhet,1,30,Bus,fell into a ditch,Bangladesh,event,road accident,2019-06-04,19:43:28,Jun,6,Heavy rain,19,Jun,fell into a ditch
3228,Road crash kills one,2019-03-26 08:46:41,https://en.prothomalo.com/bangladesh/Road-crash-kills-one-5,shewrapara area of mirpur,Dhaka,1,0,"Bus, Motor-Cycle",bus hit a motor-cycle,Bangladesh,event,road accident,2019-03-26,08:46:41,Mar,3,Partly cloudy,8,Mar,bus hit a motorcycle
3229,Road crash kills one,2019-03-26 08:46:41,https://en.prothomalo.com/bangladesh/Road-crash-kills-one-4,shewrapara,Dhaka,1,0,"Bus, Motorcycle",bus hit a motorcycle,Bangladesh,event,road accident,2019-03-26,08:46:41,Mar,3,Partly cloudy,8,Mar,bus hit a motorcycle
3230,Road crash kills one,2019-03-26 08:46:41,https://en.prothomalo.com/bangladesh/Road-crash-kills-one-3,shewrapara,Dhaka,1,0,"Bus, Motorcycle",bus hitting a motorcycle,Bangladesh,event,road accident,2019-03-26,08:46:41,Mar,3,Partly cloudy,8,Mar,bus hitting a motorcycle
3231,Road crash kills one,2019-03-26 08:46:41,https://en.prothomalo.com/bangladesh/Road-crash-kills-one-2,shewrapara,Dhaka,1,0,"Bus, Motorcycle",,Bangladesh,event,road accident,2019-03-26,08:46:41,Mar,3,Partly cloudy,8,Mar,
3232,Road crash kills one,2019-03-26 08:46:41,https://en.prothomalo.com/bangladesh/Road-crash-kills-one,shewrapara area of mirpur,Dhaka,1,0,"Bus, Motorcycle",bus hit a motorcycle,Bangladesh,event,road accident,2019-03-26,08:46:41,Mar,3,Partly cloudy,8,Mar,bus hit a motorcycle
3233,Man killed in city road crash,2019-05-19 21:48:41,https://en.prothomalo.com/bangladesh/Man-killed-in-city-road-accident,jhutpattai of mirpur-10,Dhaka,1,0,Car,speedy car hit him while he was crossing road,Bangladesh,event,road accident,2019-05-19,21:48:41,May,5,Heavy rain,21,May,speedy car hit him while he was crossing road
3234,Man killed in city road crash,2019-05-19 21:48:41,https://en.prothomalo.com/bangladesh/Man-killed-in-city-road-crash-7,jhutpattai of mirpur-10,Dhaka,1,0,Car,speedy car hit him while he was crossing road,Bangladesh,event,road accident,2019-05-19,21:48:41,May,5,Heavy rain,21,May,speedy car hit him while he was crossing road
3235,Man killed in city road crash,2019-05-19 21:48:41,https://en.prothomalo.com/bangladesh/Man-killed-in-city-road-crash-9,jhutpattai of mirpur-10,Dhaka,1,0,Car,speedy car hit him while he was crossing road,Bangladesh,event,road accident,2019-05-19,21:48:41,May,5,Heavy rain,21,May,speedy car hit him while he was crossing road
3236,Man killed in city road crash,2019-05-19 21:48:41,https://en.prothomalo.com/bangladesh/Man-killed-in-city-road-crash-5,jhutpattai of mirpur-10,Dhaka,1,0,Car,speedy car hit him while crossing road,Bangladesh,event,road accident,2019-05-19,21:48:41,May,5,Heavy rain,21,May,speedy car hit him while crossing road
3237,Man killed in city road crash,2019-05-19 21:48:41,https://en.prothomalo.com/bangladesh/Man-killed-in-city-road-crash-3,jhutpattai of mirpur-10,Dhaka,1,0,Car,speedy car hit him while he was crossing road,Bangladesh,event,road accident,2019-05-19,21:48:41,May,5,Heavy rain,21,May,speedy car hit him while he was crossing road
3238,Man killed in city road crash,2019-05-19 21:48:41,https://en.prothomalo.com/bangladesh/Man-killed-in-city-road-crash,jhutpattai of mirpur-10,Dhaka,1,0,Car,speedy car hit him while he was crossing road,Bangladesh,event,road accident,2019-05-19,21:48:41,May,5,Heavy rain,21,May,speedy car hit him while he was crossing road
3244,20 sustain burn injuries in microbus cylinder blast,2019-06-26 11:44:51,https://en.prothomalo.com/bangladesh/20-burned-in-microbus-cylinder-blast,patiya,Chattogram,0,20,"Microbus, Covered Van",gas cylinder blast after collision,Bangladesh,event,road accident,2019-06-26,11:44:51,Jun,6,Moderate rain,11,Jun,gas cylinder blast after collision
3245,At least 6 killed in road crashes,2019-07-31 15:15:17,https://en.prothomalo.com/bangladesh/At-least-6-killed-in-road-crashes,dhaka's dhamrai upazila and cumilla's chouddagram upazila,Cumilla,6,0,,,Bangladesh,event,road accident,2019-07-31,15:15:17,Jul,7,Moderate rain,15,Jul,
3246,Patharghata wall collapse victim families in shock,2019-11-17 13:40:12,https://en.prothomalo.com/bangladesh/Patharghata-wall-collapse-victim-families-in-shock,patharghata,Chattogram,7,0,,gas pipeline explosion and wall collapse,Bangladesh,event,road accident,2019-11-17,13:40:12,Nov,11,Duststorm or sandstorm,13,Nov,gas pipeline explosion and wall collapse
3255,3 motorcyclists killed in road crash,2019-05-26 10:07:16,https://en.prothomalo.com/bangladesh/3-motorcyclists-killed-in-road-crash-2,dhaka-chattogram highway in duk bangalow area of mirsharai upazila,Chattogram,3,0,Motorbike And Truck,motorbike crashed into a truck,Bangladesh,event,road accident,2019-05-26,10:07:16,May,5,Moderate rain,10,May,motorbike crashed into a truck
3256,3 motorcyclists killed in road crash,2019-05-26 10:07:16,https://en.prothomalo.com/bangladesh/3-motorcyclists-killed-in-road-crash,duk bangalow area of mirsharai upazila,Chattogram,3,0,"Truck, Motorcycle",crash,Bangladesh,event,road accident,2019-05-26,10:07:16,May,5,Moderate rain,10,May,crash
3258,Couple killed in Meherpur wall collapse,2019-03-16 21:53:38,,harirampur village,Meherpur,2,0,,collapsed wall,Bangladesh,event,road accident,2019-03-16,21:53:38,Mar,3,Partly cloudy,21,Mar,collapsed wall
3259,City road crash kills one,2019-03-28 09:47:23,,karwan bazar,Dhaka,1,0,Car,vehicle hitting pedestrian,Bangladesh,event,road accident,2019-03-28,09:47:23,Mar,3,Shallow fog,9,Mar,vehicle hitting pedestrian
3262,3 killed in Satkhira road accident,2015-05-24 14:00:58,https://en.prothomalo.com/bangladesh/3-killed-in-Satkhira-road-accident,subhasini area of tala upazila,Satkhira,3,25,Bus,plunged into a roadside ditch,Bangladesh,event,road accident,2015-05-24,14:00:58,May,5,Partly cloudy,14,May,plunged into a roadside ditch
3266,No punishment to traffickers encourage criminals,2020-06-06 18:27:11,https://en.prothomalo.com/opinion/editorial/no-punishment-to-traffickers-encourage-criminals,"libya, thailand, malaysia",,26,0,,human trafficking,Bangladesh,event,road accident,2020-06-06,18:27:11,Jun,6,,18,Jun,human trafficking
3267,Woman killed as two cars collide in Dhaka,2019-05-18 12:57:54,https://en.prothomalo.com/bangladesh/Woman-killed-as-two-cars-collide-in-Dhaka,bata signal intersection,Dhaka,1,5,"Uber Car, Private Car",collision between uber car and private car,Bangladesh,event,road accident,2019-05-18,12:57:54,May,5,Light rain,12,May,collision between uber car and private car
3268,"Parvez’s death: Driver, conductor remanded",2019-09-21 21:45:45,https://en.prothomalo.com/bangladesh/Parvez’s-death-Driver-conductor-remanded,"east-west medical college in turag area, uttara sector 9",Shariatpur,2,1,Bus,conductor driving the bus instead of the driver,Bangladesh,event,road accident,2019-09-21,21:45:45,Sep,9,Moderate rain,21,Sep,conductor driving the bus instead of the driver
3270,"Bus hits stationary truck, kills 4",2019-09-21 17:38:39,https://en.prothomalo.com/bangladesh/Bus-hits-stationary-truck-killing-4,dhaka-khulna highway at sonashur,Gopalganj,4,0,"Passenger Bus, Truck",hit a stationary truck,Bangladesh,event,road accident,2019-09-21,17:38:39,Sep,9,Light rain,17,Sep,hit a stationary truck
3271,Road crashes kill 3 in Chandpur,2019-05-30 00:09:10,https://en.prothomalo.com/bangladesh/Road-crashes-kill-3-in-Chandpur,sadar and kachua upazilas,Chandpur,3,0,,,Bangladesh,event,road accident,2019-05-30,00:09:10,May,5,Mainly clear,0,May,
3273,College girl killed in road crash,2019-05-24 00:12:24,https://en.prothomalo.com/bangladesh/College-girl-killed-in-road-crash,bansherbada bazar,Pabna,1,1,"Truck, Motorcycle",collision between a truck and a motorcycle,Bangladesh,event,road accident,2019-05-24,00:12:24,May,5,Moderate rain,0,May,collision between a truck and a motorcycle
3276,"Father, daughter killed in road crash",2019-03-31 17:18:56,https://en.prothomalo.com/bangladesh/Father-daughter-killed-in-road-crash,chattogram-kaptai road in rangunia upazila,Chattogram,2,2,"Auto-Rickshaw, Jeep",collision,Bangladesh,event,road accident,2019-03-31,17:18:56,Mar,3,Moderate rain,17,Mar,collision
3279,3 killed as PBI pickup ploughs through RMG workers,2019-06-03 22:30:50,https://en.prothomalo.com/bangladesh/3-killed-as-PBI-pickup-ploughs-through-RMG-workers,chandul,Cumilla,3,9,Police Bureau Of Investigation (Pbi) Vehicle,ploughed through them,Bangladesh,event,road accident,2019-06-03,22:30:50,Jun,6,Heavy rain,22,Jun,ploughed through them
3280,5 killed in road crashes in 2 districts,2019-10-25 14:03:38,https://en.prothomalo.com/bangladesh/5-killed-in-road-crashes-in-2-districts,bhuiyagati kamarpara bridge,Sirajganj,5,13,Truck And Rickshaw-Van,truck rammed a rickshaw-van,Bangladesh,event,road accident,2019-10-25,14:03:38,Oct,10,Moderate rain,14,Oct,truck rammed a rickshawvan
3284,15 killed in separate road crashes,2019-06-02 14:46:48,https://en.prothomalo.com/bangladesh/15-killed-in-separate-road-crashes,sirajganj and sunamganj,Sirajganj,15,23,,separate road accidents,Bangladesh,event,road accident,2019-06-02,14:46:48,Jun,6,Moderate rain,14,Jun,separate road accidents
3290,4 killed in Noakhali road crash,2019-07-28 13:28:38,https://en.prothomalo.com/bangladesh/4-killed-in-Noakhali-road-crash-2,chowmuhani bazar,Noakhali,4,11,Pickup Van,overturned,Bangladesh,event,road accident,2019-07-28,13:28:38,Jul,7,Light rain,13,Jul,overturned
3298,Dhaka road crash kills woman,2019-06-08 19:29:06,https://en.prothomalo.com/bangladesh/Dhaka-road-crash-kills-woman,signboard area,Dhaka,1,0,Bus,hit by a passenger bus,Bangladesh,event,road accident,2019-06-08,19:29:06,Jun,6,Light rain,19,Jun,hit by a passenger bus
3300,4 killed in Mymensingh road crash,2019-04-20 15:29:18,https://en.prothomalo.com/bangladesh/accident/eclheqfs2p,mymensingh-haluaghat road in alalpur area,Mymensingh,4,2,"Truck, Auto-Rickshaw",head-on collision,Bangladesh,event,road accident,2019-04-20,15:29:18,Apr,4,Moderate rain,15,Apr,head-on collision
3301,"Gas cylinder blast burns mother, 3 children",2019-04-07 10:05:18,,kadamtali area,Dhaka,0,4,Gas Cylinder,gas cylinder blast,Bangladesh,event,road accident,2019-04-07,10:05:18,Apr,4,Light rain,10,Apr,gas cylinder blast
3304,Road crash kills medical student,2019-02-13 13:34:38,https://en.prothomalo.com/bangladesh/Road-crash-kills-medical-student,rupsha bridge bypass road,Khulna,1,0,Motorcycle,unknown vehicle hit a motorbike,Bangladesh,event,road accident,2019-02-13,13:34:38,Feb,2,Clear sky,13,Feb,unknown vehicle hit a motorbike
3305,2 killed in Khulna road crash,2019-04-15 22:36:57,https://en.prothomalo.com/bangladesh/2-killed-in-Khulna-road-crash,rupsa-khan jahan ali bridge,Khulna,2,9,"Truck, Pickup",truck hit pickup from behind while trying to overtake,Bangladesh,event,road accident,2019-04-15,22:36:57,Apr,4,Partly cloudy,22,Apr,truck hit pickup from behind while trying to overtake
3308,2 die as trawler sinks in Buriganga,2019-04-01 10:19:46,https://en.prothomalo.com/bangladesh/2-die-as-trawler-sinks-in-Buriganga,river buriganga,Dhaka,2,0,Trawler,capsized,Bangladesh,event,road accident,2019-04-01,10:19:46,Apr,4,Heavy rain,10,Apr,unknown
3309,Probe report over Rajib’s death 8 July,2019-05-22 16:22:10,https://en.prothomalo.com/bangladesh/Probe-report-over-Rajib’s-death-8-July,sonargaon crossing,Dhaka,1,0,Bus,coming between two buses,Bangladesh,event,road accident,2019-05-22,16:22:10,May,5,Moderate rain,16,May,coming between two buses
3313,N’ganj gas cylinder blast death toll rises to 3,2019-04-11 19:35:42,https://en.prothomalo.com/bangladesh/N’ganj-gas-cylinder-blast-death-toll-rises-to-3,fatullah,Narayanganj,3,0,Gas Cylinder,gas cylinder blast,Bangladesh,event,road accident,2019-04-11,19:35:42,Apr,4,Dense rain,19,Apr,gas cylinder blast
3316,6 killed as bus hits roadside tree,2019-05-18 13:14:29,https://en.prothomalo.com/bangladesh/5-killed-as-bus-hits-roadside-tree,bagerhat-mawa highway in kakdanga area,Bagerhat,6,12,Bus,bus hit a tree,Bangladesh,event,road accident,2019-05-18,13:14:29,May,5,Partly cloudy,13,May,bus hit a tree
3317,Manikganj road crash kills one,2019-03-14 10:41:45,https://en.prothomalo.com/bangladesh/Manikganj-road-crash-kills-one,dhaka-aricha highway at dhulondi,Manikganj,1,15,Bus,plunged into a roadside ditch,Bangladesh,event,road accident,2019-03-14,10:41:45,Mar,3,Partly cloudy,10,Mar,plunged into a roadside ditch
3318,Road clash kills female medical student,2019-02-14 10:55:14,,central bus terminal,Pabna,1,0,,,Bangladesh,event,road accident,2019-02-14,10:55:14,Feb,2,Partly cloudy,10,Feb,
3321,Prothom Alo news editor survives traffic accident,2015-05-16 00:03:36,https://en.prothomalo.com/bangladesh/Prothom-Alo-news-editor-escapes-car-accident,capital city,Dhaka,0,0,"Car, Bus",bus rammed into car,Bangladesh,event,road accident,2015-05-16,00:03:36,May,5,Moderate rain,0,May,bus rammed into car
3323,Initiatives to amend Road Transport Act will 'make it weaker',2021-07-30 13:01:35,https://en.prothomalo.com/bangladesh/initiatives-to-amend-road-transport-act-will-make-it-weaker,road,Dhaka,0,0,,lack of discipline in the road transport sector,Bangladesh,event,road accident,2021-07-30,13:01:35,Jul,7,Light rain,13,Jul,lack of discipline in the road transport sector
3324,Bus-truck collision leaves 4 dead,2019-05-04 15:01:53,https://en.prothomalo.com/bangladesh/Bus-truck-collision-leaves-4-dead,aladipur jamai pagoler mazar area,Rajbari,4,15,Bus And A Truck,head-on collision,Bangladesh,event,road accident,2019-05-04,15:01:53,May,5,Heavy rain,15,May,head-on collision
3327,Thakurgaon road crash death rises to 10,2019-08-03 11:43:27,https://en.prothomalo.com/bangladesh/Thakurgaon-road-crash-death-rises-to-10,thakurgaon-dhaka highway at borokhochabari,Thakurgaon,10,0,Buses,head-on collision,Bangladesh,event,road accident,2019-08-03,11:43:27,Aug,8,Dense rain,11,Aug,head-on collision
3330,Rajshahi road crash kills bi-cyclist,2019-02-26 14:59:53,,rajshahi-chapainawabganj highway in godagari municipal area,Rajshahi,1,0,"Bus, Bi-Cycle",bus rammed bicycle,Bangladesh,event,road accident,2019-02-26,14:59:53,Feb,2,,14,Feb,bus rammed bicycle
3332,"Road crash kills another college student, sparks protest",2019-04-05 21:14:57,,mostafa majir intersection of rampura-demra road,Dhaka,1,0,,,Bangladesh,event,road accident,2019-04-05,21:14:57,Apr,4,Moderate rain,21,Apr,
3336,"Mother, daughter killed in road crash",2019-03-22 09:33:48,https://en.prothomalo.com/bangladesh/Mother-daughter-killed-in-road-crash-3,dhaka-chattogram highway at mallikpara,Narayanganj,2,0,"Bus, Motorbike",bus rammed a motorbike,Bangladesh,event,road accident,2019-03-22,09:33:48,Mar,3,Moderate rain,9,Mar,bus rammed a motorbike
3337,"Mother, daughter killed in road crash",2019-03-22 09:33:48,https://en.prothomalo.com/bangladesh/Mother-daughter-killed-in-road-crash-2,"mallikpara, dhaka-chattogram highway",Narayanganj,2,0,"Bus, Motorbike",bus rammed a motorbike,Bangladesh,event,road accident,2019-03-22,09:33:48,Mar,3,Moderate rain,9,Mar,bus rammed a motorbike
3338,"Mother, daughter killed in road crash",2019-03-22 09:33:48,https://en.prothomalo.com/bangladesh/Mother-daughter-killed-in-road-crash,mallikpara,Narayanganj,2,0,"Bus, Motorbike",bus rammed a motorbike,Bangladesh,event,road accident,2019-03-22,09:33:48,Mar,3,Moderate rain,9,Mar,bus rammed a motorbike
3339,5 killed as bus hits auto-rickshaw,2019-04-28 12:06:19,https://en.prothomalo.com/bangladesh/5-killed-as-bus-hits-auto-rickshaw,shahrasti upazila,Chandpur,5,0,"Bus, Auto-Rickshaw",bus hit an auto-rickshaw,Bangladesh,event,road accident,2019-04-28,12:06:19,Apr,4,Squalls,12,Apr,bus hit an autorickshaw
3341,Driver detained for Brac University student death,2019-04-27 19:38:55,https://en.prothomalo.com/bangladesh/Driver-detained-for-Brac-University-student-death,savar,Dhaka,1,0,Covered Van,vehicle collision,Bangladesh,event,road accident,2019-04-27,19:38:55,Apr,4,Light rain,19,Apr,vehicle collision
3346,Transport workers' leader killed in road crash,2019-02-06 16:23:35,https://en.prothomalo.com/bangladesh/Transport-workers-leader-killed-in-road-crash,naudapara amchattar,Rajshahi,1,0,Other,road accident,Bangladesh,event,road accident,2019-02-06,16:23:35,Feb,2,,16,Feb,road accident
3348,2 killed in Natore road crashes,2019-04-10 15:42:04,https://en.prothomalo.com/bangladesh/2-killed-in-Natore-road-crashes,sadar and baraigram upazilas,Natore,2,10,,,Bangladesh,event,road accident,2019-04-10,15:42:04,Apr,4,Light rain,15,Apr,
3354,Gaibandha road crash kills 5,2019-04-06 18:34:04,https://en.prothomalo.com/bangladesh/Gaibandha-road-crash-kills-5,dhaka-rangpur highway in jummar ghar area in gobindaganj upazila,Gaibandha,5,15,Bus,overturned,Bangladesh,event,road accident,2019-04-06,18:34:04,Apr,4,Moderate rain,18,Apr,overturned
3357,2 killed in Narayanganj road crash,2019-02-27 13:58:59,https://en.prothomalo.com/bangladesh/2-killed-in-road-crash-8,dhaka-narayanganj road in fatullah,Narayanganj,2,6,"Bus, Human Hauler",bus hit a human hauler,Bangladesh,event,road accident,2019-02-27,13:58:59,Feb,2,Light rain,13,Feb,bus hit a human hauler
3359,BGB man killed in road crash,2019-02-09 00:19:25,https://en.prothomalo.com/bangladesh/BGB-man-killed-in-road-crash,shahjadpur upazila,Sirajganj,1,0,"Truck, Motorcycle",truck hit motorcycle,Bangladesh,event,road accident,2019-02-09,00:19:25,Feb,2,Dense rain,0,Feb,truck hit motorcycle accident
3361,2 students killed in Tangail road crash,2019-04-14 18:22:42,https://en.prothomalo.com/bangladesh/2-students-killed-in-Tangail-road-crash,tangail-bhuapur road at adabari,Tangail,2,0,"Truck, Motorcycle",truck crashed into their motorcycle,Bangladesh,event,road accident,2019-04-14,18:22:42,Apr,4,Dense rain,18,Apr,truck crashed into their motorcycle
3363,Road crash kills one,2019-02-20 13:47:21,https://en.prothomalo.com/bangladesh/Road-crash-kills-one-5,automills area,Natore,1,6,Road Crash,,Bangladesh,event,road accident,2019-02-20,13:47:21,Feb,2,Clear sky,13,Feb,
3364,Road crash kills one,2019-02-20 13:47:21,https://en.prothomalo.com/bangladesh/Road-crash-kills-one-4,automills area,Natore,1,6,,road crash,Bangladesh,event,road accident,2019-02-20,13:47:21,Feb,2,Clear sky,13,Feb,road accident
3365,Road crash kills one,2019-02-20 13:47:21,https://en.prothomalo.com/bangladesh/Road-crash-kills-one-3,automills area,Natore,1,6,Other,road crash,Bangladesh,event,road accident,2019-02-20,13:47:21,Feb,2,Clear sky,13,Feb,road accident
3366,Road crash kills one,2019-02-20 13:47:21,https://en.prothomalo.com/bangladesh/Road-crash-kills-one-2,automills area,Natore,1,6,,,Bangladesh,event,road accident,2019-02-20,13:47:21,Feb,2,Clear sky,13,Feb,
3367,Road crash kills one,2019-02-20 13:47:21,https://en.prothomalo.com/bangladesh/Road-crash-kills-one,automills area,Natore,1,6,,road crash,Bangladesh,event,road accident,2019-02-20,13:47:21,Feb,2,Clear sky,13,Feb,road accident
3369,4 of a family killed in road crash,2016-01-26 11:27:45,https://en.prothomalo.com/bangladesh/4-family-members-killed-in-Daudkandi-road-accident,tamta area of daudkandi upazila,Cumilla,4,2,Bus And Private Car,collision between a bus and a private car,Bangladesh,event,road accident,2016-01-26,11:27:45,Jan,1,Partly cloudy,11,Jan,collision between a bus and a private car
3371,"2 killed, 2 injured in city road crash",2019-04-23 13:04:04,https://en.prothomalo.com/bangladesh/2-killed-2-injured-in-Shahbagh-road-crash,matsya bhaban intersection,Dhaka,2,2,"Two Buses, Two Rickshaws, And A Car",collision among vehicles,Bangladesh,event,road accident,2019-04-23,13:04:04,Apr,4,Patches of fog,13,Apr,collision among vehicles
3375,Nine killed as bus hits wedding microbus,2019-11-22 22:43:19,https://en.prothomalo.com/bangladesh/Eight-killed-as-bus-hits-wedding-microbus,sreenagar upazila,Munshiganj,9,0,,reckless driving,Bangladesh,event,road accident,2019-11-22,22:43:19,Nov,11,Partly cloudy,22,Nov,reckless driving
3376,2 sisters killed as bus plunged into roadside canal,2019-05-01 18:23:05,https://en.prothomalo.com/bangladesh/2-sisters-killed-as-bus-plunged-into-roadside,sylhet-tamabil highway at katagang area,Sylhet,2,15,Bus,fell into a roadside canal,Bangladesh,event,road accident,2019-05-01,18:23:05,May,5,Moderate rain,18,May,fell into a roadside canal
3377,Noakhali road crash kills 4,2019-01-21 16:56:00,https://en.prothomalo.com/bangladesh/Noakhali-road-crash-kills-4,begumganj-sonaimuri road,Noakhali,4,2,"Bus, Auto-Rickshaw",collision,Bangladesh,event,road accident,2019-01-21,16:56:00,Jan,1,Clear sky,16,Jan,collision
3378,Workers block Dhaka-Aricha highway over death rumour of RMG worker,2019-01-15 08:42:23,https://en.prothomalo.com/bangladesh/Workers-blocks-Dhaka-Aricha-highway-over-death,dhaka-aricha highway,Dhaka,0,0,,rumour over death in a road accident,Bangladesh,event,road accident,2019-01-15,08:42:23,Jan,1,Clear sky,8,Jan,rumour over death in a road accident
3379,2 run over by truck near Dhaka airport,2019-01-28 09:42:04,https://en.prothomalo.com/bangladesh/2-run-over-by-truck-near-Dhaka-airport,intersection in front of hazrat shahjalal international airport,Dhaka,2,0,Truck,running truck hit them,Bangladesh,event,road accident,2019-01-28,09:42:04,Jan,1,Partly cloudy,9,Jan,running truck hit them
3381,"Father, son killed in road crash",2019-02-23 14:33:32,https://en.prothomalo.com/bangladesh/accident/father-son-killed-in-road-crash-2,kadamtoli,Chattogram,2,0,"Motorbike, Covered Van",covered van rammed the motorbike,Bangladesh,event,road accident,2019-02-23,14:33:32,Feb,2,Partly cloudy,14,Feb,covered van rammed the motorbike
3382,"Father, son killed in road crash",2019-02-23 14:33:32,https://en.prothomalo.com/bangladesh/accident/father-son-killed-in-road-crash,"kadamtoli, in front of dhonialapara mosque",Chattogram,2,0,"Motorbike, Covered Van",covered van rammed the motorbike,Bangladesh,event,road accident,2019-02-23,14:33:32,Feb,2,Partly cloudy,14,Feb,covered van rammed the motorbike
3383,"Father, son killed in road crash",2019-02-23 14:33:32,https://en.prothomalo.com/bangladesh/Father-son-killed-in-road-crash,kadamtoli,Chattogram,2,0,"Motorbike, Covered Van",covered van rammed the motorbike,Bangladesh,event,road accident,2019-02-23,14:33:32,Feb,2,Partly cloudy,14,Feb,covered van rammed the motorbike
3384,Dhaka court lift collapse injures 8 including judges,2019-03-07 16:12:12,https://en.prothomalo.com/bangladesh/Dhaka-Court-lift-collapse-injures-10-including,dhaka district and session judge court,Dhaka,0,10,Elevator,elevator collapse,Bangladesh,event,road accident,2019-03-07,16:12:12,Mar,3,Light rain,16,Mar,elevator collapse
3386,BRAC University student killed as covered van hits bike,2019-04-25 21:43:49,https://en.prothomalo.com/bangladesh/BRAC-University-student-killed-as-covered-van-hits,sher-e-bangla nagar,Mymensingh,1,0,"Motorcycle, Covered Van",covered van hit the motorcycle,Bangladesh,event,road accident,2019-04-25,21:43:49,Apr,4,Mainly clear,21,Apr,covered van hit the motorcycle
3387,2 children killed in Kushtia mud wall collapse,2019-02-07 16:31:48,https://en.prothomalo.com/bangladesh/2-children-killed-in-Kushtia-mud-wall-collapse,ghordoho khal para,Kushtia,2,1,,mud collapsed on them while playing,Bangladesh,event,road accident,2019-02-07,16:31:48,Feb,2,"Snow, moderate",16,Feb,mud collapsed on them while playing
3389,Pay Tk 1m to Rajib’s brothers: SC to bus company,2019-10-13 13:08:24,,banglamotor area,Dhaka,1,0,Bus,stuck between two buses,Bangladesh,event,road accident,2019-10-13,13:08:24,Oct,10,Mainly clear,13,Oct,stuck between two buses
3390,2 minor girls die in wall collapse,2019-01-08 15:14:11,,gongabar kandi village,Kushtia,2,0,,wall collapse,Bangladesh,event,road accident,2019-01-08,15:14:11,Jan,1,Clear sky,15,Jan,wall collapse
3391,3 workers killed in road crash,2019-05-15 10:44:26,https://en.prothomalo.com/bangladesh/3-workers-killed-in-road-crash-2,piarson,Nawabganj,3,6,Human Hauler,overturned,Bangladesh,event,road accident,2019-05-15,10:44:26,May,5,Dense rain,10,May,overturned
3395,3 of a family killed in road crash,2019-01-20 19:32:27,https://en.prothomalo.com/bangladesh/3-of-a-family-killed-in-road-crash-2,bashbaria,Natore,3,0,"Truck, Motorcycle",truck hitting motorbike,Bangladesh,event,road accident,2019-01-20,19:32:27,Jan,1,Clear sky,19,Jan,truck hitting motorbike
3396,3 of a family killed in road crash,2019-01-20 19:32:27,https://en.prothomalo.com/bangladesh/3-of-a-family-killed-in-road-crash,bashbaria,Natore,3,0,"Truck, Motorcycle",truck hitting a motorbike,Bangladesh,event,road accident,2019-01-20,19:32:27,Jan,1,Clear sky,19,Jan,truck hitting a motorbike
3397,Road crash kills minor boy,2019-01-06 12:25:46,https://en.prothomalo.com/bangladesh/Road-crash-kills-minor-boy,hogla in gomostapur upazila,,1,0,Minibus,hit by a minibus while crossing the road,Bangladesh,event,road accident,2019-01-06,12:25:46,Jan,1,,12,Jan,hit by a minibus while crossing the road
3399,Cumilla road crash kills 3,2019-02-27 16:22:26,https://en.prothomalo.com/bangladesh/accident/cumilla-road-crash-kills-3,dhaka-chittagong highway in kutumbapur area,Cumilla,3,0,Covered Van,driver lost control over the steering and ran over the pedestrians,Bangladesh,event,road accident,2019-02-27,16:22:26,Feb,2,Light rain,16,Feb,driver lost control over the steering and ran over the pedestrians
3400,Cumilla road crash kills 3,2019-02-27 16:22:26,https://en.prothomalo.com/bangladesh/Cumilla-road-crash-kills-3,dhaka-chittagong highway in kutumbapur area,Cumilla,3,0,Covered Van,driver lost control over the steering and ran over the pedestrians,Bangladesh,event,road accident,2019-02-27,16:22:26,Feb,2,Light rain,16,Feb,driver lost control over the steering and ran over the pedestrians
3401,Bike crash claims lives of 2 schoolboys,2019-04-05 23:55:37,https://en.prothomalo.com/bangladesh/Bike-crash-claims-lives-of-2-schoolboys,khilgaon flyover,Dhaka,2,0,Motorcycle,,Bangladesh,event,road accident,2019-04-05,23:55:37,Apr,4,Moderate rain,23,Apr,