id,title,date,article_url,place_of_accident,district,number_of_deaths,number_of_injured,vehicle_type,cause_of_accident,country,report_type,type_of_accident,accident_date,accident_time,month,month_num,condition,accident_hour,month_name,cause_of_accident_normalized
3412,Bus driver remanded over Abrar’s death,2019-03-20 19:37:35,https://en.prothomalo.com/bangladesh/Bus-driver-remanded-over-Abrar’s-death,pragati sarani,Dhaka,1,0,Bus,,Bangladesh,event,road accident,2019-03-20,19:37:35,Mar,3,Mainly clear,19,Mar,
3413,Shujan branch president among 2 killed in road crash,2019-02-23 14:34:46,https://en.prothomalo.com/bangladesh/Shujan-branch-president-among-2-killed-in-road,link road of the eastern side of bangabandhu bridge,Tangail,2,5,Vehicle And Microbus,vehicle hit a microbus,Bangladesh,event,road accident,2019-02-23,14:34:46,Feb,2,Shallow fog,14,Feb,vehicle hit a microbus
3414,Narsingdi road crash kills 2 motorcyclists,2019-02-10 20:59:23,https://en.prothomalo.com/bangladesh/Narsingdi-road-crash-kills-2-motorcyclists,dhaka-sylhet highway in paolanpur area,Narsingdi,2,0,"Motorbikes, Covered Van",covered van hit their motorbike,Bangladesh,event,road accident,2019-02-10,20:59:23,Feb,2,Light rain,20,Feb,covered van hit their motorbike
3416,Biker killed in road crash,2019-01-15 12:18:26,https://en.prothomalo.com/bangladesh/Biker-killed-in-road-crash,chhoto khochabari area in sadar upazila,Thakurgaon,1,1,"Bus, Motorcycle",motorcycle slipped and bus ran over the motorcyclist,Bangladesh,event,road accident,2019-01-15,12:18:26,Jan,1,Clear sky,12,Jan,motorcycle slipped and bus ran over the motorcyclist
3418,Man killed in road crash,2018-12-26 13:27:13,https://en.prothomalo.com/bangladesh/Man-killed-in-road-crash-2,rajendrapur intersection,Gazipur,1,1,"Truck, Covered-Van",,Bangladesh,event,road accident,2018-12-26,13:27:13,Dec,12,Clear sky,13,Dec,
3419,Man killed in road crash,2018-12-26 13:27:13,https://en.prothomalo.com/bangladesh/Man-killed-in-road-crash-3,rajendrapur intersection,Gazipur,1,1,"Truck, Covered-Van",truck rammed a covered-van,Bangladesh,event,road accident,2018-12-26,13:27:13,Dec,12,Clear sky,13,Dec,truck rammed a coveredvan
3420,Man killed in road crash,2018-12-26 13:27:13,https://en.prothomalo.com/bangladesh/Man-killed-in-road-crash,rajendrapur intersection,Gazipur,1,1,"Truck, Covered-Van",truck rammed a covered-van,Bangladesh,event,road accident,2018-12-26,13:27:13,Dec,12,Clear sky,13,Dec,truck rammed a coveredvan
3423,6 killed in separate road crashes,2019-05-02 10:23:37,https://en.prothomalo.com/bangladesh/6-killed-in-separate-road-crashes,mirganj,Rajshahi,3,0,Bus,,Bangladesh,event,road accident,2019-05-02,10:23:37,May,5,,10,May,
3425,25 medical students injured in road crash,2018-12-09 11:55:58,https://en.prothomalo.com/bangladesh/25-medical-students-injured-in-road-crash,mainamati cantonment,Cumilla,0,25,Private Medical College Bus (Implied),road crash,Bangladesh,event,road accident,2018-12-09,11:55:58,Dec,12,Clear sky,11,Dec,road accident
3426,Illegal three-wheelers making highways more dangerous,2019-09-19 12:24:31,https://en.prothomalo.com/bangladesh/Illegal-three-wheelers-making-highways-more,benapole-jashore and navaron-satkhira highways,Jashore,0,0,Auto Rickshaw,illegal operation of three-wheelers,Bangladesh,event,road accident,2019-09-19,12:24:31,Sep,9,Light rain,12,Sep,illegal operation of threewheelers
3427,Gopalganj bus plunge kills 2,2019-02-05 14:01:39,https://en.prothomalo.com/bangladesh/Gopalganj-bus-plunge-kills-2,sadar upazila,Gopalganj,2,20,Bus,plunged into a roadside ditch,Bangladesh,event,road accident,2019-02-05,14:01:39,Feb,2,Partly cloudy,14,Feb,plunged into a roadside ditch
3428,6 killed as bus overturns in Cumilla,2019-02-17 14:10:15,https://en.prothomalo.com/bangladesh/6-killed-as-bus-overturns-in-Cumilla,dhaka-chattogram highway in jagonnath digi area,Cumilla,6,8,Bus,turned turtle,Bangladesh,event,road accident,2019-02-17,14:10:15,Feb,2,Light rain,14,Feb,turned turtle
3429,Bangladeshi killed in Qatar road crash,2019-02-16 23:56:35,https://en.prothomalo.com/bangladesh/Bangladeshi-killed-in-Qatar-road-crash,doha,Chattogram,1,0,Car,speeding car ran over,Bangladesh,event,road accident,2019-02-16,23:56:35,Feb,2,Partly cloudy,23,Feb,speeding car ran over
3432,Road crashes claim four more lives,2019-06-10 08:54:30,https://en.prothomalo.com/bangladesh/Road-crashes-claim-four-more-lives-2,feni and lakshmipur districts,Feni,4,0,,,Bangladesh,event,road accident,2019-06-10,08:54:30,Jun,6,Light rain,8,Jun,
3433,Road crashes claim four more lives,2019-06-10 08:54:30,https://en.prothomalo.com/bangladesh/Road-crashes-claim-four-more-lives,feni and lakshmipur districts,Lakshmipur,4,0,,,Bangladesh,event,road accident,2019-06-10,08:54:30,Jun,6,Light rain,8,Jun,
3434,"Motorcyclist, pillion rider killed in road crash",2019-01-18 11:25:46,https://en.prothomalo.com/bangladesh/Motorcyclist-pillion-rider-killed-in-road-crash-2,talora-jamdar road in kalipara village,,2,0,Motorcycle,hit a tree,Bangladesh,event,road accident,2019-01-18,11:25:46,Jan,1,,11,Jan,hit a tree
3435,"Motorcyclist, pillion rider killed in road crash",2019-01-18 11:25:46,https://en.prothomalo.com/bangladesh/Motorcyclist-pillion-rider-killed-in-road-crash,talora-jamdar road in kalipara village,,2,0,Motorcycle,hit a tree,Bangladesh,event,road accident,2019-01-18,11:25:46,Jan,1,,11,Jan,hit a tree
3436,PM Hasina consoles Abrar’s parents,2019-03-23 00:11:18,https://en.prothomalo.com/bangladesh/PM-Hasina-consoles-Abrar’s-parents,ganabhaban,Dhaka,1,0,,road accident,Bangladesh,event,road accident,2019-03-23,00:11:18,Mar,3,Partly cloudy,0,Mar,road accident
3437,Savar road crash kills 2,2019-01-04 18:01:52,https://en.prothomalo.com/bangladesh/Savar-road-crash-kills-2-3,tongi-ashulia-epz road at itakhola,Dhaka,2,3,Truck And Rickshaws,truck hit rickshaws,Bangladesh,event,road accident,2019-01-04,18:01:52,Jan,1,Clear sky,18,Jan,truck hit rickshaws
3438,BL College teacher killed in Khulna road crash,2019-02-12 21:32:50,https://en.prothomalo.com/bangladesh/BL-College-teacher-killed-in-Khulna-road-crash,khulna-jashore road in front of damodor government primary school,Khulna,1,0,Truck,run over,Bangladesh,event,road accident,2019-02-12,21:32:50,Feb,2,Mist,21,Feb,run over
3439,Woman killed as tree falls on her,2019-02-23 11:41:48,https://en.prothomalo.com/bangladesh/Woman-killed-as-tree-falls-on-her,"shishu academy, shahbag area",Dhaka,1,7,Pedestrians,falling coconut tree,Bangladesh,event,road accident,2019-02-23,11:41:48,Feb,2,Partly cloudy,11,Feb,falling coconut tree
3441,25 killed in Faridpur road accident,2015-04-09 13:07:33,https://en.prothomalo.com/bangladesh/24-killed-in-Faridpur-road-accident,bhanga,Faridpur,25,18,Bus,bus veered off the road and hit a tree,Bangladesh,event,road accident,2015-04-09,13:07:33,Apr,4,Light rain,13,Apr,bus veered off the road and hit a tree
3443,Fire guts 100 shanties in Chattogram,2019-02-10 15:39:59,https://en.prothomalo.com/bangladesh/Fire-guts-100-shanties-in-Chattogram,rail gate area,Chattogram,0,0,,fire,Bangladesh,event,road accident,2019-02-10,15:39:59,Feb,2,Partly cloudy,15,Feb,fire
3448,Explosives dept should ensure gas cylinder safety,2019-10-20 09:37:57,https://en.prothomalo.com/opinion/Explosives-dept-should-ensure-gas-cylinder-safety,anwara,Chattogram,3,3,Ambulance,gas cylinder explosion,Bangladesh,event,road accident,2019-10-20,09:37:57,Oct,10,Light rain,9,Oct,gas cylinder explosion
3449,Bus-truck collision kills 3 in Bagerhat,2019-01-22 16:04:37,https://en.prothomalo.com/bangladesh/Bus-truck-collision-kills-3-in-Bagerhat,khulna-mawa highway in fakirhat upazila,Bagerhat,3,20,Bus And A Truck,head-on collision,Bangladesh,event,road accident,2019-01-22,16:04:37,Jan,1,Clear sky,16,Jan,head-on collision
3451,"Gazipur road crash kills truck driver, helper",2019-02-03 10:44:08,https://en.prothomalo.com/bangladesh/Gazipur-road-crash-kills-truck-driver-helper,naotana area in kaliganj upazila,Gazipur,2,1,"Truck, Covered Van",head-on collision,Bangladesh,event,road accident,2019-02-03,10:44:08,Feb,2,Clear sky,10,Feb,head-on collision
3455,Teen killed as bike hits Hatirjheel divider,2018-12-24 12:05:00,https://en.prothomalo.com/bangladesh/Teen-biker-killed-in-road-crash,hatirjheel,Dhaka,1,1,Motorcycle,skidded off the road hitting the divider,Bangladesh,event,road accident,2018-12-24,12:05:00,Dec,12,Clear sky,12,Dec,skidded off the road hitting the divider
3457,Road crash kills 2,2018-12-22 15:38:40,https://en.prothomalo.com/bangladesh/Road-crash-kills-2-7,boardghor area,Gazipur,2,0,Truck,truck rammed a stationary one,Bangladesh,event,road accident,2018-12-22,15:38:40,Dec,12,Partly cloudy,15,Dec,truck rammed a stationary one
3458,Road crash kills 2,2018-12-22 15:38:40,https://en.prothomalo.com/bangladesh/Road-crash-kills-2-6,boardghor area,Gazipur,2,0,Truck,truck rammed a stationary one,Bangladesh,event,road accident,2018-12-22,15:38:40,Dec,12,Partly cloudy,15,Dec,truck rammed a stationary one
3459,Road crash kills 2,2018-12-22 15:38:40,https://en.prothomalo.com/bangladesh/Road-crash-kills-2-5,boardghor area,Gazipur,2,0,Truck,truck rammed a stationary one,Bangladesh,event,road accident,2018-12-22,15:38:40,Dec,12,Partly cloudy,15,Dec,truck rammed a stationary one
3460,Road crash kills 2,2018-12-22 15:38:40,https://en.prothomalo.com/bangladesh/Road-crash-kills-2-4,boardghor area,Gazipur,2,0,Truck,truck rammed a stationary one,Bangladesh,event,road accident,2018-12-22,15:38:40,Dec,12,Partly cloudy,15,Dec,truck rammed a stationary one
3461,Road crash kills 2,2018-12-22 15:38:40,https://en.prothomalo.com/bangladesh/Road-crash-kills-2-3,boardghor area,Gazipur,2,0,Truck,truck rammed a stationary truck,Bangladesh,event,road accident,2018-12-22,15:38:40,Dec,12,Partly cloudy,15,Dec,truck rammed a stationary truck
3462,Road crash kills 2,2018-12-22 15:38:40,https://en.prothomalo.com/bangladesh/Road-crash-kills-2-2,boardghor area,Gazipur,2,0,Truck,truck rammed a stationary truck,Bangladesh,event,road accident,2018-12-22,15:38:40,Dec,12,Partly cloudy,15,Dec,truck rammed a stationary truck
3463,Road crash kills 2,2018-12-22 15:38:40,https://en.prothomalo.com/bangladesh/Road-crash-kills-2,boardghor area,Gazipur,2,0,Truck,a truck rammed a stationary one,Bangladesh,event,road accident,2018-12-22,15:38:40,Dec,12,Partly cloudy,15,Dec,a truck rammed a stationary one
3464,3 burnt to death as microbus catches fire,2019-02-12 11:38:27,https://en.prothomalo.com/bangladesh/3-burnt-to-death-as-microbus-catches-fire,dhaka chittagong highway,Dhaka,3,2,Microbus And Covered Van,vehicle collision and fire,Bangladesh,event,road accident,2019-02-12,11:38:27,Feb,2,Partly cloudy,11,Feb,vehicle collision and fire
3466,BNP's connection to Chawkbazar fire should be probed: Hasan,2019-02-23 23:27:17,https://en.prothomalo.com/bangladesh/BNP-s-connection-to-Chawkbazar-fire-should-be,chawkbazar,Dhaka,0,0,,fire,Bangladesh,event,road accident,2019-02-23,23:27:17,Feb,2,Partly cloudy,23,Feb,fire
3473,3 killed in road crashes,2019-03-10 19:56:16,https://en.prothomalo.com/youth/3-killed-in-road-crashes,chandrabari in louhajang upazila,Munshiganj,2,2,Bus,bus ploughed through a shop,Bangladesh,event,road accident,2019-03-10,19:56:16,Mar,3,Moderate rain,19,Mar,bus ploughed through a shop
3474,3 killed in bus-microbus collision,2019-02-03 11:27:25,https://en.prothomalo.com/bangladesh/3-killed-in-bus-microbus-collision,patia,Chattogram,3,8,"Bus, Microbus",head on collision,Bangladesh,event,road accident,2019-02-03,11:27:25,Feb,2,Clear sky,11,Feb,head-on collision
3475,Buriganga trawler capsize during storm kills 4,2019-04-01 12:49:22,https://en.prothomalo.com/bangladesh/Buriganga-trawler-capsize-during-storm-kills-4,buriganga river,Dhaka,4,0,,boat capsize during storm,Bangladesh,event,road accident,2019-04-01,12:49:22,Apr,4,Heavy rain,12,Apr,boat capsize during storm
3477,2 killed as picnic bus hits truck,2019-03-08 21:27:52,https://en.prothomalo.com/bangladesh/2-killed-as-picnic-bus-hits-truck-in-Bagerhat,bagerhat-khulna highway at ronbijoypur,Bagerhat,2,10,"Picnic Bus, Truck",picnic bus hit a stationary truck,Bangladesh,event,road accident,2019-03-08,21:27:52,Mar,3,Clear sky,21,Mar,picnic bus hit a stationary truck
3478,"Biker, pillion rider killed in Chapainawabganj",2019-01-08 11:00:02,https://en.prothomalo.com/bangladesh/Biker-pillion-rider-killed-in-Chapainawabganj,kolyanpur,Nawabganj,2,0,"Motorcycle, Truck, Pickup Van",motorcycle skidded off while trying to overtake a truck when a pickup van came in front,Bangladesh,event,road accident,2019-01-08,11:00:02,Jan,1,Dust or sand whirls,11,Jan,motorcycle skidded off while trying to overtake a truck when a pickup van came in front
3481,Singer Khurshid Alam injured in road crash,2019-03-30 15:57:57,https://en.prothomalo.com/entertainment/Singer-Khurshid-Alam-injured-in-road-crash,dhaka-rangpur highway in jhupgari area,Bogra,0,1,Car And Truck,truck hit his car,Bangladesh,event,road accident,2019-03-30,15:57:57,Mar,3,Light rain,15,Mar,truck hit his car
3482,Fire at Gulshan-1 kitchen market,2019-03-30 09:04:45,https://en.prothomalo.com/bangladesh/Fire-at-Gulshan-1-kitchen-market,kitchen market near the dncc market in gulshan- 1,Dhaka,0,0,Not Applicable,fire,Bangladesh,event,road accident,2019-03-30,09:04:45,Mar,3,Light rain,9,Mar,fire
3484,3 university students among 4 killed in road crash,2019-08-17 13:52:13,https://en.prothomalo.com/bangladesh/4-killed-in-road-crash,kararchar area of shibpur upazila in narsingdi,Narsingdi,4,5,"Bus, Car",bus collided with a car,Bangladesh,event,road accident,2019-08-17,13:52:13,Aug,8,Heavy rain,13,Aug,bus collided with a car
3485,"Biker, pillion rider killed in Chattogram",2019-01-29 10:14:37,https://en.prothomalo.com/bangladesh/Biker-pillion-rider-killed-in-Chattogram,chandnaish upazila,Chattogram,2,0,"Truck, Motorcycle",truck rammed their motorbike,Bangladesh,event,road accident,2019-01-29,10:14:37,Jan,1,Partly cloudy,10,Jan,truck rammed their motorbike
3489,"Road crash kills woman, granddaughter",2019-02-06 16:21:58,https://en.prothomalo.com/bangladesh/Road-crash-kills-Woman-granddaughter,sylhet-fenchuganj road at dharampur,Sylhet,2,2,"Bus, Auto Rickshaw",bus hitting auto rickshaw,Bangladesh,event,road accident,2019-02-06,16:21:58,Feb,2,Funnel cloud / tornado,16,Feb,bus hitting auto rickshaw
3491,3 killed as truck hits motorcycle,2018-10-09 13:01:58,,mohadebpur-patnitola road,Naogaon,3,0,"Truck, Motorcycle",truck rammed a motorbike,Bangladesh,event,road accident,2018-10-09,13:01:58,Oct,10,Light rain,13,Oct,truck rammed a motorbike
3492,Road crash kills 6 of a family,2019-01-23 13:31:13,,west mandarin,Lakshmipur,7,0,"Truck, Auto-Rickshaw",truck rammed a cng-run auto-rickshaw,Bangladesh,event,road accident,2019-01-23,13:31:13,Jan,1,Clear sky,13,Jan,truck rammed a cngrun autorickshaw
3493,Barishal students protest at Friday’s road crash,2019-03-23 19:41:24,https://en.prothomalo.com/bangladesh/Barishal-students-protest-at-Friday’s-road-crash,barishal,Barishal,7,0,Bus,,Bangladesh,event,road accident,2019-03-23,19:41:24,Mar,3,Partly cloudy,19,Mar,
3495,Road accidents kill 4 in Ashulia,2015-03-11 20:30:45,https://en.prothomalo.com/bangladesh/Road-accidents-kill-4-in-Ashulia,ashulia,Dhaka,4,0,,,Bangladesh,event,road accident,2015-03-11,20:30:45,Mar,3,Clear sky,20,Mar,
3496,College student among 5 killed in road crash,2019-03-22 13:12:06,https://en.prothomalo.com/bangladesh/College-student-among-5-killed-in-road-crash,barishal-banaripara road in tetultala area of barishal city,Barishal,5,6,"Bus, Human Hauler",bus hitting a human hauler,Bangladesh,event,road accident,2019-03-22,13:12:06,Mar,3,Moderate rain,13,Mar,bus hitting a human hauler
3500,Road crashes claim 11 lives,2019-09-16 11:01:06,https://en.prothomalo.com/bangladesh/Road-crashes-claim-11-lives,dhaka-chattogram highway in sadar dakkhin upazila,Cumilla,11,11,"Bus, Motorcycle",bus hit a motorcycle,Bangladesh,event,road accident,2019-09-16,11:01:06,Sep,9,Light rain,11,Sep,bus hit a motorcycle
3501,Education officer killed in road crash,2018-10-30 13:13:05,https://en.prothomalo.com/bangladesh/Education-officer-killed-in-road-crash,suchibunia,Khulna,1,0,Truck,truck hit him,Bangladesh,event,road accident,2018-10-30,13:13:05,Oct,10,Light rain,13,Oct,truck hit him
3502,2 killed in road crash,2018-12-22 15:37:16,https://en.prothomalo.com/bangladesh/2-killed-in-road-crash-11,in front of gazirhat degree college,Thakurgaon,2,0,"Motorcycle, Tractor",tractor hit their vehicle,Bangladesh,event,road accident,2018-12-22,15:37:16,Dec,12,Rain showers (slight),15,Dec,tractor hit their vehicle
3503,2 killed in road crash,2018-12-22 15:37:16,https://en.prothomalo.com/bangladesh/2-killed-in-road-crash-13,in front of gazirhat degree college,Thakurgaon,2,0,"Motorcycle, Tractor",tractor hit motorcycle,Bangladesh,event,road accident,2018-12-22,15:37:16,Dec,12,Rain showers (slight),15,Dec,tractor hit motorcycle
3504,2 killed in road crash,2018-12-22 15:37:16,https://en.prothomalo.com/bangladesh/2-killed-in-road-crash-10,ranisankail,Thakurgaon,2,0,"Motorcycle, Tractor",tractor hit motorcycle,Bangladesh,event,road accident,2018-12-22,15:37:16,Dec,12,Rain showers (slight),15,Dec,tractor hit motorcycle
3505,2 killed in road crash,2018-12-22 15:37:16,https://en.prothomalo.com/bangladesh/2-killed-in-road-crash-7,in front of gazirhat degree college,Thakurgaon,2,0,"Motorcycle, Tractor",tractor hit motorcycle,Bangladesh,event,road accident,2018-12-22,15:37:16,Dec,12,Rain showers (slight),15,Dec,tractor hit motorcycle
3506,2 killed in road crash,2018-12-22 15:37:16,https://en.prothomalo.com/bangladesh/2-killed-in-road-crash-4,"ranisankail, thakurgaon",Thakurgaon,2,0,"Motorcycle, Tractor",tractor hit their vehicle,Bangladesh,event,road accident,2018-12-22,15:37:16,Dec,12,Rain showers (slight),15,Dec,tractor hit their vehicle
3507,2 killed in road crash,2018-12-22 15:37:16,https://en.prothomalo.com/bangladesh/2-killed-in-road-crash-2,gazirhat degree college,Thakurgaon,2,0,"Motorcycle, Tractor",tractor hit motorcycle,Bangladesh,event,road accident,2018-12-22,15:37:16,Dec,12,Rain showers (slight),15,Dec,tractor hit motorcycle
3508,2 killed in road crash,2018-12-22 15:37:16,https://en.prothomalo.com/bangladesh/2-killed-in-road-crash,"ranisankail, thakurgaon",Thakurgaon,2,0,"Motorcycle, Tractor",tractor hit their vehicle,Bangladesh,event,road accident,2018-12-22,15:37:16,Dec,12,Rain showers (slight),15,Dec,tractor hit their vehicle
3509,"Driver, assistant killed as truck plunges into ditch",2018-11-26 11:29:43,https://en.prothomalo.com/bangladesh/Driver-assistant-killed-as-truck-plunges-into,boilgram village,Madaripur,2,2,Truck,vehicle plunged into a roadside ditch,Bangladesh,event,road accident,2018-11-26,11:29:43,Nov,11,Partly cloudy,11,Nov,vehicle plunged into a roadside ditch
3514,8 sustain burn injuries in steel factory fire,2018-12-18 12:35:45,https://en.prothomalo.com/bangladesh/8-sustain-burn-injuries-in-steel-factory,kadamtali steel mills pvt ltd at kadamtali,Dhaka,0,8,Industrial Equipment,melted iron accidentally fell on a group of workers,Bangladesh,event,road accident,2018-12-18,12:35:45,Dec,12,Moderate rain,12,Dec,melted iron accidentally fell on a group of workers
3515,Turkish national among 2 killed in road crash,2018-12-18 10:08:29,https://en.prothomalo.com/bangladesh/Turkish-national-among-2-killed-in-road-crash,dhaka-rajshahi highway at senbhag in puthia,Rajshahi,2,0,"Truck, Pick-Up Van, Bus","truck hit pick-up van, then bus hit pick-up van",Bangladesh,event,road accident,2018-12-18,10:08:29,Dec,12,,10,Dec,truck hit pickup van then bus hit pickup van
3516,Road crashes kill 3,2019-04-03 14:33:44,https://en.prothomalo.com/bangladesh/Road-crashes-kill-3-2,zero mile area of the district town,Khagrachhari,1,3,"Passenger Bus, Goods-Laden Pick-Up Van, Covered Van",collision between vehicles,Bangladesh,event,road accident,2019-04-03,14:33:44,Apr,4,Heavy rain,14,Apr,collision between vehicles
3519,Road crash kills 3 in Chattogram,2018-12-28 17:35:15,https://en.prothomalo.com/bangladesh/Road-crash-kills-3-in-Chattogram,mirsharai upazila,Chattogram,3,0,"Truck, Rickshaw",cement-laden truck hit a rickshaw,Bangladesh,event,road accident,2018-12-28,17:35:15,Dec,12,Clear sky,17,Dec,cementladen truck hit a rickshaw
3520,PEC examinee killed in road crash,2018-11-19 15:05:48,,port colony,Chattogram,1,1,Human Hauler And Cng-Run Auto-Rickshaw,collision,Bangladesh,event,road accident,2018-11-19,15:05:48,Nov,11,Partly cloudy,15,Nov,collision
3521,Road crash claims lives of 3 labourers,2018-12-02 10:30:23,,nurpur bypass area,Pabna,3,1,Truck,overturned,Bangladesh,event,road accident,2018-12-02,10:30:23,Dec,12,Partly cloudy,10,Dec,overturned
3522,Appellate Division orders Green Line Paribahan to pay Russel Tk 5m,2019-03-31 14:20:51,https://en.prothomalo.com/bangladesh/Appellate-Division-orders-Green-Line-Paribahan-to,high court,Dhaka,0,1,Bus,,Bangladesh,event,road accident,2019-03-31,14:20:51,Mar,3,Moderate rain,14,Mar,
3523,"Truck, easy-bike collision kills 3",2018-11-18 12:26:20,,lahirirhat area of rangpur sadar upazila,Rangpur,3,3,"Truck, Easy Bike",head-on collision,Bangladesh,event,road accident,2018-11-18,12:26:20,Nov,11,Clear sky,12,Nov,head-on collision
3524,One body recovered in Buriganga boat capsize,2019-03-08 21:38:15,https://en.prothomalo.com/bangladesh/One-body-recovered-in-Buriganga-boat-capsize,"sadarght, buriganga river",,1,0,,boat capsize,Bangladesh,event,road accident,2019-03-08,21:38:15,Mar,3,,21,Mar,boat capsize
3525,"Probe finds no fault of joint secretary, DC over Titash death",2019-09-05 23:32:55,,madaripur,Madaripur,1,0,"Ferry, Ambulance",ferry delay,Bangladesh,event,road accident,2019-09-05,23:32:55,Sep,9,Light rain,23,Sep,ferry delay
3528,Road crashes claim 3 lives,2019-04-21 18:55:30,https://en.prothomalo.com/bangladesh/Road-crashes-claim-3-lives,bonpra bypass area of boraigram upazila,Natore,1,0,"Truck, Motorcycle",truck hit a motorcycle,Bangladesh,event,road accident,2019-04-21,18:55:30,Apr,4,Light rain,18,Apr,truck hit a motorcycle
3530,Sheer negligence despite frequent deaths,2020-11-19 17:18:17,https://en.prothomalo.com/bangladesh/sheer-negligence-despite-frequent-deaths,"bhanga gate, abhoynagar",Jashore,5,0,Car,unauthorized railway crossing,Bangladesh,event,road accident,2020-11-19,17:18:17,Nov,11,Light rain,17,Nov,unauthorized railway crossing
3536,ASP’s vehicle ‘attacked’ in Chuadanga,2018-12-24 09:40:46,https://en.prothomalo.com/bangladesh/ASP’s-vehicle-‘attacked’-in-Chuadanga,darshana filling station,Chuadanga,0,0,Car,bomb attack,Bangladesh,event,road accident,2018-12-24,09:40:46,Dec,12,Clear sky,9,Dec,bomb attack
3537,3 army men killed in road crash,2019-02-08 19:59:32,https://en.prothomalo.com/bangladesh/3-army-men-killed-in-road-crash,subarnachar upazila,Noakhali,3,9,Army Personnel Vehicles,road accident,Bangladesh,event,road accident,2019-02-08,19:59:32,Feb,2,rain not reaching ground,19,Feb,road accident
3540,Fitness certificates of 33pc buses invalid: BRTA,2019-02-07 16:29:21,https://en.prothomalo.com/bangladesh/Fitness-certificates-of-33pc-buses-invalid-BRTA,dhaka city,Dhaka,0,0,Buses,invalid fitness certificates,Bangladesh,event,road accident,2019-02-07,16:29:21,Feb,2,"rain, freezing",16,Feb,invalid fitness certificates
3541,Barishal road crash toll rises to 7,2019-03-22 19:35:32,https://en.prothomalo.com/bangladesh/Barishal-road-crash-toll-rises-to-7,barishal city,Barishal,7,0,,,Bangladesh,event,road accident,2019-03-22,19:35:32,Mar,3,Moderate rain,19,Mar,
3545,Driver of bus that killed Abrar had no licence!,2019-03-20 15:28:37,https://en.prothomalo.com/bangladesh/Driver-of-bus-that-killed-Abrar-had-no-licence,dhaka,Dhaka,1,0,Bus,driving without license,Bangladesh,event,road accident,2019-03-20,15:28:37,Mar,3,Mainly clear,15,Mar,driving without license
3546,"BUP student killed in road crash, protesters block city street",2019-03-20 12:04:21,https://en.prothomalo.com/bangladesh/BUP-student-killed-in-road-crash-protesters-block,jamuna future park,Dhaka,1,0,,road crash,Bangladesh,event,road accident,2019-03-20,12:04:21,Mar,3,Mainly clear,12,Mar,road accident
3553,Road crash kills 2,2018-12-17 16:51:58,https://en.prothomalo.com/bangladesh/Road-crash-kills-2-4,pakutia,Tangail,2,4,"Bus, Pick-Up Van",bus rammed a pick-up van,Bangladesh,event,road accident,2018-12-17,16:51:58,Dec,12,Light rain,16,Dec,bus rammed a pickup van
3557,Road crash kills one,2018-10-09 16:26:45,https://en.prothomalo.com/bangladesh/Road-crash-kills-one-5,amirpur village,Chuadanga,1,0,Tractor,overturned,Bangladesh,event,road accident,2018-10-09,16:26:45,Oct,10,Moderate rain,16,Oct,overturned
3558,Road crash kills one,2018-10-09 16:26:45,https://en.prothomalo.com/bangladesh/Road-crash-kills-one-4,amirpur village,Chuadanga,1,0,Tractor,overturned,Bangladesh,event,road accident,2018-10-09,16:26:45,Oct,10,Moderate rain,16,Oct,overturned
3559,Road crash kills one,2018-10-09 16:26:45,https://en.prothomalo.com/bangladesh/Road-crash-kills-one-3,amirpur village,Chuadanga,1,0,Tractor,overturned,Bangladesh,event,road accident,2018-10-09,16:26:45,Oct,10,Moderate rain,16,Oct,overturned
3560,Road crash kills one,2018-10-09 16:26:45,https://en.prothomalo.com/bangladesh/Road-crash-kills-one-2,amirpur village,Chuadanga,1,0,Tractor,overturned,Bangladesh,event,road accident,2018-10-09,16:26:45,Oct,10,Moderate rain,16,Oct,overturned
3561,Road crash kills one,2018-10-09 16:26:45,https://en.prothomalo.com/bangladesh/Road-crash-kills-one,amirpur village,Chuadanga,1,0,Tractor,overturned,Bangladesh,event,road accident,2018-10-09,16:26:45,Oct,10,Moderate rain,16,Oct,overturned
3563,4 die as car plunges into ditch,2019-01-20 13:59:30,https://en.prothomalo.com/bangladesh/4-die-as-car-plunges-into-ditch,bostol area of sonargaon upazila,Narayanganj,4,0,Car,vehicle plunged into a ditch,Bangladesh,event,road accident,2019-01-20,13:59:30,Jan,1,Clear sky,13,Jan,vehicle plunged into a ditch
3564,2 school teachers killed in road crash,2018-11-29 09:28:47,https://en.prothomalo.com/bangladesh/2-school-teachers-killed-in-road-crash,bagerhat-mawa highway at joydihi village in mollahat,Bagerhat,2,0,"Truck, Motorcycle",speeding truck hit the motorcycle,Bangladesh,event,road accident,2018-11-29,09:28:47,Nov,11,Clear sky,9,Nov,speeding truck hit the motorcycle
3565,Sirajganj road crash claims 3 lives,2019-01-05 10:34:48,https://en.prothomalo.com/bangladesh/Sirajganj-road-crash-claims-3-lives,bangabandhu bridge (western side) connecting road,Sirajganj,3,0,"Pick-Up Van, Truck",pick-up van hit a stone-laden truck,Bangladesh,event,road accident,2019-01-05,10:34:48,Jan,1,Partly cloudy,10,Jan,pickup van hit a stoneladen truck
3567,Savar road crash kills 3 students,2018-12-07 21:18:06,,dhaka-aricha highway at joypura area,Dhaka,3,0,"Bus, Motorcycle",collision,Bangladesh,event,road accident,2018-12-07,21:18:06,Dec,12,rain not reaching ground,21,Dec,collision
3568,Give Tk 5m to Rajib’s family: HC,2019-06-20 15:55:56,https://en.prothomalo.com/bangladesh/Give-Tk-5m-to-Rajib’s-family-HC,banglamotor,Dhaka,1,1,Bus,student trapped between two buses,Bangladesh,event,road accident,2019-06-20,15:55:56,Jun,6,Light rain,15,Jun,student trapped between two buses