id,title,date,article_url,place_of_accident,district,number_of_deaths,number_of_injured,vehicle_type,cause_of_accident,country,report_type,type_of_accident,accident_date,accident_time,month,month_num,condition,accident_hour,month_name,cause_of_accident_normalized
3571,Road crash kills elderly man,2018-11-22 11:47:40,https://en.prothomalo.com/bangladesh/Road-crash-kills-elderly-man-2,akhrakhola,Satkhira,1,0,Bus,knocked down,Bangladesh,event,road accident,2018-11-22,11:47:40,Nov,11,Partly cloudy,11,Nov,knocked down
3572,3 killed as bus hits motorbike,2018-12-16 23:15:21,https://en.prothomalo.com/bangladesh/3-killed-as-bus-hits-motorbike,kishoreganj-bhairab highway in kishoreganj's rashidabad,Kishoreganj,3,0,"Bus, Motorcycle",speeding bus hit motorcycle,Bangladesh,event,road accident,2018-12-16,23:15:21,Dec,12,Partly cloudy,23,Dec,speeding bus hit motorcycle
3573,3 killed in separate incidents in Savar,2018-10-13 20:23:40,https://en.prothomalo.com/bangladesh/3-killed-in-separate-incidents-in-Savar,abdullahpur highway in ashulia jamgara area,Dhaka,1,0,,road accident,Bangladesh,event,road accident,2018-10-13,20:23:40,Oct,10,Moderate rain,20,Oct,road accident
3578,"Bus supervisor, assistant killed in road crash",2019-01-20 17:38:28,,"daudkandi, dhaka-chattogram highway",Cumilla,2,0,"Bus, Covered Van","collision involving three vehicles, bus rammed into a covered van from behind",Bangladesh,event,road accident,2019-01-20,17:38:28,Jan,1,Clear sky,17,Jan,collision involving three vehicles bus rammed into a covered van from behind
3580,Road crash kills youth,2018-11-19 10:25:43,https://en.prothomalo.com/bangladesh/Road-crash-kills-youth,bornalir intersection,,1,2,Motorcycle,hit a pedestrian,Bangladesh,event,road accident,2018-11-19,10:25:43,Nov,11,,10,Nov,hit a pedestrian
3581,Biker killed in Sherpur road crash,2018-11-06 11:02:36,,nalitabari-nakugaon road in sherpur's andharpara of nalitabari upazila,Sherpur,1,1,"Truck, Motorcycle",head on collision,Bangladesh,event,road accident,2018-11-06,11:02:36,Nov,11,Moderate rain,11,Nov,head-on collision
3582,Youth dies ‘falling off flyover’,2018-12-13 09:41:12,https://en.prothomalo.com/bangladesh/Youth-dies-‘falling-off-flyover’,"mayor hanif flyover, swamibagh",Dhaka,1,0,,falling off the flyover,Bangladesh,event,road accident,2018-12-13,09:41:12,Dec,12,Mainly clear,9,Dec,falling off the flyover
3584,Businessmen MPs bar passing pro-people laws: Mizanur Rahman,2019-06-30 21:43:25,,national press club,Dhaka,0,0,,,Bangladesh,event,road accident,2019-06-30,21:43:25,Jun,6,Light rain,21,Jun,
3586,2 construction workers electrocuted,2018-11-27 11:04:47,,jashore,Jashore,2,1,,electrocution,Bangladesh,event,road accident,2018-11-27,11:04:47,Nov,11,Mainly clear,11,Nov,electrocution
3587,4 killed in Pabdna traffic accident,2015-02-11 14:50:03,https://en.prothomalo.com/bangladesh/4-killed-in-Pabdna-traffic-accident,dhaka-pabna highway in sujanagar upazila,Pabna,4,4,Truck And Three-Wheel Passenger Vehicle,truck crashed into a three-wheel passenger vehicle,Bangladesh,event,road accident,2015-02-11,14:50:03,Feb,2,Partly cloudy,14,Feb,truck crashed into a threewheel passenger vehicle
3588,Bus owner asked to pay Tk 1m to Abrar’s family,2019-03-20 16:55:51,https://en.prothomalo.com/bangladesh/Bus-owner-asked-to-pay-Tk-1m-to-Abrar’s-family,dhaka,Dhaka,1,0,,road crash,Bangladesh,event,road accident,2019-03-20,16:55:51,Mar,3,Mainly clear,16,Mar,road accident
3589,8 killed in road crashes in 3 districts,2019-06-08 10:04:50,https://en.prothomalo.com/bangladesh/8-killed-in-road-crashes-in-3-districts,"cox's bazar, chandpur and magura districts",Cox's Bazar,8,20,,,Bangladesh,event,road accident,2019-06-08,10:04:50,Jun,6,Light rain,10,Jun,
3594,2 killed as bridge collapses in Thakurgaon,2019-01-10 23:47:57,https://en.prothomalo.com/bangladesh/2-killed-as-bridge-collapses-in-Thakurgaon,haripur upazila,Thakurgaon,2,4,,bridge collapse during dismantling,Bangladesh,event,road accident,2019-01-10,23:47:57,Jan,1,Light rain,23,Jan,bridge collapse during dismantling
3598,Dope tests for drivers to be introduced: DNCC mayor,2019-04-05 00:23:22,https://en.prothomalo.com/bangladesh/Dope-tests-for-drivers-to-be-introduced-DNCC,dncc office in gulshan,Dhaka,0,0,,drug-addled drivers,Bangladesh,event,road accident,2019-04-05,00:23:22,Apr,4,Moderate rain,0,Apr,drugaddled drivers
3606,Road crashes kill 2,2018-12-27 14:05:02,https://en.prothomalo.com/bangladesh/Road-crashes-kill-2-2,komorgram in sadar uapzila,Joypurhat,1,0,Human Hauler And Motorcycle,human hauler hit a motorcycle,Bangladesh,event,road accident,2018-12-27,14:05:02,Dec,12,Patches of fog,14,Dec,human hauler hit a motorcycle
3607,Road crashes kill 2,2018-12-27 14:05:02,https://en.prothomalo.com/bangladesh/Road-crashes-kill-2,joypurhat-bogura highway at komorgram in sadar uapzila,Joypurhat,1,0,"Human Hauler, Motorcycle",human hauler hitting motorcycle,Bangladesh,event,road accident,2018-12-27,14:05:02,Dec,12,Patches of fog,14,Dec,human hauler hitting motorcycle
3608,Road crash kills female physician,2018-12-04 10:56:35,https://en.prothomalo.com/bangladesh/Road-crash-kills-female-physician,bijay sarani,Dhaka,1,0,"Bus, Cng-Run Auto-Rickshaw",bus hit a cng-run auto-rickshaw,Bangladesh,event,road accident,2018-12-04,10:56:35,Dec,12,Partly cloudy,10,Dec,bus hit a cngrun autorickshaw
3610,15 die as Malaysia-bound Rohingya boat capsizes: Coast guard,2020-02-11 19:01:57,https://en.prothomalo.com/bangladesh/11-die-as-Malaysia-bound-Rohingya-boat-capsizes,southern bangladesh,,15,50,,overloaded boat,Bangladesh,event,road accident,2020-02-11,19:01:57,Feb,2,,19,Feb,overloaded boat
3612,Road crash kills 2,2018-10-28 13:25:56,https://en.prothomalo.com/bangladesh/Road-crash-kills-2-7,osmaninagar,Sylhet,2,10,Bus,driver lost control over the steering,Bangladesh,event,road accident,2018-10-28,13:25:56,Oct,10,Moderate rain,13,Oct,driver lost control over the steering
3613,Road crash kills 2,2018-10-28 13:25:56,https://en.prothomalo.com/bangladesh/Road-crash-kills-2-6,osmaninagar,Sylhet,2,10,Bus,driver lost control,Bangladesh,event,road accident,2018-10-28,13:25:56,Oct,10,Moderate rain,13,Oct,driver lost control
3614,Road crash kills 2,2018-10-28 13:25:56,https://en.prothomalo.com/bangladesh/Road-crash-kills-2-5,osmaninagar,Sylhet,2,10,Bus,driver lost control over the steering,Bangladesh,event,road accident,2018-10-28,13:25:56,Oct,10,Moderate rain,13,Oct,driver lost control over the steering
3615,Road crash kills 2,2018-10-28 13:25:56,https://en.prothomalo.com/bangladesh/Road-crash-kills-2-4,osmaninagar,Sylhet,2,10,Bus,driver lost control over the steering,Bangladesh,event,road accident,2018-10-28,13:25:56,Oct,10,Moderate rain,13,Oct,driver lost control over the steering
3616,Road crash kills 2,2018-10-28 13:25:56,https://en.prothomalo.com/bangladesh/Road-crash-kills-2-3,osmaninagar,Sylhet,2,10,Bus,driver lost control,Bangladesh,event,road accident,2018-10-28,13:25:56,Oct,10,Moderate rain,13,Oct,driver lost control
3617,Road crash kills 2,2018-10-28 13:25:56,https://en.prothomalo.com/bangladesh/Road-crash-kills-2-2,osmaninagar,Sylhet,2,10,Bus,driver lost control over the steering,Bangladesh,event,road accident,2018-10-28,13:25:56,Oct,10,Moderate rain,13,Oct,driver lost control over the steering
3618,Road crash kills 2,2018-10-28 13:25:56,https://en.prothomalo.com/bangladesh/Road-crash-kills-2,osmaninagar,Sylhet,2,10,Bus,driver lost control over steering,Bangladesh,event,road accident,2018-10-28,13:25:56,Oct,10,Moderate rain,13,Oct,driver lost control over steering
3621,Another body found in Buriganga boat capsize,2019-03-09 11:50:23,https://en.prothomalo.com/bangladesh/Another-body-found-in-Buriganga-boat-capsize,river buriganga in sadarghat,Dhaka,2,0,,boat capsized after collision with a launch,Bangladesh,event,road accident,2019-03-09,11:50:23,Mar,3,Clear sky,11,Mar,boat capsized after collision with a launch
3627,"Biker, pillion rider killed in Rajshahi",2018-11-04 11:49:43,https://en.prothomalo.com/bangladesh/Biker-pillion-rider-killed-in-Rajshahi,rajshahi-dhaka highway in tarapur of rajshahi’s puthia upazila,Rajshahi,2,0,"Truck, Motorcycle",truck hit motorcycle,Bangladesh,event,road accident,2018-11-04,11:49:43,Nov,11,,11,Nov,truck hit motorcycle accident
3628,Microbus falls into Hatirjheel lake,2018-09-15 15:49:58,https://en.prothomalo.com/bangladesh/Microbus-falls-into-lake-Hatirjheel,hatirjheel lake,Dhaka,0,0,Microbus,,Bangladesh,event,road accident,2018-09-15,15:49:58,Sep,9,Moderate rain,15,Sep,
3630,3 RMG workers killed in road crash,2018-12-29 13:46:39,https://en.prothomalo.com/bangladesh/3-RMG-workers-killed-in-road-crash,korean export procession zone (kepz) area,Chattogram,3,40,Bus,bus hit another stationary bus,Bangladesh,event,road accident,2018-12-29,13:46:39,Dec,12,Clear sky,13,Dec,bus hit another stationary bus
3634,Road crashes kill 4,2019-02-10 00:06:50,https://en.prothomalo.com/bangladesh/Road-crashes-kill-3,"dhamrai, savar, kalia upazila, munshiganj",Munshiganj,4,0,,,Bangladesh,event,road accident,2019-02-10,00:06:50,Feb,2,Partly cloudy,0,Feb,
3636,2 brothers among 3 killed in road crash,2018-12-13 19:23:26,https://en.prothomalo.com/bangladesh/2-brothers-among-3-killed-in-road-crash,chuadanga-meherpur road at kulpala village,Chuadanga,3,2,"Truck, Human Hauler",stone-laden truck hit a human hauler,Bangladesh,event,road accident,2018-12-13,19:23:26,Dec,12,Partly cloudy,19,Dec,stoneladen truck hit a human hauler
3637,‘Waiting for your turn!’,2019-03-20 12:15:55,,jamuna future park,Dhaka,1,0,,,Bangladesh,event,road accident,2019-03-20,12:15:55,Mar,3,Mainly clear,12,Mar,
3639,Manikganj road crash leaves motorcyclist dead,2018-09-22 15:38:38,https://en.prothomalo.com/bangladesh/Manikganj-road-crash-leaves-motorcyclist-dead,dhaka-aricha highway at bhatbar,Manikganj,1,38,Motorcycle,road crash,Bangladesh,event,road accident,2018-09-22,15:38:38,Sep,9,Light rain,15,Sep,road accident
3640,University staff killed in road crash,2018-09-03 10:31:57,https://en.prothomalo.com/bangladesh/University-staff-killed-in-road-crash,shamimabad,Sylhet,1,0,Private Vehicle,,Bangladesh,event,road accident,2018-09-03,10:31:57,Sep,9,Moderate rain,10,Sep,
3641,"Everything changes in Dhaka, except buses",2021-02-14 19:25:02,https://en.prothomalo.com/bangladesh/everything-changes-in-dhaka-except-buses,dhaka,Dhaka,0,0,Buses And Minibuses,"dilapidated condition of vehicles, overcrowding, lack of maintenance, fare irregularities",Bangladesh,event,road accident,2021-02-14,19:25:02,Feb,2,Clear sky,19,Feb,dilapidated condition of vehicles overcrowding lack of maintenance fare irregularities
3643,Students of road safety movement must be acquitted,2019-12-05 14:18:35,https://en.prothomalo.com/opinion/Students-of-road-safety-movement-must-be-acquitted,dhaka roads,Dhaka,2,0,,road safety demands following student deaths,Bangladesh,event,road accident,2019-12-05,14:18:35,Dec,12,Partly cloudy,14,Dec,road safety demands following student deaths
3646,Road crash kills schoolgirl,2018-12-09 10:42:27,https://en.prothomalo.com/bangladesh/Road-crash-kills-schoolgirl,bashtala area,Dhaka,1,2,Bus,speeding bus ran over them,Bangladesh,event,road accident,2018-12-09,10:42:27,Dec,12,Clear sky,10,Dec,speeding bus ran over them
3648,"Road crash kills father, son among 3",2018-10-22 11:13:51,,chandpur-cumilla road near bakila bazar,Chandpur,3,0,"Covered Van, Auto-Rickshaw",covered van hit an auto-rickshaw,Bangladesh,event,road accident,2018-10-22,11:13:51,Oct,10,Mainly clear,11,Oct,covered van hit an autorickshaw
3649,3 madrasa students killed after motorcycle crash,2018-11-26 10:34:29,https://en.prothomalo.com/bangladesh/3-madrasa-students-killed-after-motorcycle-crash,chattogram-khagrachhari highway,Chattogram,3,0,"Motorcycle, Oil-Laden Truck",head-on collision,Bangladesh,event,road accident,2018-11-26,10:34:29,Nov,11,Partly cloudy,10,Nov,head-on collision
3651,Road crash kills elderly man,2018-09-15 10:26:27,https://en.prothomalo.com/bangladesh/Road-crash-kills-elderly-man-2,shyampur area of kazipur upazila,Sirajganj,1,8,,,Bangladesh,event,road accident,2018-09-15,10:26:27,Sep,9,Moderate rain,10,Sep,
3652,Bangladeshi teen in wheelchair hired as eSports parathlete,2019-12-24 16:48:24,,bangladesh,,0,1,Car,,Bangladesh,event,road accident,2019-12-24,16:48:24,Dec,12,,16,Dec,
3654,Road crash kills one,2018-10-04 11:31:29,https://en.prothomalo.com/bangladesh/Road-crash-kills-one-5,"dakpara, keraniganj",Dhaka,1,1,"Pick-Up Van, Rickshaw",hit,Bangladesh,event,road accident,2018-10-04,11:31:29,Oct,10,Light rain,11,Oct,hit
3655,Road crash kills one,2018-10-04 11:31:29,https://en.prothomalo.com/bangladesh/Road-crash-kills-one-4,dakpara,Dhaka,1,1,"Pick-Up Van, Rickshaw",hit,Bangladesh,event,road accident,2018-10-04,11:31:29,Oct,10,Light rain,11,Oct,hit
3656,Road crash kills one,2018-10-04 11:31:29,https://en.prothomalo.com/bangladesh/Road-crash-kills-one-3,"dakpara, keraniganj",Dhaka,1,1,"Pick-Up Van, Rickshaw",hit,Bangladesh,event,road accident,2018-10-04,11:31:29,Oct,10,Light rain,11,Oct,hit
3657,Road crash kills one,2018-10-04 11:31:29,https://en.prothomalo.com/bangladesh/Road-crash-kills-one-2,"dakpara, keraniganj",Dhaka,1,1,"Pick-Up Van, Rickshaw",hit,Bangladesh,event,road accident,2018-10-04,11:31:29,Oct,10,Light rain,11,Oct,hit
3658,Road crash kills one,2018-10-04 11:31:29,https://en.prothomalo.com/bangladesh/Road-crash-kills-one,"dakpara, keraniganj",Dhaka,1,1,"Pick-Up Van, Rickshaw",hit,Bangladesh,event,road accident,2018-10-04,11:31:29,Oct,10,Light rain,11,Oct,hit
3662,Falling branch leaves youth dead,2018-10-02 09:54:46,https://en.prothomalo.com/bangladesh/Falling-branch-leaves-youth-dead,navaran bazar area on benapole-jashore road,Jashore,1,1,,fallen branch,Bangladesh,event,road accident,2018-10-02,09:54:46,Oct,10,Mainly clear,9,Oct,fallen branch
3663,Buriganga boat capsize toll rises to 5,2019-03-09 16:05:54,https://en.prothomalo.com/bangladesh/Buriganga-boat-capsize-toll-rises-to-5,buriganga river,Dhaka,5,0,,boat capsize,Bangladesh,event,road accident,2019-03-09,16:05:54,Mar,3,Clear sky,16,Mar,boat capsize
3664,Bus driver killed in Natore road crash,2018-08-16 15:00:24,https://en.prothomalo.com/bangladesh/Bus-driver-killed-in-Natore-road-crash,bonpara- hatikumrul road in hansmara area,Natore,1,16,"Bus, Covered Van",head-on collision,Bangladesh,event,road accident,2018-08-16,15:00:24,Aug,8,Light rain,15,Aug,head-on collision
3667,"Couple killed, sons injured as lorry hits auto-rickshaw",2018-11-06 09:31:55,https://en.prothomalo.com/bangladesh/Couple-killed-sons-injured-as-lorry-hits,bimanbandar road at lakkatora tea gardens area,Sylhet,2,2,Lorry And Auto-Rickshaw,speeding lorry hit the auto-rickshaw from behind,Bangladesh,event,road accident,2018-11-06,09:31:55,Nov,11,Moderate rain,9,Nov,speeding lorry hit the autorickshaw from behind
3669,Driver sued over 2 RMG workers’ death,2019-01-02 17:52:30,https://en.prothomalo.com/bangladesh/Driver-sued-over-2-RMG-workers’-death,malibagh chowdhurypara,Dhaka,2,0,,,Bangladesh,event,road accident,2019-01-02,17:52:30,Jan,1,Clear sky,17,Jan,
3671,Faridpur road crash kills 2,2018-12-10 19:59:31,https://en.prothomalo.com/bangladesh/Faridpur-road-crash-kills-2-3,gazaria in nagarkanda upazila,Faridpur,2,7,"Bus, Pickup",collision between two buses,Bangladesh,event,road accident,2018-12-10,19:59:31,Dec,12,Partly cloudy,19,Dec,collision between two buses
3673,Faridpur road crash kills 2,2018-12-10 19:59:31,https://en.prothomalo.com/bangladesh/Faridpur-road-crash-kills-2,gazaria in nagarkanda upazila of faridpur,Faridpur,2,7,"Bus, Pickup",collision between two buses,Bangladesh,event,road accident,2018-12-10,19:59:31,Dec,12,Partly cloudy,19,Dec,collision between two buses
3674,Road crash kills US expat in Munshiganj,2018-12-10 18:33:23,https://en.prothomalo.com/bangladesh/Road-crash-kills-US-expat-in-Munshiganj,dhaka-mawa-shimulia highway at kumarbhog,Munshiganj,1,4,"Truck, Private Car",truck collided with a private car,Bangladesh,event,road accident,2018-12-10,18:33:23,Dec,12,Clear sky,18,Dec,truck collided with a private car
3675,Barishal road crash kills 3,2018-10-11 18:32:16,https://en.prothomalo.com/bangladesh/Barishal-road-crash-kills-3,dhaka-barishal highway at baichkhola in barishal’s gouronadi upazila,Barishal,3,10,Bus,driver lost control over the steering and hit a tree,Bangladesh,event,road accident,2018-10-11,18:32:16,Oct,10,Moderate rain,18,Oct,driver lost control over the steering and hit a tree
3678,Road crashes kill 9 in 4 dists,2019-04-28 20:03:53,https://en.prothomalo.com/bangladesh/Road-crashes-kill-8-in-4-districts,"chandpur, feni, chuadanga and lakshmipur",Chandpur,9,0,,,Bangladesh,event,road accident,2019-04-28,20:03:53,Apr,4,Squalls,20,Apr,
3679,"Titumir College student, 3 others killed in road crashes",2019-03-02 18:23:46,https://en.prothomalo.com/bangladesh/Titumir-College-student-3-others-killed-in-road,jatrabari,Dhaka,1,0,Truck,fell from a running truck,Bangladesh,event,road accident,2019-03-02,18:23:46,Mar,3,Clear sky,18,Mar,fell from a running truck
3682,Road crashes claim 11 lives in Faridpur,2019-08-25 10:50:41,https://en.prothomalo.com/bangladesh/Road-crashes-claim-11-lives-in-Faridpur,sadar and nagarkanda upazilas,Faridpur,11,20,,,Bangladesh,event,road accident,2019-08-25,10:50:41,Aug,8,Light rain,10,Aug,
3685,Gas cylinder blast burns 5,2018-11-10 10:43:49,,bahaddarhat,Chattogram,0,5,Auto-Rickshaw,gas cylinder explosion,Bangladesh,event,road accident,2018-11-10,10:43:49,Nov,11,Clear sky,10,Nov,gas cylinder explosion
3686,Gazipur road crash kills 5,2018-12-03 15:19:00,https://en.prothomalo.com/bangladesh/Gazipur-road-crash-kills-5,haldoba area of sadar upazila,Gazipur,5,6,"Bus, Human Hauler",collision,Bangladesh,event,road accident,2018-12-03,15:19:00,Dec,12,Partly cloudy,15,Dec,collision
3687,3 killed in Chakaria road accident,2015-01-16 13:02:45,https://en.prothomalo.com/bangladesh/3-killed-in-Chakaria-road-accident,chittagong - cox's bazar highway,Cox's Bazar,3,0,,,Bangladesh,event,road accident,2015-01-16,13:02:45,Jan,1,Partly cloudy,13,Jan,
3688,3 killed in Chakaria road accident,2015-01-16 12:51:25,https://en.prothomalo.com/bangladesh/3-killed-in-Chakaria-road-accident,chittagong - cox's bazar highway at chakaria,Cox's Bazar,3,0,,,Bangladesh,event,road accident,2015-01-16,12:51:25,Jan,1,Partly cloudy,12,Jan,
3690,Cox’s Bazar road crash kills 3,2018-09-12 16:07:06,,chittagong-cox's bazar highway near inani resort,Cox's Bazar,3,4,"Covered Van, Human Hauler",collision between vehicles,Bangladesh,event,road accident,2018-09-12,16:07:06,Sep,9,Light rain,16,Sep,collision between vehicles
3693,Road crash claims 3 more lives,2018-11-09 13:01:11,https://en.prothomalo.com/bangladesh/Road-crash-claims-3-more-lives,bangabandhu bridge (east) link road,Tangail,3,0,"Auto-Rickshaw, Unknown Vehicle",unknown vehicle hit an auto-rickshaw,Bangladesh,event,road accident,2018-11-09,13:01:11,Nov,11,Mainly clear,13,Nov,unknown vehicle hit an autorickshaw
3694,"20,000 families living in Cox’s Bazar hills amid growing landslide risk",2019-07-13 15:30:17,https://en.prothomalo.com/bangladesh/20-000-families-living-in-Cox’s-Bazar-hills-amid,cox's bazar district town,Cox's Bazar,0,0,,landslide,Bangladesh,event,road accident,2019-07-13,15:30:17,Jul,7,Moderate rain,15,Jul,landslide
3695,"Road crashes kill 4 including woman, daughter",2019-05-07 10:00:00,,mawa-kabutorkhola road in jalasdia of louhajang upazila,Munshiganj,2,0,Car,speeding car hit them,Bangladesh,event,road accident,2019-05-07,10:00:00,May,5,Light rain,10,May,speeding car hit them
3696,"One killed, 20 CU students injured in road crash",2018-08-10 20:21:58,,alutila area of khagrachhari sadar upazila,Khagrachhari,1,20,Bus,,Bangladesh,event,road accident,2018-08-10,20:21:58,Aug,8,Moderate rain,20,Aug,
3699,2 killed in Gaibandha road crash,2018-09-05 11:09:47,,chithulia,Gaibandha,2,0,"Motorcycle, Tractor",tractor rammed a motorbike,Bangladesh,event,road accident,2018-09-05,11:09:47,Sep,9,Light rain,11,Sep,tractor rammed a motorbike
3700,"2 killed, 30 injured in Rangpur road crash",2018-10-24 10:44:16,https://en.prothomalo.com/bangladesh/2-killed-30-injured-in-Rangpur-road-crash,rangpur-bogura highway at khetmadpur in pirganj upazila,Rangpur,2,30,Bus,overtaking,Bangladesh,event,road accident,2018-10-24,10:44:16,Oct,10,Partly cloudy,10,Oct,overtaking
3701,Road crash kills motorcyclist,2018-09-17 11:19:38,,dhopabhita area,Gopalganj,1,20,"Bus, Motorcycle",bus hit a motorcycle,Bangladesh,event,road accident,2018-09-17,11:19:38,Sep,9,Moderate rain,11,Sep,bus hit a motorcycle
3702,Green Line continues disobeying High Court order,2019-07-16 23:52:52,https://en.prothomalo.com/bangladesh/Green-Line-continues-disobeying-High-Court-order,capital,Dhaka,0,1,Bus,"not specified, implied negligence",Bangladesh,event,road accident,2019-07-16,23:52:52,Jul,7,Light rain,23,Jul,not specified implied negligence
3704,"Biker killed, pillion rider injured in Hatirjheel",2018-10-23 12:51:54,,mahanagar bridge of hatirjheel,Dhaka,1,1,Motorcycle,skidded off the road,Bangladesh,event,road accident,2018-10-23,12:51:54,Oct,10,Mainly clear,12,Oct,skidded off the road
3705,3 killed as pick-up van hits truck,2018-09-03 10:28:29,,dhaka-aricha highway in savar's boliarpur,Dhaka,3,5,"Pick-Up Van, Truck",hit,Bangladesh,event,road accident,2018-09-03,10:28:29,Sep,9,Moderate rain,10,Sep,hit
3706,4 killed in Netrakona road crash,2018-09-01 19:23:50,https://en.prothomalo.com/bangladesh/4-killed-in-Netrakona-road-crash,maska bazar area,Netrakona,4,3,"Bus, Auto-Rickshaw",collision,Bangladesh,event,road accident,2018-09-01,19:23:50,Sep,9,,19,Sep,collision
3708,2 cattle traders killed in road crash,2018-08-19 09:55:31,https://en.prothomalo.com/bangladesh/2-cattle-traders-dead-in-road-crash,nilphamari-syedpur road at kazirhat area,Nilphamari,2,0,Vehicle Carrying Cows And Pickup Van,head on collision,Bangladesh,event,road accident,2018-08-19,09:55:31,Aug,8,Moderate rain,9,Aug,head-on collision
3709,Elderly woman among 2 found dead,2018-11-24 13:07:23,https://en.prothomalo.com/bangladesh/Elderly-woman-among-2-found-dead,rajbari and sylhet districts,Sylhet,2,0,,,Bangladesh,event,road accident,2018-11-24,13:07:23,Nov,11,Clear sky,13,Nov,
3710,2 killed in Chattogram road crash,2018-09-12 16:08:42,https://en.prothomalo.com/bangladesh/accident/2-killed-in-chattogram-road-crash-4,dhaka-chittagong highway,Chattogram,2,1,Covered Vans,head-on collision,Bangladesh,event,road accident,2018-09-12,16:08:42,Sep,9,Light rain,16,Sep,head-on collision
3711,2 killed in Chattogram road crash,2018-09-12 16:08:42,https://en.prothomalo.com/bangladesh/accident/2-killed-in-chattogram-road-crash-2,dhaka-chittagong highway,Chattogram,2,1,Covered Vans,head-on collision,Bangladesh,event,road accident,2018-09-12,16:08:42,Sep,9,Light rain,16,Sep,head-on collision
3712,2 killed in Chattogram road crash,2018-09-12 16:08:42,https://en.prothomalo.com/bangladesh/2-killed-in-Chattogram-road-crash-2,dhaka-chittagong highway,Chattogram,2,1,Covered Vans,head-on collision,Bangladesh,event,road accident,2018-09-12,16:08:42,Sep,9,Light rain,16,Sep,head-on collision
3713,Road crashes kill 5,2019-02-16 23:55:27,https://en.prothomalo.com/bangladesh/Road-crashes-kill-4,maona in sripur upazila,Gazipur,1,0,Covered Van,hit by a covered van,Bangladesh,event,road accident,2019-02-16,23:55:27,Feb,2,Partly cloudy,23,Feb,hit by a covered van
3714,Road crashes kill 5,2019-02-16 23:55:27,https://en.prothomalo.com/bangladesh/Road-crashes-kill-5,dhaka-mymensingh highway at maona in sripur upazila,Gazipur,1,0,Covered Van,hit by covered van,Bangladesh,event,road accident,2019-02-16,23:55:27,Feb,2,Partly cloudy,23,Feb,hit by covered van
3716,2 killed in Chattogram road crash,2018-08-30 19:44:00,https://en.prothomalo.com/bangladesh/accident/2-killed-in-chattogram-road-crash-4,bakolia area,Chattogram,2,4,"Bus, Cng-Run Auto-Rickshaw",bus rammed a cng-run auto-rickshaw,Bangladesh,event,road accident,2018-08-30,19:44:00,Aug,8,Moderate rain,19,Aug,bus rammed a cngrun autorickshaw
3717,2 killed in Chattogram road crash,2018-08-30 19:44:00,https://en.prothomalo.com/bangladesh/accident/2-killed-in-chattogram-road-crash-2,bakolia area,Chattogram,2,4,"Bus, Cng-Run Auto-Rickshaw",bus rammed a cng-run auto-rickshaw,Bangladesh,event,road accident,2018-08-30,19:44:00,Aug,8,Moderate rain,19,Aug,bus rammed a cngrun autorickshaw
3718,2 killed in Chattogram road crash,2018-08-30 19:44:00,https://en.prothomalo.com/bangladesh/2-killed-in-Chattogram-road-crash-2,bakolia area,Chattogram,2,4,Bus And Cng-Run Auto-Rickshaw,bus rammed a cng-run auto-rickshaw,Bangladesh,event,road accident,2018-08-30,19:44:00,Aug,8,Moderate rain,19,Aug,bus rammed a cngrun autorickshaw
3719,Chattogram road crash kills policeman,2018-09-24 11:36:06,https://en.prothomalo.com/bangladesh/Chattogram-road-crash-kills-policeman,foy's lake gate,Chattogram,1,0,Bus,ran over policeman,Bangladesh,event,road accident,2018-09-24,11:36:06,Sep,9,Moderate rain,11,Sep,ran over policeman
3720,6 killed in road accidents,2015-01-09 16:04:39,https://en.prothomalo.com/bangladesh/6-killed-in-road-accidents-2,shahjadpur and dhamrai,Dhaka,6,0,"Cars, Motorcycles, Etc.",,Bangladesh,event,road accident,2015-01-09,16:04:39,Jan,1,Partly cloudy,16,Jan,
3721,6 killed in road accidents,2015-01-09 16:04:39,https://en.prothomalo.com/bangladesh/6-killed-in-road-accidents,shahjadpur and dhamrai,Dhaka,6,0,"Cars, Motorcycles",,Bangladesh,event,road accident,2015-01-09,16:04:39,Jan,1,Partly cloudy,16,Jan,
3722,2 killed in Magura road crash,2018-09-24 09:56:37,https://en.prothomalo.com/bangladesh/2-killed-in-Magura-road-crash-2,magura-kamarkhali road,Magura,2,0,"Bus, Motorcycle",bus hit a motorcycle,Bangladesh,event,road accident,2018-09-24,09:56:37,Sep,9,Light rain,9,Sep,bus hit a motorcycle
3724,"13 workers killed as truck overturns, crashes into dorm",2019-01-25 13:34:34,,chauddagram upazila,Cumilla,13,2,Truck,truck overturned and crashed into a dormitory,Bangladesh,event,road accident,2019-01-25,13:34:34,Jan,1,Clear sky,13,Jan,truck overturned and crashed into a dormitory
3730,"Rundown road to Shalban Bihar, Mainamati drives away tourists",2019-06-29 16:25:12,,cumilla kotbari to cumilla university,Cumilla,0,0,,poor road condition,Bangladesh,event,road accident,2019-06-29,16:25:12,Jun,6,Light rain,16,Jun,poor road condition
3733,PM Hasina says road safety not govt's responsibility alone,2019-10-22 15:09:22,https://en.prothomalo.com/bangladesh/PM-Hasina-says-road-safety-not-govt-s-drivers,"krishibid institution, bangladesh (kib)",Dhaka,0,0,,,Bangladesh,event,road accident,2019-10-22,15:09:22,Oct,10,Dense rain,15,Oct,
3739,13 killed in Natore road crash,2018-08-25 17:40:58,https://en.prothomalo.com/bangladesh/13-killed-in-Natore-road-crash,natore-pabna highway at kadamchilan,Natore,13,15,Road Crash,,Bangladesh,event,road accident,2018-08-25,17:40:58,Aug,8,Light rain,17,Aug,
3740,Cumilla road crash kills 2 women,2018-08-25 13:20:54,https://en.prothomalo.com/bangladesh/Cumilla-road-crash-kills-2-women,"nazirabazar, dhaka-chattogram highway",Cumilla,2,0,,,Bangladesh,event,road accident,2018-08-25,13:20:54,Aug,8,Light rain,13,Aug,