id,title,date,article_url,place_of_accident,district,number_of_deaths,number_of_injured,vehicle_type,cause_of_accident,country,report_type,type_of_accident,accident_date,accident_time,month,month_num,condition,accident_hour,month_name,cause_of_accident_normalized
3741,3 killed in Gaibandha road crash,2018-08-25 12:23:15,https://en.prothomalo.com/bangladesh/accident/3-killed-in-gaibandha-road-crash,chaumatha area on dhaka-rangpur highway,Gaibandha,3,0,"Bus, Auto-Rickshaw",bus crushed auto-rickshaw,Bangladesh,event,road accident,2018-08-25,12:23:15,Aug,8,Moderate rain,12,Aug,bus crushed autorickshaw
3742,3 killed in Gaibandha road crash,2018-08-25 12:23:15,https://en.prothomalo.com/bangladesh/3-killed-in-Gaibandha-road-crash,chaumatha area on dhaka-rangpur highway,Gaibandha,3,0,"Bus, Auto-Rickshaw",bus crushed auto-rickshaw,Bangladesh,event,road accident,2018-08-25,12:23:15,Aug,8,Moderate rain,12,Aug,bus crushed autorickshaw
3745,Natore road crash kills youth,2018-09-16 14:01:20,https://en.prothomalo.com/bangladesh/Natore-road-crash-kills-youth,natore sadar upazila road,Natore,1,7,Bus,head-on collision,Bangladesh,event,road accident,2018-09-16,14:01:20,Sep,9,Partly cloudy,14,Sep,head-on collision
3748,"Mother, son among 3 killed in road crash",2018-09-03 16:24:14,,noakhali-feni highway in senbagh upazila,Noakhali,3,0,Cng-Run Auto-Rickshaw And A Pick-Van,head-on collision,Bangladesh,event,road accident,2018-09-03,16:24:14,Sep,9,Light rain,16,Sep,head-on collision
3751,Bagerhat road crash death toll climbs to 4,2018-11-09 18:34:01,,mollahat upazila,Bagerhat,4,0,,,Bangladesh,event,road accident,2018-11-09,18:34:01,Nov,11,Partly cloudy,18,Nov,
3752,Road crashes kill 2 minor girls,2018-10-06 23:58:55,,kurigram and sylhet districts,Sylhet,2,0,,,Bangladesh,event,road accident,2018-10-06,23:58:55,Oct,10,Light rain,23,Oct,
3753,Road crash kills 3,2018-12-20 11:18:21,https://en.prothomalo.com/bangladesh/Road-crash-kills-3,khulna-mongla highway at sonatunia,Bagerhat,3,15,Bus,overturned after hitting a roadside tree,Bangladesh,event,road accident,2018-12-20,11:18:21,Dec,12,Clear sky,11,Dec,overturned after hitting a roadside tree
3754,UP member dies as saree entangles with motorbike wheel,2018-10-16 11:39:55,https://en.prothomalo.com/bangladesh/UP-member-dies-as-saree-entangles-with-motorbike,tajpur-balaganj road in mollapara,Sylhet,1,0,Motorcycle,saree got tangled with the wheel of a motorcycle,Bangladesh,event,road accident,2018-10-16,11:39:55,Oct,10,Duststorm or sandstorm,11,Oct,saree got tangled with the wheel of a motorcycle
3755,2 killed in road crash,2018-09-23 10:09:56,https://en.prothomalo.com/bangladesh/2-killed-in-road-crash-11,champachali,Nilphamari,2,0,"Bus, Auto-Rickshaw",bus hit an auto-rickshaw,Bangladesh,event,road accident,2018-09-23,10:09:56,Sep,9,Light rain,10,Sep,bus hit an autorickshaw
3756,2 killed in road crash,2018-09-23 10:09:56,https://en.prothomalo.com/bangladesh/2-killed-in-road-crash-13,champachali,Nilphamari,2,0,"Bus, Auto-Rickshaw",bus hit an auto-rickshaw,Bangladesh,event,road accident,2018-09-23,10:09:56,Sep,9,Light rain,10,Sep,bus hit an autorickshaw
3757,2 killed in road crash,2018-09-23 10:09:56,https://en.prothomalo.com/bangladesh/2-killed-in-road-crash-10,champachali,Nilphamari,2,0,"Bus, Auto-Rickshaw",bus hit an auto-rickshaw,Bangladesh,event,road accident,2018-09-23,10:09:56,Sep,9,Light rain,10,Sep,bus hit an autorickshaw
3758,2 killed in road crash,2018-09-23 10:09:56,https://en.prothomalo.com/bangladesh/2-killed-in-road-crash-7,champachali,Nilphamari,2,0,"Bus, Auto-Rickshaw",bus hit an auto-rickshaw,Bangladesh,event,road accident,2018-09-23,10:09:56,Sep,9,Light rain,10,Sep,bus hit an autorickshaw
3759,2 killed in road crash,2018-09-23 10:09:56,https://en.prothomalo.com/bangladesh/2-killed-in-road-crash-4,champachali,Nilphamari,2,0,"Bus, Auto-Rickshaw",bus hit auto-rickshaw,Bangladesh,event,road accident,2018-09-23,10:09:56,Sep,9,Light rain,10,Sep,bus hit autorickshaw
3760,2 killed in road crash,2018-09-23 10:09:56,https://en.prothomalo.com/bangladesh/2-killed-in-road-crash-2,champachali,Nilphamari,2,0,"Bus, Auto-Rickshaw",bus hit an auto-rickshaw,Bangladesh,event,road accident,2018-09-23,10:09:56,Sep,9,Light rain,10,Sep,bus hit an autorickshaw
3761,2 killed in road crash,2018-09-23 10:09:56,https://en.prothomalo.com/bangladesh/2-killed-in-road-crash,champachali,Nilphamari,2,0,"Bus, Auto-Rickshaw",bus hit an auto-rickshaw,Bangladesh,event,road accident,2018-09-23,10:09:56,Sep,9,Light rain,10,Sep,bus hit an autorickshaw
3762,SAU students block roads protesting at fellow’s death,2019-03-24 20:30:59,https://en.prothomalo.com/bangladesh/SAU-students-block-roads-protesting-at-fellow’s,sylhet,Sylhet,1,0,,road accident,Bangladesh,event,road accident,2019-03-24,20:30:59,Mar,3,Clear sky,20,Mar,road accident
3765,2 killed in Sylhet road crash,2018-09-22 20:48:23,https://en.prothomalo.com/bangladesh/2-killed-in-Sylhet-road-crash-4,gazia in osmaninagar upazila,Sylhet,2,3,"Bus, Van",bus hit a van defying a red flag signal,Bangladesh,event,road accident,2018-09-22,20:48:23,Sep,9,Light rain,20,Sep,bus hit a van defying a red flag signal
3766,2 killed in Sylhet road crash,2018-09-22 20:48:23,https://en.prothomalo.com/bangladesh/2-killed-in-Sylhet-road-crash-2,gazia in osmaninagar upazila,Sylhet,2,3,"Bus, Van",bus hit a van defying a red flag signal,Bangladesh,event,road accident,2018-09-22,20:48:23,Sep,9,Light rain,20,Sep,bus hit a van defying a red flag signal
3767,2 killed in Sylhet road crash,2018-09-22 20:48:23,https://en.prothomalo.com/bangladesh/2-killed-in-Sylhet-road-crash,gazia,Sylhet,2,3,"Bus, Van",bus hit a van defying a red flag signal,Bangladesh,event,road accident,2018-09-22,20:48:23,Sep,9,Light rain,20,Sep,bus hit a van defying a red flag signal
3769,Road crashes in 2 districts kill 3,2019-01-06 13:45:30,https://en.prothomalo.com/bangladesh/Road-crashes-in-2-districts-kill-3,netrakona-madan road in lakshmiganj area in sadar upazila,Netrakona,3,0,"Bus, Auto-Rickshaw",head-on collision,Bangladesh,event,road accident,2019-01-06,13:45:30,Jan,1,,13,Jan,head-on collision
3770,Pedestrian killed in road crash,2018-08-16 14:57:28,https://en.prothomalo.com/bangladesh/Pedestrian-killed-in-road-crash,gulistan,Dhaka,1,0,Bus,bus hit pedestrian,Bangladesh,event,road accident,2018-08-16,14:57:28,Aug,8,Light rain,14,Aug,bus hit pedestrian
3776,Carelessly crossing the highways,2018-09-01 15:53:37,https://en.prothomalo.com/bangladesh/Carelessly-crossing-the-highways,dhaka-savar highway,Dhaka,0,0,Bus,,Bangladesh,event,road accident,2018-09-01,15:53:37,Sep,9,Moderate rain,15,Sep,
3777,6 killed in bus-tractor head-on collision,2018-09-01 10:38:16,https://en.prothomalo.com/bangladesh/6-killed-in-bus-tractor-head-on-collision,gaibandha-palashbari road,Gaibandha,6,15,Bus And A Tractor,head-on collision,Bangladesh,event,road accident,2018-09-01,10:38:16,Sep,9,Moderate rain,10,Sep,head-on collision
3781,2 killed in road crash,2018-08-10 10:29:15,https://en.prothomalo.com/bangladesh/2-killed-in-road-crash-11,dhaka-rangpur highway in palongpara of sadullapur upazila,Gaibandha,2,7,Bus,overturned after hitting a roadside tree,Bangladesh,event,road accident,2018-08-10,10:29:15,Aug,8,Light rain,10,Aug,overturned after hitting a roadside tree
3782,2 killed in road crash,2018-08-10 10:29:15,https://en.prothomalo.com/bangladesh/2-killed-in-road-crash-13,dhaka-rangpur highway in palongpara of sadullapur upazila,Gaibandha,2,7,Bus,overturned after hitting a roadside tree,Bangladesh,event,road accident,2018-08-10,10:29:15,Aug,8,Light rain,10,Aug,overturned after hitting a roadside tree
3783,2 killed in road crash,2018-08-10 10:29:15,https://en.prothomalo.com/bangladesh/2-killed-in-road-crash-10,dhaka-rangpur highway in palongpara,Gaibandha,2,7,Bus,overturned after hitting a roadside tree,Bangladesh,event,road accident,2018-08-10,10:29:15,Aug,8,Light rain,10,Aug,overturned after hitting a roadside tree
3784,2 killed in road crash,2018-08-10 10:29:15,https://en.prothomalo.com/bangladesh/2-killed-in-road-crash-7,dhaka-rangpur highway in palongpara of sadullapur upazila,Gaibandha,2,7,Bus,overturned after hitting a roadside tree,Bangladesh,event,road accident,2018-08-10,10:29:15,Aug,8,Light rain,10,Aug,overturned after hitting a roadside tree
3785,2 killed in road crash,2018-08-10 10:29:15,https://en.prothomalo.com/bangladesh/2-killed-in-road-crash-4,dhaka-rangpur highway in palongpara of sadullapur upazila,Gaibandha,2,7,Bus,overturned after hitting a roadside tree,Bangladesh,event,road accident,2018-08-10,10:29:15,Aug,8,Light rain,10,Aug,overturned after hitting a roadside tree
3786,2 killed in road crash,2018-08-10 10:29:15,https://en.prothomalo.com/bangladesh/2-killed-in-road-crash-2,dhaka-rangpur highway in palongpara,Gaibandha,2,7,Bus,overturned after hitting a roadside tree,Bangladesh,event,road accident,2018-08-10,10:29:15,Aug,8,Light rain,10,Aug,overturned after hitting a roadside tree
3787,2 killed in road crash,2018-08-10 10:29:15,https://en.prothomalo.com/bangladesh/2-killed-in-road-crash,dhaka-rangpur highway in palongpara of sadullapur upazila,Gaibandha,2,7,Bus,overturned after hitting a roadside tree,Bangladesh,event,road accident,2018-08-10,10:29:15,Aug,8,Light rain,10,Aug,overturned after hitting a roadside tree
3788,Panchagarh road crash toll rises to 11,2018-10-28 13:24:12,https://en.prothomalo.com/bangladesh/Panchagarh-road-crash-toll-rises-to-11,dashmile,Panchagarh,11,20,"Bus, Truck",head-on collision between bus and truck,Bangladesh,event,road accident,2018-10-28,13:24:12,Oct,10,,13,Oct,headon collision between bus and truck
3792,Rajshahi road crash kills one,2018-08-28 11:33:48,https://en.prothomalo.com/bangladesh/Rajshahi-road-crash-kills-one,belpukur,Rajshahi,1,20,Bus,overturned,Bangladesh,event,road accident,2018-08-28,11:33:48,Aug,8,,11,Aug,overturned
3794,NSU student killed in road crash,2018-09-08 12:33:32,https://en.prothomalo.com/bangladesh/NSU-student-killed-in-Hatirjheel-road-crash,hatirjheel,Dhaka,1,0,Bus,run over,Bangladesh,event,road accident,2018-09-08,12:33:32,Sep,9,Moderate rain,12,Sep,run over
3797,Faridpur road crash kills 2,2018-10-11 15:24:23,https://en.prothomalo.com/bangladesh/Faridpur-road-crash-kills-2-3,dhaka-khulna highway,Faridpur,2,9,"Truck, Human Hauler",truck tire burst,Bangladesh,event,road accident,2018-10-11,15:24:23,Oct,10,Moderate rain,15,Oct,truck tire burst
3798,Faridpur road crash kills 2,2018-10-11 15:24:23,https://en.prothomalo.com/bangladesh/Faridpur-road-crash-kills-2-2,dhaka-khulna highway in faridpur,Faridpur,2,9,"Truck, Human Hauler",truck tire burst,Bangladesh,event,road accident,2018-10-11,15:24:23,Oct,10,Moderate rain,15,Oct,truck tire burst
3799,Faridpur road crash kills 2,2018-10-11 15:24:23,https://en.prothomalo.com/bangladesh/Faridpur-road-crash-kills-2,dhaka-khulna highway,Faridpur,2,9,"Truck, Human Hauler",truck tire burst,Bangladesh,event,road accident,2018-10-11,15:24:23,Oct,10,Moderate rain,15,Oct,truck tire burst
3800,Jhenaidah road crash kills man,2018-07-18 10:29:18,https://en.prothomalo.com/bangladesh/Jhenaidah-road-crash-kills-man,aruakandi village,Jhenaidah,1,0,Vehicle,hit by a vehicle,Bangladesh,event,road accident,2018-07-18,10:29:18,Jul,7,Light rain,10,Jul,hit by a vehicle
3803,2 killed in Gopalganj road crash,2018-10-20 22:38:08,https://en.prothomalo.com/bangladesh/accident/2-killed-in-gopalganj-road-crash,"ratil, kashiani upazila",Gopalganj,2,5,"Microbus, Motorcycle, Rickshaw Van",crash,Bangladesh,event,road accident,2018-10-20,22:38:08,Oct,10,rain not reaching ground,22,Oct,crash
3804,2 killed in Gopalganj road crash,2018-10-20 22:38:08,https://en.prothomalo.com/bangladesh/2-killed-in-Gopalganj-road-crash-2,"ratil, kashiani upazila",Gopalganj,2,5,"Microbus, Motorcycle, Rickshaw Van",crash,Bangladesh,event,road accident,2018-10-20,22:38:08,Oct,10,rain not reaching ground,22,Oct,crash
3805,2 killed in Gopalganj road crash,2018-10-20 22:38:08,https://en.prothomalo.com/bangladesh/2-killed-in-Gopalganj-road-crash,"ratil, kashiani upazila",Gopalganj,2,5,"Microbus, Motorcycle, Rickshaw Van",crash between vehicles,Bangladesh,event,road accident,2018-10-20,22:38:08,Oct,10,rain not reaching ground,22,Oct,crash between vehicles
3808,2 killed in Lalmonirhat road crash,2018-09-03 22:40:25,https://en.prothomalo.com/bangladesh/2-killed-in-Lalmonirhat-road-crash-2,lalmonirhat-burimari highway,Lalmonirhat,2,7,"Truck, Human-Hauler",,Bangladesh,event,road accident,2018-09-03,22:40:25,Sep,9,Light rain,22,Sep,
3809,2 killed in Lalmonirhat road crash,2018-09-03 22:40:25,https://en.prothomalo.com/bangladesh/2-killed-in-Lalmonirhat-road-crash,lalmonirhat-burimari highway,Lalmonirhat,2,7,"Truck, Human-Hauler",truck rammed a human-hauler,Bangladesh,event,road accident,2018-09-03,22:40:25,Sep,9,Light rain,22,Sep,truck rammed a humanhauler
3811,Road crashes claim 7 lives,2019-03-09 19:57:23,https://en.prothomalo.com/bangladesh/Road-crashes-claim-7-lives-4,"barishal, dinajpur, narail and bogura districts",Barishal,7,9,,,Bangladesh,event,road accident,2019-03-09,19:57:23,Mar,3,Clear sky,19,Mar,
3812,Road crashes claim 7 lives,2019-03-09 19:57:23,https://en.prothomalo.com/bangladesh/Road-crashes-claim-7-lives-2,"barishal, dinajpur, narail and bogura districts",Barishal,7,9,,,Bangladesh,event,road accident,2019-03-09,19:57:23,Mar,3,Clear sky,19,Mar,
3813,Circular bus service launched in Dhanmondi,2019-03-27 19:03:14,https://en.prothomalo.com/bangladesh/Circular-bus-service-launched-in-Dhanmondi,dhanmondi-new market-azimpur route,Dhaka,0,0,Bus,traffic discipline issues,Bangladesh,event,road accident,2019-03-27,19:03:14,Mar,3,Light rain,19,Mar,traffic discipline issues
3814,Cop killed as bus hits bike,2018-09-02 22:31:27,https://en.prothomalo.com/bangladesh/Cop-killed-as-bus-hits-his-bike,mirpur zoo road at rainkhula,Dhaka,1,0,"Bus, Motorcycle",bus hit motorcycle from rear side,Bangladesh,event,road accident,2018-09-02,22:31:27,Sep,9,Light rain,22,Sep,bus hit motorcycle from rear side
3816,"Train hits bus in Chattogram, 2 killed",2018-09-02 14:07:52,https://en.prothomalo.com/bangladesh/2-killed-as-train-hits-bus-in-Chattogram,bariyarhat rail crossing,Chattogram,2,25,Bus And Train,train rammed the vehicle,Bangladesh,event,road accident,2018-09-02,14:07:52,Sep,9,Moderate rain,14,Sep,train rammed the vehicle
3818,2 women killed in road crash,2018-10-06 10:35:48,https://en.prothomalo.com/bangladesh/2-women-killed-in-road-crash,mulibari check post,Sirajganj,2,0,"Truck, Auto Rickshaw",speeding truck hit auto rickshaw,Bangladesh,event,road accident,2018-10-06,10:35:48,Oct,10,Moderate rain,10,Oct,speeding truck hit auto rickshaw
3820,3 of a family killed as truck overturns,2018-10-16 10:19:37,https://en.prothomalo.com/bangladesh/3-of-a-family-killed-as-truck-overturns,shuvulla,Tangail,3,5,Truck,overturned,Bangladesh,event,road accident,2018-10-16,10:19:37,Oct,10,"Snow, moderate",10,Oct,overturned
3822,"Now, university student ‘pushed off’ to death from running bus",2019-03-23 22:35:18,https://en.prothomalo.com/bangladesh/University-student-‘pushed-off’-to-death-from,sylhet-mymenshingh highway,Moulvibazar,1,0,Bus,pushed off a running bus,Bangladesh,event,road accident,2019-03-23,22:35:18,Mar,3,,22,Mar,pushed off a running bus
3825,Road crash kills NSU student,2018-09-22 10:48:49,https://en.prothomalo.com/bangladesh/Road-crash-kills-NSU-student,bypass road in jamalpur,Jamalpur,1,1,"Truck, Motorcycle",truck hit motorcycle,Bangladesh,event,road accident,2018-09-22,10:48:49,Sep,9,Light rain,10,Sep,truck hit motorcycle accident
3826,"Provide Tk 100,000 to each family of 5 road crash victims: HC",2019-02-11 23:08:00,https://en.prothomalo.com/bangladesh/Provide-Tk-100-000-to-each-family-of-5-road-crash,"uttara, gazipur, barishal, sylhet, and chattogram",Dhaka,5,0,,road crashes,Bangladesh,event,road accident,2019-02-11,23:08:00,Feb,2,Mainly clear,23,Feb,road crashes
3830,2 students killed in road crashes,2018-11-05 12:28:52,https://en.prothomalo.com/bangladesh/2-students-killed-in-road-crashes,shiromoni badamtola and katakhali area,Khulna,2,0,"Bus, Bicycle, Truck","bus hit bicycle, truck crushed schoolgirl",Bangladesh,event,road accident,2018-11-05,12:28:52,Nov,11,Light rain,12,Nov,bus hit bicycle truck crushed schoolgirl
3838,RAB detains actress Nawshaba,2018-08-05 00:27:57,https://en.prothomalo.com/bangladesh/RAB-detains-actress-Nawshaba,dhaka,Dhaka,0,0,,spreading rumors about student protests,Bangladesh,event,road accident,2018-08-05,00:27:57,Aug,8,Moderate rain,0,Aug,spreading rumors about student protests
3839,Road crash kills 2,2018-10-11 12:04:59,https://en.prothomalo.com/bangladesh/Road-crash-kills-2-7,shyamsundar,Rajbari,2,0,Car,driver lost control over the steering,Bangladesh,event,road accident,2018-10-11,12:04:59,Oct,10,Moderate rain,12,Oct,driver lost control over the steering
3840,Road crash kills 2,2018-10-11 12:04:59,https://en.prothomalo.com/bangladesh/Road-crash-kills-2-6,shyamsundar,Rajbari,2,0,Car,driver lost control over the steering,Bangladesh,event,road accident,2018-10-11,12:04:59,Oct,10,Moderate rain,12,Oct,driver lost control over the steering
3841,Road crash kills 2,2018-10-11 12:04:59,https://en.prothomalo.com/bangladesh/Road-crash-kills-2-5,shyamsundar,Rajbari,2,0,Car,driver lost control over the steering,Bangladesh,event,road accident,2018-10-11,12:04:59,Oct,10,Moderate rain,12,Oct,driver lost control over the steering
3842,Road crash kills 2,2018-10-11 12:04:59,https://en.prothomalo.com/bangladesh/Road-crash-kills-2-4,shyamsundar,Rajbari,2,0,Car,driver lost control over the steering,Bangladesh,event,road accident,2018-10-11,12:04:59,Oct,10,Moderate rain,12,Oct,driver lost control over the steering
3843,Road crash kills 2,2018-10-11 12:04:59,https://en.prothomalo.com/bangladesh/Road-crash-kills-2-3,shyamsundar,Rajbari,2,0,Car,driver lost control over the steering,Bangladesh,event,road accident,2018-10-11,12:04:59,Oct,10,Moderate rain,12,Oct,driver lost control over the steering
3844,Road crash kills 2,2018-10-11 12:04:59,https://en.prothomalo.com/bangladesh/Road-crash-kills-2-2,shyamsundar,Rajbari,2,0,Car,driver lost control over the steering,Bangladesh,event,road accident,2018-10-11,12:04:59,Oct,10,Moderate rain,12,Oct,driver lost control over the steering
3845,Road crash kills 2,2018-10-11 12:04:59,https://en.prothomalo.com/bangladesh/Road-crash-kills-2,shyamsundar,Rajbari,2,0,Car,driver lost control over the steering,Bangladesh,event,road accident,2018-10-11,12:04:59,Oct,10,Moderate rain,12,Oct,driver lost control over the steering
3846,"3 killed, 5 critically injured in road crash",2018-08-04 13:53:17,https://en.prothomalo.com/bangladesh/3-killed-5-critically-injured-in-Dhamrai-road,dhamrai upazila,Dhaka,3,30,Bus,head-on collision,Bangladesh,event,road accident,2018-08-04,13:53:17,Aug,8,Moderate rain,13,Aug,head-on collision
3848,HC asks Green Line Paribahan to pay Russel Tk 5m,2019-03-12 19:13:58,,dholaipar,Dhaka,0,1,Bus,,Bangladesh,event,road accident,2019-03-12,19:13:58,Mar,3,Partly cloudy,19,Mar,
3851,3 killed as truck hits 3-wheeler,2018-08-25 12:45:48,,kushtia-jhenaidah highway in bottala,Kushtia,3,0,Truck And Three-Wheeler,head-on collision,Bangladesh,event,road accident,2018-08-25,12:45:48,Aug,8,Moderate rain,12,Aug,head-on collision
3852,Man crushed between 2 launches,2018-08-25 12:29:58,,sadarghat launch terminal,Dhaka,1,0,,collision between two launches,Bangladesh,event,road accident,2018-08-25,12:29:58,Aug,8,Dense rain,12,Aug,collision between two launches
3853,6 killed in truck-microbus collision,2018-08-25 09:47:46,,sultana patrol pump in muhuriganj,Feni,6,7,"Truck, Microbus",collision due to u-turn,Bangladesh,event,road accident,2018-08-25,09:47:46,Aug,8,Light rain,9,Aug,collision due to uturn
3857,Road crash leaves schoolgirl dead in Cumilla,2018-08-01 09:40:23,,"gomta, chandina upazila, cumilla",Cumilla,1,1,Bus,speeding bus knocked her down,Bangladesh,event,road accident,2018-08-01,09:40:23,Aug,8,Moderate rain,9,Aug,speeding bus knocked her down
3858,Road crash kills freedom fighter,2018-09-13 16:00:55,https://en.prothomalo.com/bangladesh/Road-crash-kills-freedom-fighter,boda bypass,Panchagarh,1,4,"Truck, Microbus",truck rammed microbus,Bangladesh,event,road accident,2018-09-13,16:00:55,Sep,9,,16,Sep,truck rammed microbus
3861,Cox’s Bazar road crash kills 4,2018-09-11 13:51:47,https://en.prothomalo.com/bangladesh/accident/coxs-bazar-road-crash-kills-4,baratoli rastarmatha area,Cox's Bazar,4,8,Bus And Human Hauler (Leguna),head-on collision,Bangladesh,event,road accident,2018-09-11,13:51:47,Sep,9,Light rain,13,Sep,head-on collision
3862,3 college girls die in Rajshahi road accident,2014-12-07 20:44:30,https://en.prothomalo.com/bangladesh/3-college-girls-die-in-Rajshahi-road-accident,rajshahi jute mill at katakhali,Rajshahi,3,9,Bus,collision between two buses,Bangladesh,event,road accident,2014-12-07,20:44:30,Dec,12,,20,Dec,collision between two buses
3863,Bus-microbus collision kills 4,2018-08-16 13:34:35,https://en.prothomalo.com/bangladesh/Bus-microbus-collision-kills-3,sonamurir tek,Narsingdi,4,0,"Microbus, Bus",head-on collision,Bangladesh,event,road accident,2018-08-16,13:34:35,Aug,8,Light rain,13,Aug,head-on collision
3865,2 killed in Jatrabari road crash,2018-10-22 21:43:28,https://en.prothomalo.com/bangladesh/2-killed-in-Jatrabari-road-crash,jatrabari intersection,Madaripur,2,0,"Bus, Auto-Rickshaw",bus hit another stationary bus from behind,Bangladesh,event,road accident,2018-10-22,21:43:28,Oct,10,Mainly clear,21,Oct,bus hit another stationary bus from behind
3866,Road crash claims 3 lives,2018-07-22 11:39:01,https://en.prothomalo.com/bangladesh/Road-crash-claims-3-lives-3,"rangpur-dinajpur highway in hajirhat, rangpur",Rangpur,3,0,"Bus, Auto-Rickshaw",bus rammed an auto-rickshaw,Bangladesh,event,road accident,2018-07-22,11:39:01,Jul,7,Heavy rain,11,Jul,bus rammed an autorickshaw
3867,Road crash claims 3 lives,2018-07-22 11:39:01,https://en.prothomalo.com/bangladesh/Road-crash-claims-3-lives-2,"rangpur-dinajpur highway in hajirhat, rangpur",Rangpur,3,0,"Bus, Auto-Rickshaw",bus rammed an auto-rickshaw,Bangladesh,event,road accident,2018-07-22,11:39:01,Jul,7,Heavy rain,11,Jul,bus rammed an autorickshaw
3868,Road crash claims 3 lives,2018-07-22 11:39:01,https://en.prothomalo.com/bangladesh/Road-crash-claims-3-lives,rangpur-dinajpur highway in hajirhat,Rangpur,3,0,"Bus, Auto-Rickshaw",bus rammed auto-rickshaw,Bangladesh,event,road accident,2018-07-22,11:39:01,Jul,7,Heavy rain,11,Jul,bus rammed autorickshaw
3871,11 killed in Narsingdi road crash,2018-08-25 12:20:38,https://en.prothomalo.com/bangladesh/8-killed-in-Narsingdi-road-crash,narsingdi,Narsingdi,11,5,"Bus, Human Hauler",head-on collision,Bangladesh,event,road accident,2018-08-25,12:20:38,Aug,8,Moderate rain,12,Aug,head-on collision
3872,8 killed in road crashes,2019-02-28 10:06:18,https://en.prothomalo.com/bangladesh/8-killed-in-road-crashes-2,cumilla-sylhet highway in suhilpur area of sadar upazila,Brahmanbaria,1,0,Bus,speeding bus hit him,Bangladesh,event,road accident,2019-02-28,10:06:18,Feb,2,Light rain,10,Feb,speeding bus hit him
3876,Two killed in Cumilla road crash,2018-08-25 10:18:18,https://en.prothomalo.com/bangladesh/Two-killed-in-Cumilla-road-crash,jimaltola,Cumilla,2,25,,,Bangladesh,event,road accident,2018-08-25,10:18:18,Aug,8,Light rain,10,Aug,
3878,Bank official killed in road crash,2018-10-17 22:24:01,https://en.prothomalo.com/bangladesh/Bank-official-killed-in-road-crash,dewanhat,Chattogram,1,2,"Bus, Auto-Rickshaw",speeding bus hit auto-rickshaw,Bangladesh,event,road accident,2018-10-17,22:24:01,Oct,10,rain,22,Oct,speeding bus hit autorickshaw
3879,Lalmonirhat road crash kills 3,2018-08-09 23:09:11,,shimanta canteen area,Lalmonirhat,3,0,Truck And Rickshaw,speeding truck hit a rickshaw,Bangladesh,event,road accident,2018-08-09,23:09:11,Aug,8,Light rain,23,Aug,speeding truck hit a rickshaw
3880,HC asks Green Line Paribahan to pay Tk 5m to Russel,2019-04-04 17:10:43,,,,0,1,Bus,,Bangladesh,event,road accident,2019-04-04,17:10:43,Apr,4,,17,Apr,
3882,Mymensingh road crash leaves 3 dead,2018-06-20 12:07:01,https://en.prothomalo.com/bangladesh/Mymensingh-road-crash-leaves-3-dead,satrashia,Mymensingh,3,3,"Microbus, Auto-Rickshaw",microbus rammed a cng-run auto-rickshaw,Bangladesh,event,road accident,2018-06-20,12:07:01,Jun,6,Moderate rain,12,Jun,microbus rammed a cngrun autorickshaw
3884,Chattogram road crash kills 2,2018-09-23 13:49:27,https://en.prothomalo.com/bangladesh/accident/chattogram-road-crash-kills-2,panchlaish,Chattogram,2,0,"Car, Microbus, Auto-Rickshaw",collision,Bangladesh,event,road accident,2018-09-23,13:49:27,Sep,9,Light rain,13,Sep,collision
3886,4 killed as motorcycle hits roadside tree,2018-07-26 10:40:56,,bholaria village,Kishoreganj,4,0,Motorcycle,hit a roadside tree,Bangladesh,event,road accident,2018-07-26,10:40:56,Jul,7,Moderate rain,10,Jul,hit a roadside tree
3890,"3 killed, 20 injured in road crash",2018-09-21 10:40:30,https://en.prothomalo.com/bangladesh/3-killed-20-injured-in-road-crash,dhaka-rajshahi highway,Rajshahi,3,20,"Bus, Truck",bus hit a stationary truck,Bangladesh,event,road accident,2018-09-21,10:40:30,Sep,9,,10,Sep,bus hit a stationary truck
3892,Keep budget allocation for road crash compensation,2019-06-24 12:23:07,https://en.prothomalo.com/opinion/Keep-budget-allocation-for-road-crash-compensation,,,1,0,,,Bangladesh,event,road accident,2019-06-24,12:23:07,Jun,6,,12,Jun,
3893,DMP chief admits failure to restore order on roads,2019-03-21 21:06:38,https://en.prothomalo.com/bangladesh/DMP-chief-admits-failure-to-restore-order-on-roads,dhaka,Dhaka,0,0,,lack of discipline on roads,Bangladesh,event,road accident,2019-03-21,21:06:38,Mar,3,Partly cloudy,21,Mar,lack of discipline on roads
3894,Owners suspend Dhaka- Mymensingh bus services,2018-08-02 15:55:18,https://en.prothomalo.com/bangladesh/Owners-suspend-Dhaka-Mymensingh-bus-service,dhaka,Mymensingh,2,0,Bus,ongoing demonstration of students,Bangladesh,event,road accident,2018-08-02,15:55:18,Aug,8,Heavy rain,15,Aug,ongoing demonstration of students
3896,5 killed in Tangail road crash,2018-06-28 11:07:10,https://en.prothomalo.com/bangladesh/5-killed-in-Tangail-road-crash,kalihati upazila headquarters,Tangail,5,29,Truck,overturned,Bangladesh,event,road accident,2018-06-28,11:07:10,Jun,6,Light rain,11,Jun,overturned
3897,5 killed in Tangail road crash,2018-06-28 11:07:10,https://en.prothomalo.com/bangladesh/2-killed-in-Tangail-road-crash-3,kalihati upazila headquarters,Tangail,5,29,Truck,truck overturned,Bangladesh,event,road accident,2018-06-28,11:07:10,Jun,6,Light rain,11,Jun,truck overturned
3898,"Policeman, lawyer among 4 killed road crashes",2018-10-26 11:38:19,https://en.prothomalo.com/bangladesh/Policeman-lawyer-among-4-killed-road-crashes,rajshahi and cumilla districts,Rajshahi,4,0,,separate road crashes,Bangladesh,event,road accident,2018-10-26,11:38:19,Oct,10,,11,Oct,separate road crashes