id,title,date,article_url,place_of_accident,district,number_of_deaths,number_of_injured,vehicle_type,cause_of_accident,country,report_type,type_of_accident,accident_date,accident_time,month,month_num,condition,accident_hour,month_name,cause_of_accident_normalized
3900,2 motorcycle riders killed in Chapainawabganj,2018-07-21 18:54:06,https://en.prothomalo.com/bangladesh/2-motorcycle-riders-killed-in-Chapainawabganj,shibganj upazila,Nawabganj,2,0,"Truck, Motorcycle",attempting to avoid a head-on collision,Bangladesh,event,road accident,2018-07-21,18:54:06,Jul,7,Light rain,18,Jul,attempting to avoid a headon collision
3902,City road crash kills 2,2018-07-18 09:40:28,https://en.prothomalo.com/bangladesh/City-road-crash-kills-2,"beribadh, rupnagar",Dhaka,2,8,"Bus, Human Hauler",head-on collision,Bangladesh,event,road accident,2018-07-18,09:40:28,Jul,7,Dense rain,9,Jul,head-on collision
3903,Chattogram road crash leaves 2 dead,2018-06-09 16:24:47,https://en.prothomalo.com/bangladesh/Chattogram-road-crash-leaves-2-dead,keranihat area,Chattogram,2,7,"Bus, Microbus",head-on collision,Bangladesh,event,road accident,2018-06-09,16:24:47,Jun,6,Heavy rain,16,Jun,head-on collision
3904,Biker killed in Jhenaidah road crash,2018-06-21 09:44:18,https://en.prothomalo.com/bangladesh/Biker-killed-in-Jhenaidah-road-crash,arappur,Jhenaidah,1,0,"Motorcycle, Microbus",microbus hit motorcycle,Bangladesh,event,road accident,2018-06-21,09:44:18,Jun,6,Moderate rain,9,Jun,microbus hit motorcycle
3905,Magura road crash kills 2 of a family,2018-06-21 09:39:00,https://en.prothomalo.com/bangladesh/Magura-road-crash-kills-2-of-a-family,kestopur area,Magura,2,5,"Bus, Three-Wheeler",bus hitting a three-wheeler,Bangladesh,event,road accident,2018-06-21,09:39:00,Jun,6,Moderate rain,9,Jun,bus hitting a threewheeler
3906,Woman killed in road crash,2018-05-13 16:04:05,https://en.prothomalo.com/bangladesh/Woman-killed-in-road-crash-2,rajshahi-chapainawabganj highway at godagari municipal area,Rajshahi,1,0,Bus,bus ran over her,Bangladesh,event,road accident,2018-05-13,16:04:05,May,5,,16,May,bus ran over her
3907,Woman killed in road crash,2018-05-13 16:04:05,https://en.prothomalo.com/bangladesh/Woman-killed-in-road-crash,rajshahi-chapainawabganj highway at godagari municipal area,Rajshahi,1,0,Bus,bus ran over her,Bangladesh,event,road accident,2018-05-13,16:04:05,May,5,,16,May,bus ran over her
3908,B'baria road accident kills 4,2014-11-23 20:26:01,https://en.prothomalo.com/bangladesh/B-baria-road-accident-kills-4,dhaka-sylhet highway,Brahmanbaria,4,3,Car,head-on collision,Bangladesh,event,road accident,2014-11-23,20:26:01,Nov,11,Partly cloudy,20,Nov,head-on collision
3912,Road crashes claim 7 lives,2019-02-12 09:43:25,https://en.prothomalo.com/bangladesh/Road-crashes-claim-7-lives-2,bhaberchar bus terminal in gazaria upazila,Munshiganj,3,1,Car,,Bangladesh,event,road accident,2019-02-12,09:43:25,Feb,2,Partly cloudy,9,Feb,
3914,2 killed Mymensingh road crash,2018-06-29 21:26:44,,dhaka-mymensingh highway at signboard in trishal,Mymensingh,2,15,Bus,overturned,Bangladesh,event,road accident,2018-06-29,21:26:44,Jun,6,Moderate rain,21,Jun,overturned
3916,2 killed in Dhaka traffic accident,2014-11-21 12:29:11,,paltan and mirpur areas,Dhaka,2,0,,,Bangladesh,event,road accident,2014-11-21,12:29:11,Nov,11,Thunderstorm but no precipitation,12,Nov,
3917,Ex-UP member killed in road crash,2018-06-29 17:18:47,,sonahat land port area,Kurigram,1,0,Pick-Up,hit by vehicle,Bangladesh,event,road accident,2018-06-29,17:18:47,Jun,6,Light rain,17,Jun,hit by vehicle
3919,3 killed in Gazipur road crash,2018-06-28 12:21:59,https://en.prothomalo.com/bangladesh/3-killed-in-Gazipur-road-crash-5,mirerbazar vogra bypass road at pubail,Gazipur,3,2,"Auto-Rickshaw, Truck",collision,Bangladesh,event,road accident,2018-06-28,12:21:59,Jun,6,Dense rain,12,Jun,collision
3920,3 killed in Gazipur road crash,2018-06-28 12:21:59,https://en.prothomalo.com/bangladesh/3-killed-in-Gazipur-road-crash-3,mirerbazar vogra bypass road,Gazipur,3,2,"Auto-Rickshaw, Truck",collision,Bangladesh,event,road accident,2018-06-28,12:21:59,Jun,6,Dense rain,12,Jun,collision
3921,3 killed in Gazipur road crash,2018-06-28 12:21:59,https://en.prothomalo.com/bangladesh/3-killed-in-Gazipur-road-crash,mirerbazar vogra bypass road at pubail,Gazipur,3,2,Cng-Run Auto-Rickshaw And Truck,collision between auto-rickshaw and truck,Bangladesh,event,road accident,2018-06-28,12:21:59,Jun,6,Dense rain,12,Jun,collision between autorickshaw and truck
3924,"Now workers siege highway, attack students",2018-08-01 14:17:34,https://en.prothomalo.com/bangladesh/Now-workers-siege-highway-attack-students,dhaka-chattogram highway,Dhaka,0,0,,demonstration affecting traffic movement,Bangladesh,event,road accident,2018-08-01,14:17:34,Aug,8,Light rain,14,Aug,demonstration affecting traffic movement
3925,Cumilla road crashes kill 8,2019-01-20 17:39:57,https://en.prothomalo.com/bangladesh/Cumilla-road-crashes-kill-8,dhaka-chattogram highway in cumilla,Cumilla,8,0,"Bus, Covered-Van",collision from behind,Bangladesh,event,road accident,2019-01-20,17:39:57,Jan,1,Clear sky,17,Jan,collision from behind
3929,50 injured as Bus plunges into ditch,2018-08-11 12:12:40,https://en.prothomalo.com/bangladesh/50-injured-as-Bus-plunges-into-ditch,ramrail bazar area,Brahmanbaria,0,50,Bus,plunged into a ditch,Bangladesh,event,road accident,2018-08-11,12:12:40,Aug,8,Moderate rain,12,Aug,plunged into a ditch
3933,‘Coordinated efforts needed to build safe and sustainable cities’,2019-06-29 21:56:18,https://en.prothomalo.com/bangladesh/‘Coordinated-efforts-needed-to-build-safe-and,dhaka city,Dhaka,0,0,"Public Transport, Pedestrians","pedestrians at higher risk of road accidents, shrunk footpaths",Bangladesh,event,road accident,2019-06-29,21:56:18,Jun,6,Moderate rain,21,Jun,pedestrians at higher risk of road accidents shrunk footpaths
3936,"Dashed off moving bus, youth dies",2018-08-28 11:31:08,https://en.prothomalo.com/bangladesh/Dashed-off-moving-bus-youth-dies,chittagong city,Chattogram,1,0,Bus,pushed out from a moving bus,Bangladesh,event,road accident,2018-08-28,11:31:08,Aug,8,Moderate rain,11,Aug,pushed out from a moving bus
3937,"Truck owners, workers withdraw strike",2018-10-09 22:45:13,,dhaka division,Dhaka,0,0,Truck,strike related to road transport bill-2018,Bangladesh,event,road accident,2018-10-09,22:45:13,Oct,10,Light rain,22,Oct,strike related to road transport bill2018
3939,Another school student killed in Dohar road crash,2018-08-04 13:26:19,,dohar,,1,0,School Student (Pedestrian),road accident,Bangladesh,event,road accident,2018-08-04,13:26:19,Aug,8,,13,Aug,road accident
3940,Joypurhat road crash leaves female teacher dead,2018-06-30 10:15:25,,khanjanpur pdb area,Joypurhat,1,0,"Auto-Rickshaw, Bus",collision with a speeding bus,Bangladesh,event,road accident,2018-06-30,10:15:25,Jun,6,Dense rain,10,Jun,collision with a speeding bus
3944,Families of road crash victims get financial assistance from PM,2018-08-02 16:53:01,,capital,Dhaka,2,0,,,Bangladesh,event,road accident,2018-08-02,16:53:01,Aug,8,Heavy rain,16,Aug,
3946,"6 indicted over death of Rajib, Diya in road crash",2018-10-25 15:09:59,https://en.prothomalo.com/bangladesh/6-indicted-over-death-of-Rajib-Diya-in-road-crash,airport road,Dhaka,2,0,,,Bangladesh,event,road accident,2018-10-25,15:09:59,Oct,10,Clear sky,15,Oct,
3949,2 teenagers killed amid AL infighting,2018-11-10 15:28:35,https://en.prothomalo.com/bangladesh/2-teenagers-killed-in-road-crash-amid-AL,mohammadpur,Dhaka,2,0,Pick-Up Van,clash between two factions of ruling bangladesh awami league,Bangladesh,event,road accident,2018-11-10,15:28:35,Nov,11,Clear sky,15,Nov,clash between two factions of ruling bangladesh awami league
3953,2 killed as vans collide head-on,2018-07-27 10:27:28,https://en.prothomalo.com/bangladesh/2-killed-as-2-vans-collide-head-on,dhaka-sylhet highway,Brahmanbaria,2,4,Covered Van And Pick-Up Van,head-on collision,Bangladesh,event,road accident,2018-07-27,10:27:28,Jul,7,Moderate rain,10,Jul,head-on collision
3957,2 killed in road crash,2018-06-08 12:55:36,https://en.prothomalo.com/bangladesh/2-killed-in-road-crash-11,dhaka-aricha highway in annaypur,Manikganj,2,12,"Bus, Pick-Up Van",bus rammed a pick-up van,Bangladesh,event,road accident,2018-06-08,12:55:36,Jun,6,Moderate rain,12,Jun,bus rammed a pickup van
3958,2 killed in road crash,2018-06-08 12:55:36,https://en.prothomalo.com/bangladesh/2-killed-in-road-crash-13,dhaka-aricha highway,Manikganj,2,12,"Bus, Pick-Up Van",bus rammed a pick-up van,Bangladesh,event,road accident,2018-06-08,12:55:36,Jun,6,Moderate rain,12,Jun,bus rammed a pickup van
3959,2 killed in road crash,2018-06-08 12:55:36,https://en.prothomalo.com/bangladesh/2-killed-in-road-crash-10,dhaka-aricha highway in annaypur,Manikganj,2,12,"Bus, Pick-Up Van",bus rammed a pick-up van,Bangladesh,event,road accident,2018-06-08,12:55:36,Jun,6,Moderate rain,12,Jun,bus rammed a pickup van
3960,2 killed in road crash,2018-06-08 12:55:36,https://en.prothomalo.com/bangladesh/2-killed-in-road-crash-7,dhaka-aricha highway in annaypur,Manikganj,2,12,Bus And Pick-Up Van,bus rammed a pick-up van,Bangladesh,event,road accident,2018-06-08,12:55:36,Jun,6,Moderate rain,12,Jun,bus rammed a pickup van
3961,2 killed in road crash,2018-06-08 12:55:36,https://en.prothomalo.com/bangladesh/2-killed-in-road-crash-4,dhaka-aricha highway,Manikganj,2,12,"Bus, Pick-Up Van",bus rammed a pick-up van,Bangladesh,event,road accident,2018-06-08,12:55:36,Jun,6,Moderate rain,12,Jun,bus rammed a pickup van
3962,2 killed in road crash,2018-06-08 12:55:36,https://en.prothomalo.com/bangladesh/2-killed-in-road-crash-2,dhaka-aricha highway,Manikganj,2,12,"Bus, Pick-Up Van",bus rammed a pick-up van,Bangladesh,event,road accident,2018-06-08,12:55:36,Jun,6,Moderate rain,12,Jun,bus rammed a pickup van
3963,2 killed in road crash,2018-06-08 12:55:36,https://en.prothomalo.com/bangladesh/2-killed-in-road-crash,dhaka-aricha highway in annaypur,Manikganj,2,12,Bus And Pick-Up Van,bus rammed a pick-up van,Bangladesh,event,road accident,2018-06-08,12:55:36,Jun,6,Moderate rain,12,Jun,bus rammed a pickup van
3964,2 killed in Sylhet road crash,2018-08-16 10:36:12,https://en.prothomalo.com/bangladesh/2-killed-in-Sylhet-road-crash-4,dhaka-sylhet road in lalbar area of south surma upazila,Sylhet,2,0,Pickup Van,vehicle turned turtle after crossing a motorcycle coming from the opposite direction,Bangladesh,event,road accident,2018-08-16,10:36:12,Aug,8,Moderate rain,10,Aug,vehicle turned turtle after crossing a motorcycle coming from the opposite direction
3965,2 killed in Sylhet road crash,2018-08-16 10:36:12,https://en.prothomalo.com/bangladesh/2-killed-in-Sylhet-road-crash-2,dhaka-sylhet road in lalbar area of south surma upazila,Sylhet,2,0,"Pickup Van, Motorcycle",vehicle turned turtle after crossing a motorcycle coming from the opposite direction,Bangladesh,event,road accident,2018-08-16,10:36:12,Aug,8,Moderate rain,10,Aug,vehicle turned turtle after crossing a motorcycle coming from the opposite direction
3966,2 killed in Sylhet road crash,2018-08-16 10:36:12,https://en.prothomalo.com/bangladesh/2-killed-in-Sylhet-road-crash,dhaka-sylhet road in lalbar area,Dhaka,2,0,"Pickup Van, Motorcycle",pickup van turned turtle after avoiding a motorcycle coming from the opposite direction,Bangladesh,event,road accident,2018-08-16,10:36:12,Aug,8,Light rain,10,Aug,pickup van turned turtle after avoiding a motorcycle coming from the opposite direction
3967,2 killed in road cash,2018-06-07 09:51:40,https://en.prothomalo.com/bangladesh/2-killed-in-road-cash,"bathuli bus stand, dhamrai upazila",Dhaka,2,2,Car,plunged into a ditch,Bangladesh,event,road accident,2018-06-07,09:51:40,Jun,6,Moderate rain,9,Jun,plunged into a ditch
3971,Road crashes claim 6 lives in 3 districts,2018-11-23 14:21:53,https://en.prothomalo.com/bangladesh/Road-crashes-claim-6-lives-in-3-districts,"feni, khulna and lalmonirhat districts",Lalmonirhat,6,3,,separate road accidents,Bangladesh,event,road accident,2018-11-23,14:21:53,Nov,11,Partly cloudy,14,Nov,separate road accidents
3975,Charges against 6 over Rajib-Mim’s death this week,2018-09-04 11:55:31,https://en.prothomalo.com/bangladesh/Charges-against-6-over-Rajib-Mim’s-death-this-week,airport road,Dhaka,2,0,,,Bangladesh,event,road accident,2018-09-04,11:55:31,Sep,9,Light rain,11,Sep,
3979,Road crash claims life of pry school teacher,2018-06-16 18:13:10,https://en.prothomalo.com/bangladesh/Road-crash-claims-life-of-pry-school-teacher,uttarbazar,Habiganj,1,0,Bus,bus ran over him,Bangladesh,event,road accident,2018-06-16,18:13:10,Jun,6,Light rain,18,Jun,bus ran over him
3980,2 killed in Sylhet road crash,2018-06-04 17:43:57,https://en.prothomalo.com/bangladesh/2-killed-in-Sylhet-road-crash-4,goala bazar,Sylhet,2,0,"Truck, Motorcycle",truck hit motorcycle,Bangladesh,event,road accident,2018-06-04,17:43:57,Jun,6,Moderate rain,17,Jun,truck hit motorcycle accident
3981,2 killed in Sylhet road crash,2018-06-04 17:43:57,https://en.prothomalo.com/bangladesh/2-killed-in-Sylhet-road-crash-2,goala bazar,Sylhet,2,0,"Truck, Motorcycle",truck hit motorcycle,Bangladesh,event,road accident,2018-06-04,17:43:57,Jun,6,Moderate rain,17,Jun,truck hit motorcycle accident
3982,2 killed in Sylhet road crash,2018-06-04 17:43:57,https://en.prothomalo.com/bangladesh/2-killed-in-Sylhet-road-crash,goala bazar,Sylhet,2,0,"Truck, Motorcycle",truck hit motorcycle,Bangladesh,event,road accident,2018-06-04,17:43:57,Jun,6,Moderate rain,17,Jun,truck hit motorcycle accident
3983,Narsingdi road crash kills 5,2018-07-21 09:27:30,https://en.prothomalo.com/bangladesh/Narasindi-road-crash-kills-5,dhaka-sylhet highway in narsingdi's ghasiadia area of shibpur upazila,Narsingdi,5,9,"Bus, Human Hauler",head-on collision,Bangladesh,event,road accident,2018-07-21,09:27:30,Jul,7,Light rain,9,Jul,head-on collision
3985,PM lays foundation stone of Ramiz Uddin College underpass,2018-08-12 11:05:35,https://en.prothomalo.com/bangladesh/PM-lays-foundation-stone-of-Ramiz-Uddin-College,shaheed ramiz uddin cantonment school and college,Dhaka,2,0,,,Bangladesh,event,road accident,2018-08-12,11:05:35,Aug,8,Light rain,11,Aug,
3986,Students vow to occupy streets until demands fulfilled,2019-03-20 15:18:14,https://en.prothomalo.com/bangladesh/Students-vow-to-occupy-streets-until-demands,street,Dhaka,1,0,,,Bangladesh,event,road accident,2019-03-20,15:18:14,Mar,3,Mainly clear,15,Mar,
3989,"1 dead, 4 missing in Chalan Beel boat capsize",2018-09-01 12:42:36,https://en.prothomalo.com/bangladesh/1-dead-4-missing-in-Chalan-Beel-boat-capsize,chalan beel,Pabna,1,0,,boat sinking,Bangladesh,event,road accident,2018-09-01,12:42:36,Sep,9,Light rain,12,Sep,boat sinking
3991,"Driver, owner sued over Kushtia baby girl’s death",2018-08-31 15:15:42,https://en.prothomalo.com/bangladesh/Driver-owner-sued-over-Kushtia-baby-girl’s-death,kushtia district town,Kushtia,1,1,Bus,fell from mother's lap when bus hit mother,Bangladesh,event,road accident,2018-08-31,15:15:42,Aug,8,Light rain,15,Aug,fell from mothers lap when bus hit mother
3992,3 killed in Jamalpur road crash,2018-07-20 12:37:50,https://en.prothomalo.com/bangladesh/3-killed-in-Jamalpur-road-crash,bhuapur-sarishabari road,Jamalpur,3,3,Truck,plunged into a ditch,Bangladesh,event,road accident,2018-07-20,12:37:50,Jul,7,Light rain,12,Jul,plunged into a ditch
3994,‘BRTA must be cleaned up before the roads’,2019-11-25 12:38:24,https://en.prothomalo.com/opinion/‘BRTA-must-be-cleaned-up-before-the-roads’,"various locations within bangladesh, specifically mentioning dhaka",Dhaka,0,0,"Covered Vans, Buses, Trucks, Cars, 'Laguna' Vehicles","implementation challenges of the new road transport act due to illegal vehicles, drivers, lack of terminals, illegal modifications, insufficient qualified drivers, and systemic flaws in brta.",Bangladesh,event,road accident,2019-11-25,12:38:24,Nov,11,Partly cloudy,12,Nov,implementation challenges of the new road transport act due to illegal vehicles drivers lack of terminals illegal modifications insufficient qualified drivers and systemic flaws in brta
3995,Sylhet road crash leaves 3 dead,2018-07-18 10:05:58,https://en.prothomalo.com/bangladesh/Sylhet-road-crash-leaves-3-dead,lalabazar area,Sylhet,3,30,Four Vehicles,,Bangladesh,event,road accident,2018-07-18,10:05:58,Jul,7,Light rain,10,Jul,
3999,Traffic accident kills one in Ctg,2014-11-01 17:25:33,,arabghat,Chattogram,1,0,Truck,hit by truck,Bangladesh,event,road accident,2014-11-01,17:25:33,Nov,11,Mainly clear,17,Nov,hit by truck
4000,6 of a family killed in road crash,2018-07-27 11:38:18,https://en.prothomalo.com/bangladesh/6-of-a-family-killed-in-road-crash,osmaninagar,Sylhet,6,3,"Truck, Microbus",head-on collision,Bangladesh,event,road accident,2018-07-27,11:38:18,Jul,7,Moderate rain,11,Jul,head-on collision
4001,"Cumilla road crash kills father, son",2018-08-28 11:10:52,https://en.prothomalo.com/bangladesh/Cumilla-road-crash-kills-father-son,palpara area,Cumilla,2,2,Auto Rickshaw (Cng),hit a roadside tree,Bangladesh,event,road accident,2018-08-28,11:10:52,Aug,8,Moderate rain,11,Aug,hit a roadside tree
4002,Barguna road crash leaves 7 dead,2018-07-26 14:03:35,https://en.prothomalo.com/bangladesh/Barguna-road-crash-leaves-7-dead,manikjhuri in amtali upazila,Barguna,7,3,"Bus, Human Hauler",bus rammed a human hauler,Bangladesh,event,road accident,2018-07-26,14:03:35,Jul,7,Moderate rain,14,Jul,bus rammed a human hauler
4006,Manikganj road crash kills 3,2018-05-15 18:12:00,https://en.prothomalo.com/bangladesh/accident/manikganj-road-crash-kills-3,cross-bridge area,Manikganj,3,20,,,Bangladesh,event,road accident,2018-05-15,18:12:00,May,5,Moderate rain,18,May,
4008,"Habignaj road crash kills 3, injures 4",2018-05-15 10:27:41,,dhaka-sylhet highway in haritola area,Habiganj,3,4,"Bus, Truck",head on collision,Bangladesh,event,road accident,2018-05-15,10:27:41,May,5,Moderate rain,10,May,head-on collision
4009,Head-on collision kills truck driver,2018-05-02 14:46:21,,agran area of baraigram upazila,Natore,1,1,Truck,head-on collision,Bangladesh,event,road accident,2018-05-02,14:46:21,May,5,Moderate rain,14,May,head-on collision
4011,Schoolboy killed in Jashore road crash,2018-04-19 13:11:53,,keshabpur-boga road,Jashore,1,0,"Truck, Bicycle",speedy truck dashed his bicycle,Bangladesh,event,road accident,2018-04-19,13:11:53,Apr,4,Light rain,13,Apr,speedy truck dashed his bicycle
4013,Driver killed as bus overturns in Madaripur,2018-06-19 11:39:34,https://en.prothomalo.com/bangladesh/Driver-killed-as-bus-overturns-in-Madaripur,pantapara,Madaripur,1,10,Bus,hitting a tree and overturning,Bangladesh,event,road accident,2018-06-19,11:39:34,Jun,6,Partly cloudy,11,Jun,hitting a tree and overturning
4015,3 killed in road crash,2018-06-06 09:59:50,https://en.prothomalo.com/bangladesh/3-killed-in-road-crash-5,saratoil,Tangail,3,1,Truck,head-on collision,Bangladesh,event,road accident,2018-06-06,09:59:50,Jun,6,Light rain,9,Jun,head-on collision
4016,3 killed in road crash,2018-06-06 09:59:50,https://en.prothomalo.com/bangladesh/3-killed-in-road-crash-4,bangabandhu bridge link road at saratoil,Tangail,3,1,Truck,head-on collision,Bangladesh,event,road accident,2018-06-06,09:59:50,Jun,6,Light rain,9,Jun,head-on collision
4017,3 killed in road crash,2018-06-06 09:59:50,https://en.prothomalo.com/bangladesh/3-killed-in-road-crash-2,saratoil,Tangail,3,1,Truck,head-on collision,Bangladesh,event,road accident,2018-06-06,09:59:50,Jun,6,Light rain,9,Jun,head-on collision
4018,Case filed over 2 students’ death in city road crash,2018-07-30 18:14:13,https://en.prothomalo.com/bangladesh/Case-filed-over-2-students’-death-in-city-road,airport road in front of kurmitola general hospital,Dhaka,2,0,Bus,bus ploughed through students,Bangladesh,event,road accident,2018-07-30,18:14:13,Jul,7,Light rain,18,Jul,bus ploughed through students
4020,Bus kills easy bike driver,2018-08-18 21:39:21,https://en.prothomalo.com/bangladesh/Bus-kills-easy-bike-driver,rajoir bus stop,Bagerhat,1,0,Bus And Bike,speeding bus rammed into vehicle,Bangladesh,event,road accident,2018-08-18,21:39:21,Aug,8,Light rain,21,Aug,speeding bus rammed into vehicle
4022,3 more killed in road crash,2018-06-04 17:46:05,https://en.prothomalo.com/bangladesh/3-killed-in-road-crash-3,dhaka-bogra highway at sonka bazar,Sherpur,3,0,Covered Van,hit them,Bangladesh,event,road accident,2018-06-04,17:46:05,Jun,6,Light rain,17,Jun,hit them
4023,City road crash kills 3,2018-07-18 09:50:36,https://en.prothomalo.com/bangladesh/City-road-crash-kills-3,"beribadh, rupnagar",Dhaka,3,7,"Bus, Humanhauler",head-on collision,Bangladesh,event,road accident,2018-07-18,09:50:36,Jul,7,Dense rain,9,Jul,head-on collision
4024,Probe body formed over Gaibandha road crash,2018-06-25 10:06:16,https://en.prothomalo.com/bangladesh/Probe-body-formed-over-Gaibandha-road-crash,palash upazila,Gaibandha,18,0,,investigated,Bangladesh,event,road accident,2018-06-25,10:06:16,Jun,6,Moderate rain,10,Jun,investigated
4026,3 killed as bus ploughs thru bookshop,2018-08-15 16:03:57,https://en.prothomalo.com/bangladesh/3-killed-as-bus-ploughs-thru-bookshop,naudapara,Rajshahi,3,4,"Bus, Motorbike",driver lost control over the steering after hitting a motorbike,Bangladesh,event,road accident,2018-08-15,16:03:57,Aug,8,,16,Aug,driver lost control over the steering after hitting a motorbike
4029,6 killed as buses collide head-on,2018-09-02 18:45:10,https://en.prothomalo.com/bangladesh/4-killed-as-buses-collide-head-on,seo bazar,Rangpur,6,50,Bus,head-on collision,Bangladesh,event,road accident,2018-09-02,18:45:10,Sep,9,Light rain,18,Sep,head-on collision
4035,City road crash kills woman,2018-06-09 13:11:46,https://en.prothomalo.com/bangladesh/City-road-crash-kills-woman,in front of the national press club,Dhaka,1,0,Bus,knocked her down,Bangladesh,event,road accident,2018-06-09,13:11:46,Jun,6,Moderate rain,13,Jun,knocked her down
4036,Drivers not roads to be blamed for Natore accident: minister,2014-10-21 18:48:27,https://en.prothomalo.com/bangladesh/Drivers-not-roads-to-be-blamed-for-Natore,natore,Natore,33,0,Bus,drivers' haughty attitude,Bangladesh,event,road accident,2014-10-21,18:48:27,Oct,10,Mainly clear,18,Oct,drivers haughty attitude
4038,12 Natore bus accident victims buried,2014-10-21 13:32:58,https://en.prothomalo.com/bangladesh/12-Natore-accident-victims-of-a-village-buried,baraigram upazila,Natore,12,21,Road Crash,,Bangladesh,event,road accident,2014-10-21,13:32:58,Oct,10,Mainly clear,13,Oct,
4039,Bus accident kills 32,2014-10-21 12:24:42,https://en.prothomalo.com/bangladesh/Bus-accident-kills-32,banpara-hatikumrul road,Natore,32,0,Passenger Buses,collision between two passenger buses,Bangladesh,event,road accident,2014-10-21,12:24:42,Oct,10,Mainly clear,12,Oct,collision between two passenger buses
4040,3 traders killed in road crash,2018-06-28 10:41:33,https://en.prothomalo.com/bangladesh/3-traders-killed-in-road-crash,jhenaidah-chuadanga highway,Jhenaidah,3,9,"Bus, Human Hauler",bus hit a human hauler,Bangladesh,event,road accident,2018-06-28,10:41:33,Jun,6,Dense rain,10,Jun,bus hit a human hauler
4041,Ambulance-truck collision kills 2,2018-04-30 12:18:05,https://en.prothomalo.com/bangladesh/Ambulance-truck-collision-kills-two,dhaka-bogura highway in sherpur upazila,Bogra,2,3,"Ambulance, Truck",head-on collision,Bangladesh,event,road accident,2018-04-30,12:18:05,Apr,4,Heavy rain,12,Apr,head-on collision
4042,Sylhet road crash kills man,2018-04-30 11:44:16,https://en.prothomalo.com/bangladesh/Sylhet-road-crash-kills-man,sylhet-jakiganj road at fulbari union,Gopalganj,1,3,"Bus, Auto-Rickshaw",head-on collision,Bangladesh,event,road accident,2018-04-30,11:44:16,Apr,4,Heavy rain,11,Apr,head-on collision
4043,‘No more contractual bus service in capital’,2018-08-08 22:59:57,https://en.prothomalo.com/bangladesh/‘No-more-contractual-basis-bus-service-in-capital’,dhaka,Dhaka,0,0,Bus,"contractual basis, rash driving",Bangladesh,event,road accident,2018-08-08,22:59:57,Aug,8,Dense rain,22,Aug,contractual basis rash driving
4045,4 killed in road accidents in several districts,2014-10-18 23:56:46,https://en.prothomalo.com/bangladesh/4-killed-in-road-accidents-in-4-dists,"chittagong, pabna, laxmipur and panchagarh districts",Panchagarh,4,11,,,Bangladesh,event,road accident,2014-10-18,23:56:46,Oct,10,,23,Oct,
4047,Satkhira road crash kills 6,2018-03-21 13:21:19,https://en.prothomalo.com/bangladesh/Satkhira-road-crash-kills-6,tala upazila of satkhira,Satkhira,6,0,"Bus, Pickup Van",collision,Bangladesh,event,road accident,2018-03-21,13:21:19,Mar,3,Precipitation within sight,13,Mar,collision
4050,University of Asia Pacific students attacked at Farmgate,2018-08-06 13:59:16,https://en.prothomalo.com/bangladesh/Asia-Pacific-University-students-attacked-at,farmgate intersection,Dhaka,0,0,,attack on students,Bangladesh,event,road accident,2018-08-06,13:59:16,Aug,8,Light rain,13,Aug,attack on students
4052,One killed in Dhaka road accident,2014-10-17 12:39:57,https://en.prothomalo.com/bangladesh/One-killed-in-Dhaka-road-accident,badda,Dhaka,1,0,Bus,fell from a moving bus,Bangladesh,event,road accident,2014-10-17,12:39:57,Oct,10,"Snow, heavy",12,Oct,fell from a moving bus
4056,"Student killed in Gazipur road crash, van torched",2018-08-04 17:29:35,https://en.prothomalo.com/bangladesh/Student-killed-in-Gazipur-road-crash-van-torched,barabari,Dhaka,1,0,Covered Van,hit by a covered van,Bangladesh,event,road accident,2018-08-04,17:29:35,Aug,8,Moderate rain,17,Aug,hit by a covered van
4057,"Police, youths attack protesting students",2018-08-04 13:16:57,https://en.prothomalo.com/bangladesh/Police-youths-attack-protesting-students,mirpur-14,Dhaka,0,0,,,Bangladesh,event,road accident,2018-08-04,13:16:57,Aug,8,Moderate rain,13,Aug,
4058,Jabal-e-Noor Paribahan owner detained,2018-08-04 13:04:41,https://en.prothomalo.com/bangladesh/Jabal-e-Noor-Paribahan-owner-detained,airport road in front of kurmitola general hospital,Dhaka,2,0,Bus,ploughed through students,Bangladesh,event,road accident,2018-08-04,13:04:41,Aug,8,Moderate rain,13,Aug,ploughed through students
4060,Road accident kills 4 in Munshiganj,2014-10-22 14:25:50,https://en.prothomalo.com/bangladesh/Road-accident-kills-4-in-Munshiganj,dhaka-chittagong highway,Munshiganj,4,2,,,Bangladesh,event,road accident,2014-10-22,14:25:50,Oct,10,Clear sky,14,Oct,
4061,Reckless speeding responsible for 91% road accidents,2014-10-22 11:37:46,https://en.prothomalo.com/bangladesh/Reckless-speeding-responsible-for-91%-road,dhaka city highway,Dhaka,0,0,"Pedestrians, Cars","reckless speeding, head-on collisions, pedestrians being run over",Bangladesh,event,road accident,2014-10-22,11:37:46,Oct,10,Clear sky,11,Oct,reckless speeding headon collisions pedestrians being run over
4062,Road crashes claim 5 lives,2018-06-08 14:59:58,https://en.prothomalo.com/bangladesh/Road-crashes-claim-5-lives,bakolia and ak khan areas,Chattogram,5,0,,,Bangladesh,event,road accident,2018-06-08,14:59:58,Jun,6,Light rain,14,Jun,
4063,Road crash kills 1,2018-03-24 14:18:52,https://en.prothomalo.com/bangladesh/Road-crash-kills-1,domar-dimla road at tinbat village,Nilphamari,1,0,"Truck, Human Hauler",truck hit his vehicle,Bangladesh,event,road accident,2018-03-24,14:18:52,Mar,3,Mainly clear,14,Mar,truck hit his vehicle