id,title,date,article_url,place_of_accident,district,number_of_deaths,number_of_injured,vehicle_type,cause_of_accident,country,report_type,type_of_accident,accident_date,accident_time,month,month_num,condition,accident_hour,month_name,cause_of_accident_normalized
4064,Road crash kills 1,2018-03-24 14:18:52,https://en.prothomalo.com/bangladesh/Road-crash-kills-1-2,domar-dimla road at tinbat village,Nilphamari,1,0,"Truck, Human Hauler",truck hit his vehicle,Bangladesh,event,road accident,2018-03-24,14:18:52,Mar,3,Mainly clear,14,Mar,truck hit his vehicle
4066,Bridge collapse kills minor among 2,2018-06-06 10:57:57,https://en.prothomalo.com/bangladesh/Bridge-collapse-kills-minor-among-2,paikura village,Netrakona,2,0,,under-construction bridge collapsed,Bangladesh,event,road accident,2018-06-06,10:57:57,Jun,6,,10,Jun,underconstruction bridge collapsed
4067,Moulvibazar road crash kills six,2018-07-07 22:50:19,https://en.prothomalo.com/bangladesh/Moulvibazar-road-crash-kills-six,moulvibazar-sylhet highway in nadampur,Moulvibazar,6,3,Car And Auto-Rickshaw,head-on collision,Bangladesh,event,road accident,2018-07-07,22:50:19,Jul,7,,22,Jul,head-on collision
4070,Wall collapse kills construction worker,2018-05-03 09:55:01,https://en.prothomalo.com/bangladesh/Wall-collapse-kills-construction-worker,uttar jalirpar,Gopalganj,1,0,Construction,wall collapse,Bangladesh,event,road accident,2018-05-03,09:55:01,May,5,Moderate rain,9,May,wall collapse
4072,Road crash kills 1,2018-04-20 14:00:16,https://en.prothomalo.com/bangladesh/Road-crash-kills-1,ranihati,Nawabganj,1,0,"Truck, Motorcycle",truck hit a motorbike,Bangladesh,event,road accident,2018-04-20,14:00:16,Apr,4,Light rain,14,Apr,truck hit motorcycle accident
4073,Road crash kills 1,2018-04-20 14:00:16,https://en.prothomalo.com/bangladesh/Road-crash-kills-1-2,ranihati,Nawabganj,1,0,"Truck, Motorcycle",truck hit a motorbike,Bangladesh,event,road accident,2018-04-20,14:00:16,Apr,4,Light rain,14,Apr,truck hit motorcycle accident
4074,"Vehicles torched, vandalised as 2 killed in city road crash",2019-01-01 20:12:50,https://en.prothomalo.com/bangladesh/2-girls-killed-in-city-road-crash,malibagh chowdhurypara area,Dhaka,2,0,"Bus, Around 35-40 Vehicles",protest following the death of two female rmg workers,Bangladesh,event,road accident,2019-01-01,20:12:50,Jan,1,Clear sky,20,Jan,protest following the death of two female rmg workers
4076,Cop among 2 killed in road crash,2018-06-13 13:27:47,https://en.prothomalo.com/bangladesh/Cop-among-2-killed-in-road-crash,shikarikanada bypass area on dhaka-mymensingh highway,Mymensingh,2,0,Truck,truck ran over pedestrians,Bangladesh,event,road accident,2018-06-13,13:27:47,Jun,6,Heavy rain,13,Jun,truck ran over pedestrians
4080,College student killed in road crash,2018-05-31 16:56:28,https://en.prothomalo.com/bangladesh/College-student-killed-in-road-crash-5,chattogram-khagrachhari highway in farhadabad of hathazari upazila,Chattogram,1,2,"Truck, Motorcycle",truck rammed a motorcycle,Bangladesh,event,road accident,2018-05-31,16:56:28,May,5,Light rain,16,May,truck rammed a motorcycle
4081,College student killed in road crash,2018-05-31 16:56:28,https://en.prothomalo.com/bangladesh/College-student-killed-in-road-crash-4,chattogram-khagrachhari highway in farhadabad of hathazari upazila,Chattogram,1,2,"Truck, Motorcycle",truck rammed a motorcycle,Bangladesh,event,road accident,2018-05-31,16:56:28,May,5,Light rain,16,May,truck rammed a motorcycle
4082,College student killed in road crash,2018-05-31 16:56:28,https://en.prothomalo.com/bangladesh/College-student-killed-in-road-crash-3,chattogram-khagrachhari highway in farhadabad of hathazari upazila,Chattogram,1,2,"Truck, Motorcycle",truck rammed a motorcycle,Bangladesh,event,road accident,2018-05-31,16:56:28,May,5,Light rain,16,May,truck rammed a motorcycle
4083,College student killed in road crash,2018-05-31 16:56:28,https://en.prothomalo.com/bangladesh/College-student-killed-in-road-crash-2,chattogram-khagrachhari highway in farhadabad of hathazari upazila,Chattogram,1,2,"Truck, Motorcycle",truck rammed a motorcycle,Bangladesh,event,road accident,2018-05-31,16:56:28,May,5,Light rain,16,May,truck rammed a motorcycle
4084,College student killed in road crash,2018-05-31 16:56:28,https://en.prothomalo.com/bangladesh/College-student-killed-in-road-crash,chattogram-khagrachhari highway in farhadabad of hathazari upazila,Chattogram,1,2,"Truck, Motorcycle",truck rammed a motorcycle,Bangladesh,event,road accident,2018-05-31,16:56:28,May,5,Light rain,16,May,truck rammed a motorcycle
4087,9 killed in Nilphamari road crash,2018-06-21 09:31:49,https://en.prothomalo.com/bangladesh/9-killed-in-Nilphamari-road-crash,syedpur bypass area,Nilphamari,9,20,"Bus, Pick-Up Van",bus hit a pick-up van,Bangladesh,event,road accident,2018-06-21,09:31:49,Jun,6,Light rain,9,Jun,bus hit a pickup van
4088,Schoolboy who lost limb in road crash dies,2018-05-06 15:33:12,,bypass bridge,Naogaon,1,0,"Motorcycle, Human Hauler",collision between human hauler and motorcycle,Bangladesh,event,road accident,2018-05-06,15:33:12,May,5,Dense rain,15,May,collision between human hauler and motorcycle
4093,Man killed in city road crash,2018-05-17 16:39:06,https://en.prothomalo.com/bangladesh/Man-killed-in-city-road-accident,mayor hanif flyover in jatrabari area,Dhaka,1,0,"Bus, Motorcycle",bus overtaking another bus and hitting the motorcycle,Bangladesh,event,road accident,2018-05-17,16:39:06,May,5,Moderate rain,16,May,bus overtaking another bus and hitting the motorcycle
4094,Man killed in city road crash,2018-05-17 16:39:06,https://en.prothomalo.com/bangladesh/Man-killed-in-city-road-crash-7,mayor hanif flyover in jatrabari area,Dhaka,1,0,"Bus, Motorcycle",bus overtaking another bus,Bangladesh,event,road accident,2018-05-17,16:39:06,May,5,Moderate rain,16,May,bus overtaking another bus
4095,Man killed in city road crash,2018-05-17 16:39:06,https://en.prothomalo.com/bangladesh/Man-killed-in-city-road-crash-9,mayor hanif flyover in jatrabari area,Dhaka,1,0,"Bus, Motorcycle",the bus was overtaking another bus and hit the motorcycle,Bangladesh,event,road accident,2018-05-17,16:39:06,May,5,Moderate rain,16,May,the bus was overtaking another bus and hit the motorcycle
4097,Man killed in city road crash,2018-05-17 16:39:06,https://en.prothomalo.com/bangladesh/Man-killed-in-city-road-crash-3,mayor hanif flyover in jatrabari area,Dhaka,1,0,"Bus, Motorcycle",bus overtaking another bus,Bangladesh,event,road accident,2018-05-17,16:39:06,May,5,Moderate rain,16,May,bus overtaking another bus
4098,Man killed in city road crash,2018-05-17 16:39:06,https://en.prothomalo.com/bangladesh/Man-killed-in-city-road-crash,mayor hanif flyover in jatrabari area,Dhaka,1,0,"Bus, Motorcycle","bus overtaking another bus, hitting motorcycle",Bangladesh,event,road accident,2018-05-17,16:39:06,May,5,Moderate rain,16,May,bus overtaking another bus hitting motorcycle
4099,2 killed in Mirzapur road accident,2014-10-07 12:17:57,,dhaka-tangail highway at gorai of mirzapur upazila,Tangail,2,4,,,Bangladesh,event,road accident,2014-10-07,12:17:57,Oct,10,Moderate rain,12,Oct,
4100,Bus driver dies in city road crash,2018-04-23 13:54:53,https://en.prothomalo.com/bangladesh/Bus-driver-dies-in-city-road-crash-2,paltan intersection,Dhaka,1,8,Bus,head-on collision,Bangladesh,event,road accident,2018-04-23,13:54:53,Apr,4,Light rain,13,Apr,head-on collision
4101,Rajshahi road crash kills HSC examinee,2018-04-23 13:54:12,https://en.prothomalo.com/bangladesh/Rajshahi-road-crash-kills-HSC-examinee,damkura,Rajshahi,1,0,"Truck, Motorcycle","speeding motorcycle hit pedestrian, then truck ran pedestrian over",Bangladesh,event,road accident,2018-04-23,13:54:12,Apr,4,,13,Apr,speeding motorcycle hit pedestrian then truck ran pedestrian over
4104,4 students hurt in school wall collapse,2018-04-22 17:57:13,https://en.prothomalo.com/bangladesh/4-students-hurt-in-school-wall-collapse,shibrampur,Pabna,0,4,Not Applicable,under-construction wall collapse,Bangladesh,event,road accident,2018-04-22,17:57:13,Apr,4,Heavy rain,17,Apr,underconstruction wall collapse
4106,Bus driver arrested for Natore road crash,2018-08-28 20:55:53,https://en.prothomalo.com/bangladesh/Bus-driver-arrested-for-Natore-road-crash,lalpur upazila,Natore,15,0,Bus,driver of 'challenger paribahan' bus was responsible,Bangladesh,event,road accident,2018-08-28,20:55:53,Aug,8,Moderate rain,20,Aug,driver of challenger paribahan bus was responsible
4107,Road crash claims 3 lives,2018-06-17 13:56:55,https://en.prothomalo.com/bangladesh/Road-crash-claims-3-lives-3,laksam-sonaimuri road in rampur,Noakhali,3,1,Bus And A Cng-Run Auto-Rickshaw,head-on collision,Bangladesh,event,road accident,2018-06-17,13:56:55,Jun,6,Moderate rain,13,Jun,head-on collision
4108,Road crash claims 3 lives,2018-06-17 13:56:55,https://en.prothomalo.com/bangladesh/Road-crash-claims-3-lives-2,laksam-sonaimuri road in rampur,Noakhali,3,1,"Bus, Auto-Rickshaw",head-on collision,Bangladesh,event,road accident,2018-06-17,13:56:55,Jun,6,Moderate rain,13,Jun,head-on collision
4109,Road crash claims 3 lives,2018-06-17 13:56:55,https://en.prothomalo.com/bangladesh/Road-crash-claims-3-lives,laksam-sonaimuri road in rampur,Noakhali,3,1,"Bus, Auto-Rickshaw",head-on collision,Bangladesh,event,road accident,2018-06-17,13:56:55,Jun,6,Moderate rain,13,Jun,head-on collision
4114,SUST indigenous students demonstrate for safe road,2018-08-05 19:46:02,https://en.prothomalo.com/bangladesh/SUST-indigenous-students-demonstrate-for-safe-road,chittagong hill tracts,,0,0,,,Bangladesh,event,road accident,2018-08-05,19:46:02,Aug,8,,19,Aug,
4117,Civil society demands safe road,2018-08-04 13:38:01,https://en.prothomalo.com/bangladesh/Civil-society-demands-safe-road,airport road area,Dhaka,2,0,,,Bangladesh,event,road accident,2018-08-04,13:38:01,Aug,8,Moderate rain,13,Aug,
4118,2 killed in Sirajganj traffic accident,2014-10-03 14:40:08,https://en.prothomalo.com/bangladesh/2-killed-in-Sirajganj-traffic-accident-2,mulibari area,Sirajganj,2,1,"Bus, Motorcycle",bus hit them,Bangladesh,event,road accident,2014-10-03,14:40:08,Oct,10,Moderate rain,14,Oct,bus hit them
4120,Road crash kills 2 on way to attend wedding party,2018-06-01 12:44:35,https://en.prothomalo.com/bangladesh/Road-crash-kills-2-on-way-to-attend-wedding-party,lalmonirhat-burimari highway in kamarer haat,Lalmonirhat,2,5,Tractor And Auto-Rickshaw,tractor hit a cng-run auto-rickshaw,Bangladesh,event,road accident,2018-06-01,12:44:35,Jun,6,Moderate rain,12,Jun,tractor hit a cngrun autorickshaw
4123,Chattogram road crashes kill 2,2018-04-19 12:56:56,,mirsharai,Chattogram,2,0,,,Bangladesh,event,road accident,2018-04-19,12:56:56,Apr,4,Light rain,12,Apr,
4124,Khulna traffic accident kills 4,2014-10-10 17:18:04,,khulna-jessore highway,Khulna,4,0,Brtc Bus And Battery-Run Auto-Rickshaw,collision,Bangladesh,event,road accident,2014-10-10,17:18:04,Oct,10,Light rain,17,Oct,collision
4125,Foreigner among 3 die in city road accidents,2014-10-09 13:54:58,,"uttara, khilkhet and asad gate",Dhaka,3,0,,,Bangladesh,event,road accident,2014-10-09,13:54:58,Oct,10,Mainly clear,13,Oct,
4126,Reckless buses at Mahakhali,2018-06-20 21:28:31,https://en.prothomalo.com/bangladesh/Reckless-buses-at-Mahakhali,dhaka,Dhaka,0,0,Bus,"reckless driving, violating traffic rules, dangerous overtaking, indiscriminate passenger drop-off, illegal u-turns",Bangladesh,event,road accident,2018-06-20,21:28:31,Jun,6,Light rain,21,Jun,reckless driving violating traffic rules dangerous overtaking indiscriminate passenger dropoff illegal uturns
4130,Road crashes kill 4 in Chattogram,2018-05-25 19:50:18,https://en.prothomalo.com/bangladesh/Road-crashes-kill-4-in-Chattogram,dhaka-chattogram highway,Chattogram,4,0,,,Bangladesh,event,road accident,2018-05-25,19:50:18,May,5,Moderate rain,19,May,
4133,"Mother, daughter among 3 killed in Mymensingh road crash",2018-04-11 10:14:54,https://en.prothomalo.com/bangladesh/Mother-daughter-among-3-killed-in-Mymensingh-road,madhupur village on mymensingh-haluaghat road,Mymensingh,3,10,Bus And Lorry,head-on collision,Bangladesh,event,road accident,2018-04-11,10:14:54,Apr,4,Heavy rain,10,Apr,head-on collision
4134,2 labourers die from electrocution,2018-05-03 10:46:34,https://en.prothomalo.com/bangladesh/2-labourers-die-from-electrocution,ahmedpur,Habiganj,2,0,,electrocution,Bangladesh,event,road accident,2018-05-03,10:46:34,May,5,Moderate rain,10,May,electrocution
4139,Bus-human hauler collision kills 3,2018-05-13 16:15:25,https://en.prothomalo.com/bangladesh/Bus-human-hauler-collision-kills-3-in-city,golan chatbari area of mirpur embankment,Dhaka,3,6,Passenger Bus And Human Hauler,collision,Bangladesh,event,road accident,2018-05-13,16:15:25,May,5,Light rain,16,May,collision
4140,Chittagong road crash kills 3,2018-03-27 10:58:56,https://en.prothomalo.com/bangladesh/Chittagong-road-crash-kills-3,baluchora area,Chattogram,3,2,Truck And Cng-Run Auto-Rickshaw,head-on collision,Bangladesh,event,road accident,2018-03-27,10:58:56,Mar,3,Light rain,10,Mar,head-on collision
4142,Youth killed in Kalyanpur road crash,2018-02-28 16:20:05,https://en.prothomalo.com/bangladesh/Youth-killed-in-Kalyanpur-road-crash,kalyanpur area,Dhaka,1,0,,,Bangladesh,event,road accident,2018-02-28,16:20:05,Feb,2,Partly cloudy,16,Feb,
4143,Rangpur road crash kills 2,2018-03-11 14:28:51,https://en.prothomalo.com/bangladesh/Rangpur-road-crash-kills-2-4,damdama area,Rangpur,2,10,"Bus, Truck",collision,Bangladesh,event,road accident,2018-03-11,14:28:51,Mar,3,Mainly clear,14,Mar,collision
4144,Rangpur road crash kills 2,2018-03-11 14:28:51,https://en.prothomalo.com/bangladesh/Rangpur-road-crash-kills-2-3,damdama area,Rangpur,2,10,"Bus, Truck",collision,Bangladesh,event,road accident,2018-03-11,14:28:51,Mar,3,Mainly clear,14,Mar,collision
4145,Rangpur road crash kills 2,2018-03-11 14:28:51,https://en.prothomalo.com/bangladesh/Rangpur-road-crash-kills-2-2,damdama area of mithapukur upazila,Rangpur,2,10,"Bus, Truck",head on collision,Bangladesh,event,road accident,2018-03-11,14:28:51,Mar,3,Mainly clear,14,Mar,head-on collision
4154,Jabal-e-Noor bus owner on 7-day remand,2018-08-04 13:15:40,,airport road,Dhaka,2,0,Bus,,Bangladesh,event,road accident,2018-08-04,13:15:40,Aug,8,Moderate rain,13,Aug,
4155,BOU student killed in Dhaka traffic accident,2014-09-20 17:23:33,https://en.prothomalo.com/bangladesh/BOU-student-killed-in-Dhaka-traffic-accident,dhanmondi area,Dhaka,1,0,,,Bangladesh,event,road accident,2014-09-20,17:23:33,Sep,9,Heavy rain,17,Sep,
4157,Magura road crash kills school teacher,2018-03-05 14:51:08,https://en.prothomalo.com/bangladesh/Magura-road-crash-kills-school-teacher,ketapur,Magura,1,0,,,Bangladesh,event,road accident,2018-03-05,14:51:08,Mar,3,Partly cloudy,14,Mar,
4165,Panchagarh road crash toll rises to 10,2018-10-27 11:21:17,,"dashmile, panchagarh sadar upazila",Panchagarh,10,25,"Bus, Truck",truck collided head-on with a bus while giving passage to another stationary bus,Bangladesh,event,road accident,2018-10-27,11:21:17,Oct,10,,11,Oct,truck collided headon with a bus while giving passage to another stationary bus
4169,On-duty constable killed in road crash,2018-03-06 16:52:12,https://en.prothomalo.com/bangladesh/DMC-Correspondent,technical intersection near gabtali bus terminal,Dhaka,1,0,,,Bangladesh,event,road accident,2018-03-06,16:52:12,Mar,3,Light rain,16,Mar,
4173,5 killed in separate road crashes,2018-07-28 18:37:01,https://en.prothomalo.com/bangladesh/accident/5-killed-in-separate-road-crashes-3,sylhet and cumilla,Sylhet,5,0,,,Bangladesh,event,road accident,2018-07-28,18:37:01,Jul,7,Moderate rain,18,Jul,
4175,5 killed in separate road crashes,2018-07-28 18:37:01,https://en.prothomalo.com/bangladesh/5-killed-in-separate-road-crashes-2,sylhet and cumilla,Cumilla,5,-1,,,Bangladesh,event,road accident,2018-07-28,18:37:01,Jul,7,Moderate rain,18,Jul,
4177,Jessore road crash kills 3,2018-03-27 11:13:33,https://en.prothomalo.com/bangladesh/Jessore-road-crash-kills-3,harikhali,,3,7,"Truck, Human Hauler",,Bangladesh,event,road accident,2018-03-27,11:13:33,Mar,3,,11,Mar,
4178,Bus driver put on remand over Akifa’s death,2018-09-19 14:55:36,https://en.prothomalo.com/bangladesh/Bus-driver-put-on-remand-over-Akifa’s-death,kushtia district town,Kushtia,1,0,Bus,,Bangladesh,event,road accident,2018-09-19,14:55:36,Sep,9,Light rain,14,Sep,
4179,Bhola road crash kills 2,2018-03-15 11:57:47,https://en.prothomalo.com/bangladesh/Bhola-road-crash-kills-2,bhola,Bhola,2,2,"Truck, Human Hauler",truck rammed human hauler,Bangladesh,event,road accident,2018-03-15,11:57:47,Mar,3,Light rain,11,Mar,truck rammed human hauler
4180,3 youths killed in Brahmanbaria road crash,2018-05-19 14:03:53,https://en.prothomalo.com/bangladesh/3-youths-killed-in-Brahmanbaria-road-crash,malihata area in sarail upazila,Brahmanbaria,3,0,"Bus, Auto Rickshaw",bus ramming auto rickshaw,Bangladesh,event,road accident,2018-05-19,14:03:53,May,5,Light rain,14,May,bus ramming auto rickshaw
4184,Nilphamari road crash kills 2,2018-04-05 09:37:07,https://en.prothomalo.com/bangladesh/Nilphamari-road-crash-kills-2,syedpur road in fultala area of nilphamari sadar upazila,Nilphamari,2,0,Two Vehicles,head-on collision,Bangladesh,event,road accident,2018-04-05,09:37:07,Apr,4,Moderate rain,9,Apr,head-on collision
4189,Elephant attack kills teenager,2018-05-05 09:53:30,https://en.prothomalo.com/bangladesh/Elephant-attack-kills-teenager,uttar shilkhali village,Cox's Bazar,1,2,Elephant,elephant attack,Bangladesh,event,road accident,2018-05-05,09:53:30,May,5,Light rain,9,May,elephant attack
4190,Chandina road crash kills 2 women,2018-06-15 00:12:14,https://en.prothomalo.com/bangladesh/Chandina-road-crash-kills-2-women-2,chandina upazila,Dhaka,2,0,"Pick-Up Van, Auto-Rickshaw",collision between vehicles,Bangladesh,event,road accident,2018-06-15,00:12:14,Jun,6,Moderate rain,0,Jun,collision between vehicles
4191,Chandina road crash kills 2 women,2018-06-15 00:12:14,https://en.prothomalo.com/bangladesh/Chandina-road-crash-kills-2-women,chandina upazila,Cumilla,2,0,"Pick-Up Van, Auto-Rickshaw",hit,Bangladesh,event,road accident,2018-06-15,00:12:14,Jun,6,Moderate rain,0,Jun,hit
4193,7 RAB men injured in traffic accident,2014-09-21 15:01:07,https://en.prothomalo.com/bangladesh/7-RAB-men-injured-in-traffic-accident,mohonpur upazila,Rajshahi,0,17,,,Bangladesh,event,road accident,2014-09-21,15:01:07,Sep,9,,15,Sep,
4195,3 killed in Sylhet road crashes,2018-08-08 16:25:16,,hetimganj,Sylhet,2,2,"Truck, Auto-Rickshaw",head-on collision,Bangladesh,event,road accident,2018-08-08,16:25:16,Aug,8,Moderate rain,16,Aug,head-on collision
4196,3 of a family killed in road crash,2018-05-23 20:30:36,https://en.prothomalo.com/bangladesh/3-of-a-family-killed-in-road-crash-2,dhaka-khulna highway at majhigati in kashiani upazila,Gopalganj,3,2,"Truck, Human Hauler",collision,Bangladesh,event,road accident,2018-05-23,20:30:36,May,5,Moderate rain,20,May,collision
4197,3 of a family killed in road crash,2018-05-23 20:30:36,https://en.prothomalo.com/bangladesh/3-of-a-family-killed-in-road-crash,dhaka-khulna highway at majhigati in kashiani upazila,Gopalganj,3,2,"Truck, Human Hauler",collision between truck and human hauler,Bangladesh,event,road accident,2018-05-23,20:30:36,May,5,Moderate rain,20,May,collision between truck and human hauler
4200,Road crash claims 5 lives,2018-05-23 13:51:16,,partekur on bogura-natore road,Natore,5,7,"Truck, Human Hauler",truck hit a human hauler,Bangladesh,event,road accident,2018-05-23,13:51:16,May,5,Moderate rain,13,May,truck hit a human hauler
4201,"Oil tanker overturns spilling 9,000 litres petroleum on road",2018-03-05 17:40:19,,dhaka international airport intersection,Dhaka,0,0,Truck (Tanker),overturned,Bangladesh,event,road accident,2018-03-05,17:40:19,Mar,3,Dense rain,17,Mar,overturned
4206,Prothom Alo journalist harassed,2018-08-07 09:00:29,https://en.prothomalo.com/bangladesh/Prothom-Alo-journalist-harassed,"rampura area, east west university",Dhaka,0,0,,violence between law enforcement and students,Bangladesh,event,road accident,2018-08-07,09:00:29,Aug,8,Moderate rain,9,Aug,violence between law enforcement and students
4207,30 injured in Tangail bus plunge,2018-01-30 12:10:12,https://en.prothomalo.com/bangladesh/30-injured-in-Tangail-bus-plunge,madhupur upazila,Tangail,0,30,Bus,plunged into the river,Bangladesh,event,road accident,2018-01-30,12:10:12,Jan,1,Partly cloudy,12,Jan,plunged into the river
4208,University students block Shahbagh,2018-08-05 15:14:39,https://en.prothomalo.com/bangladesh/University-students-block-Shahbagh,jhigatola,Dhaka,0,0,,road safety protests escalated into attacks,Bangladesh,event,road accident,2018-08-05,15:14:39,Aug,8,Moderate rain,15,Aug,road safety protests escalated into attacks
4210,"4 killed in Sitakunda, Pabna road accidents",2014-09-18 15:31:43,https://en.prothomalo.com/bangladesh/4-killed-in-Sitakunda-Pabna-road-accident,sitakunda and pabna sadar upazila,Chattogram,4,0,,,Bangladesh,event,road accident,2014-09-18,15:31:43,Sep,9,Light rain,15,Sep,
4211,JU students protest against attacks on students,2018-08-05 10:44:21,https://en.prothomalo.com/youth/JU-students-protest-against-attacks-on-students,jahangirnagar university,Dhaka,0,0,,protest against attack on students demonstrating for safe roads,Bangladesh,event,road accident,2018-08-05,10:44:21,Aug,8,Moderate rain,10,Aug,protest against attack on students demonstrating for safe roads
4212,2 women killed in Shahbagh traffic accident,2014-09-18 09:15:44,,shahbagh,Dhaka,2,3,"Bus, Cng-Run Auto-Rickshaw",collision,Bangladesh,event,road accident,2014-09-18,09:15:44,Sep,9,Moderate rain,9,Sep,collision
4215,DMP to observe Traffic Week from Sunday,2018-08-04 18:33:17,https://en.prothomalo.com/bangladesh/DMP-to-observe-Traffic-Week-from-Sunday,dhaka,Dhaka,0,0,,,Bangladesh,event,road accident,2018-08-04,18:33:17,Aug,8,Moderate rain,18,Aug,
4217,Road crash claims 3 lives,2018-05-06 15:27:39,https://en.prothomalo.com/bangladesh/Road-crash-claims-3-lives-3,shahpur area of kasba upazila,Brahmanbaria,3,0,Motorcycle,road accident,Bangladesh,event,road accident,2018-05-06,15:27:39,May,5,Moderate rain,15,May,road accident
4218,Road crash claims 3 lives,2018-05-06 15:27:39,https://en.prothomalo.com/bangladesh/Road-crash-claims-3-lives-2,shahpur area,Brahmanbaria,3,0,Motorcycle,,Bangladesh,event,road accident,2018-05-06,15:27:39,May,5,Moderate rain,15,May,
4219,Road crash claims 3 lives,2018-05-06 15:27:39,https://en.prothomalo.com/bangladesh/Road-crash-claims-3-lives,shahpur area,Brahmanbaria,3,0,Motorcycle,,Bangladesh,event,road accident,2018-05-06,15:27:39,May,5,Moderate rain,15,May,
4221,Students take to the streets for 6th day,2018-08-04 13:38:48,https://en.prothomalo.com/bangladesh/Students-take-to-the-streets-for-6th-day,dhaka,Dhaka,2,0,,road accident,Bangladesh,event,road accident,2018-08-04,13:38:48,Aug,8,Moderate rain,13,Aug,road accident
4222,2 hurt in Malibagh traffic accident,2014-09-07 13:01:23,https://en.prothomalo.com/bangladesh/2-hurt-in-Malibagh-traffic-accident,chowdhurypara area of malibagh,Dhaka,0,2,,,Bangladesh,event,road accident,2014-09-07,13:01:23,Sep,9,Light rain,13,Sep,
4223,Narayanganj road crash kills 8,2018-02-26 17:24:59,https://en.prothomalo.com/bangladesh/Narayanganj-road-crash-kills-nine,tribardi,Narayanganj,8,0,"Bus, Covered Van",head-on collision,Bangladesh,event,road accident,2018-02-26,17:24:59,Feb,2,Light rain,17,Feb,head-on collision
4226,Habiganj road crash kills 2,2018-03-21 13:03:27,https://en.prothomalo.com/bangladesh/Habiganj-road-crash-kills-2-2,dhaka-sylhet highway at daulatpur,Dhaka,2,0,"Bus, Cng-Run Auto-Rickshaw",bus rammed a cng-run auto-rickshaw,Bangladesh,event,road accident,2018-03-21,13:03:27,Mar,3,Mist,13,Mar,bus rammed a cngrun autorickshaw
4229,6 indicted over death of 2 students,2018-09-06 17:55:02,,airport road,Dhaka,2,0,,,Bangladesh,event,road accident,2018-09-06,17:55:02,Sep,9,Light rain,17,Sep,
4230,Ctg road crash kills 2,2018-02-12 09:47:56,https://en.prothomalo.com/bangladesh/Ctg-road-crash-kills-2-2,chittagong-cox's bazar road of patia,Chattogram,2,3,"Truck, Auto Rickshaw",truck hit auto rickshaw from behind,Bangladesh,event,road accident,2018-02-12,09:47:56,Feb,2,Partly cloudy,9,Feb,truck hit auto rickshaw from behind
4231,Ctg road crash kills 2,2018-02-12 09:47:56,https://en.prothomalo.com/bangladesh/Ctg-road-crash-kills-2-3,chittagong-cox's bazar road of patia,Chattogram,2,3,"Truck, Auto Rickshaw",truck hit auto rickshaw from behind,Bangladesh,event,road accident,2018-02-12,09:47:56,Feb,2,Partly cloudy,9,Feb,truck hit auto rickshaw from behind
4239,Gopalganj road crash kills 2,2018-04-08 13:21:17,https://en.prothomalo.com/bangladesh/Gopalganj-road-crash-kills-2,sadar upazila,Gopalganj,2,20,Bus,fell into a roadside ditch,Bangladesh,event,road accident,2018-04-08,13:21:17,Apr,4,Partly cloudy,13,Apr,fell into a roadside ditch
4242,Road crashes kill 5,2018-06-17 17:58:22,https://en.prothomalo.com/bangladesh/Road-crashes-kill-4,noakhali and thakurgaon districts,Thakurgaon,5,0,,,Bangladesh,event,road accident,2018-06-17,17:58:22,Jun,6,Moderate rain,17,Jun,
4244,Youth loses arm in Rajshahi road crash,2018-05-28 17:38:32,https://en.prothomalo.com/bangladesh/Youth-loses-right-arm-in-Rajshahi-road-crash,rajshahi's putia upazila,Rajshahi,0,1,"Bus, Truck","truck rammed into the bus, severing the victim's arm",Bangladesh,event,road accident,2018-05-28,17:38:32,May,5,,17,May,truck rammed into the bus severing the victims arm
4245,Road crashes claim 6 lives,2018-04-16 12:22:06,https://en.prothomalo.com/bangladesh/Road-crashes-claim-6-lives,porsha and potnitala upazilas,Naogaon,6,0,,,Bangladesh,event,road accident,2018-04-16,12:22:06,Apr,4,Light rain,12,Apr,
4248,5 missing in boat capsize,2018-03-24 11:26:21,,shitalakkhya river,,5,0,"Boat, Cargo Vessel",hit by a cargo vessel,Bangladesh,event,road accident,2018-03-24,11:26:21,Mar,3,,11,Mar,hit by a cargo vessel
4253,App-based ride sharing services getting popular,2019-05-08 13:56:33,https://en.prothomalo.com/bangladesh/App-based-ride-sharing-services-getting-popular,dhaka,Dhaka,0,0,"Motorbikes, Cars",lack of formal legal recognition and policy implementation,Bangladesh,event,road accident,2019-05-08,13:56:33,May,5,Partly cloudy,13,May,lack of formal legal recognition and policy implementation
4259,2 killed in Gaibandha road crash,2018-01-26 12:06:02,,jundoho bazar,Gaibandha,2,0,"Truck, Motorcycle",truck knocked down motorcycle,Bangladesh,event,road accident,2018-01-26,12:06:02,Jan,1,Clear sky,12,Jan,truck knocked down motorcycle
4261,Minor girl killed in Jashore road crash,2018-04-22 17:51:48,https://en.prothomalo.com/bangladesh/Minor-girl-killed-in-Jashore-road-crash,hogladanga village on manirampur-noapara road,Jashore,1,0,Motorcycle,motorcycle hitting a girl,Bangladesh,event,road accident,2018-04-22,17:51:48,Apr,4,Moderate rain,17,Apr,motorcycle hitting a girl