id,title,date,article_url,place_of_accident,district,number_of_deaths,number_of_injured,vehicle_type,cause_of_accident,country,report_type,type_of_accident,accident_date,accident_time,month,month_num,condition,accident_hour,month_name,cause_of_accident_normalized
4265,SC stays order on compensation to Rajib’s family,2018-05-22 12:03:57,https://en.prothomalo.com/bangladesh/SC-stays-order-on-compensation-to-Rajib’s-family,dhaka,Dhaka,1,0,Bus,,Bangladesh,event,road accident,2018-05-22,12:03:57,May,5,Heavy rain,12,May,
4267,Youth loses leg in road crash,2018-04-30 11:59:05,https://en.prothomalo.com/bangladesh/Yet-another-youth-loses-a-leg-in-Dhaka,jatrabari,Dhaka,0,1,Bus,speeding,Bangladesh,event,road accident,2018-04-30,11:59:05,Apr,4,Heavy rain,11,Apr,speeding
4268,3 killed as 2 motorbikes collide head-on,2018-04-30 11:55:17,https://en.prothomalo.com/bangladesh/3-killed-as-2-motorbikes-collide-head-on,dinajpur-gobindaganj highway at jaliapara in sadar upazila,Dinajpur,3,1,Motorcycles,head-on collision,Bangladesh,event,road accident,2018-04-30,11:55:17,Apr,4,Moderate rain,11,Apr,head-on collision
4269,'Ensure security to children',2018-08-04 13:37:04,https://en.prothomalo.com/bangladesh/Ensure-security-to-children,airport road,Dhaka,2,0,,reckless driving and lack of road safety measures,Bangladesh,event,road accident,2018-08-04,13:37:04,Aug,8,Moderate rain,13,Aug,reckless driving and lack of road safety measures
4271,"Natore road crash kills father, daughter",2017-12-28 21:12:46,,bypass road,Natore,2,0,"Bus, Motorcycle",bus rammed motorcycle,Bangladesh,event,road accident,2017-12-28,21:12:46,Dec,12,Clear sky,21,Dec,bus rammed motorcycle
4273,Ctg minor girl crushed under wardrobe,2018-03-04 16:50:51,,sanoara residential area,Chattogram,1,0,Falling Wardrobe/Almirah,crushed under falling wardrobe/almirah,Bangladesh,event,road accident,2018-03-04,16:50:51,Mar,3,Clear sky,16,Mar,crushed under falling wardrobealmirah
4278,Students block Airport Road protesting at 2 fellows’ death,2018-08-01 15:30:56,https://en.prothomalo.com/bangladesh/Students-block-Airport-Road-protesting-at-2,dhaka airport road,Dhaka,2,0,,road crash,Bangladesh,event,road accident,2018-08-01,15:30:56,Aug,8,Light rain,15,Aug,road accident
4279,"Bus runs over students waiting beside city road, 2 dead",2018-08-01 13:19:37,https://en.prothomalo.com/bangladesh/2-school-students-killed-as-city-bus-hit-a-dozen,"airport road, kurmitola",Dhaka,2,13,Bus,speedy bus ran over them,Bangladesh,event,road accident,2018-08-01,13:19:37,Aug,8,Light rain,13,Aug,speedy bus ran over them
4286,Human hauler ride takes 2 lives,2018-06-22 12:19:10,https://en.prothomalo.com/bangladesh/Human-hauler-ride-takes-2-lives,helipad area of charfassion upazila,Bhola,2,6,Human Hauler And A Trolley,collision,Bangladesh,event,road accident,2018-06-22,12:19:10,Jun,6,Moderate rain,12,Jun,collision
4287,Satkhira road crash kills 2,2018-02-04 11:46:35,https://en.prothomalo.com/bangladesh/Satkhira-road-crash-kills-2-2,satkhira-khulna road at chuknagar,Satkhira,2,0,"Bus, Motorcycle",bus crashed into their bike,Bangladesh,event,road accident,2018-02-04,11:46:35,Feb,2,Partly cloudy,11,Feb,bus crashed into their bike
4289,Univ student killed in Dhaka road accident,2014-08-22 22:25:45,https://en.prothomalo.com/bangladesh/Univ-student-killed-in-Dhaka-road-accident,begum rokeya sarani at taltola,Dhaka,1,0,,,Bangladesh,event,road accident,2014-08-22,22:25:45,Aug,8,Light rain,22,Aug,
4290,3 workers killed in Panchagarh roof collapse,2018-03-10 12:47:52,https://en.prothomalo.com/bangladesh/3-workers-killed-in-Panchagarh-roof-collapse,khanpukur area,Panchagarh,3,3,Refueling Station Roof,roof collapse,Bangladesh,event,road accident,2018-03-10,12:47:52,Mar,3,,12,Mar,roof collapse
4292,2 killed in traffic accidents,2014-08-22 15:32:07,https://en.prothomalo.com/bangladesh/2-killed-in-traffic-accident-in-Kalihati,eastern intersection approaching bangabandhu bridge,Tangail,2,3,,separate traffic accidents,Bangladesh,event,road accident,2014-08-22,15:32:07,Aug,8,Moderate rain,15,Aug,separate traffic accidents
4298,Gopalganj bus owners call off strike,2018-04-11 10:16:46,https://en.prothomalo.com/bangladesh/Gopalganj-bus-owners-call-off-strike,gopalganj,Gopalganj,0,0,Bus,strike,Bangladesh,event,road accident,2018-04-11,10:16:46,Apr,4,Moderate rain,10,Apr,strike
4300,Rajib's condition unstable,2018-04-11 10:03:33,https://en.prothomalo.com/bangladesh/Rajib-s-condition-unstable,karwan bazar,Dhaka,0,1,Bus,collision between two buses,Bangladesh,event,road accident,2018-04-11,10:03:33,Apr,4,Moderate rain,10,Apr,collision between two buses
4305,Road crash claims lives of 2 fish traders,2018-04-08 23:27:52,https://en.prothomalo.com/bangladesh/Road-crash-claims-lives-of-2-fish-traders,natore-bogura road at boiradighi,Bogra,2,2,"Cng-Run Auto-Rickshaw, Truck",truck hit auto-rickshaw,Bangladesh,event,road accident,2018-04-08,23:27:52,Apr,4,Moderate rain,23,Apr,truck hit autorickshaw
4309,2 killed in Panchagarh road crash,2018-02-24 16:33:04,https://en.prothomalo.com/bangladesh/2-killed-in-Panchagarh-road-crash-2,barister bazar area on panchagarh-tetulia highway,Panchagarh,2,0,"Truck, Motorcycle",truck crashed a motorcycle,Bangladesh,event,road accident,2018-02-24,16:33:04,Feb,2,,16,Feb,truck crashed a motorcycle
4310,2 killed in Panchagarh road crash,2018-02-24 16:33:04,https://en.prothomalo.com/bangladesh/2-killed-in-Panchagarh-road-crash,barister bazar area on panchagarh-tetulia highway,Panchagarh,2,0,"Truck, Motorcycle",truck crashed a motorcycle,Bangladesh,event,road accident,2018-02-24,16:33:04,Feb,2,,16,Feb,truck crashed a motorcycle
4311,Vessel capsized near Sundarbans yet to be salvaged,2018-04-17 22:32:52,https://en.prothomalo.com/business/Vessel-capsized-near-Sundarbans-yet-to-be-salvaged,pashur river,,0,0,Vessel,capsized,Bangladesh,event,road accident,2018-04-17,22:32:52,Apr,4,,22,Apr,unknown
4312,Collision of two trucks kills 1,2018-02-12 18:26:28,https://en.prothomalo.com/bangladesh/Collision-of-two-trucks-kills-1,chandipasha area of mymensingh-kishoreganj road,Mymensingh,1,4,Truck,road accident,Bangladesh,event,road accident,2018-02-12,18:26:28,Feb,2,Partly cloudy,18,Feb,road accident
4315,Woman killed while crossing capital road,2018-01-20 15:35:55,https://en.prothomalo.com/bangladesh/Woman-killed-while-crossing-capital-road,malibagh bazar,Dhaka,1,0,,,Bangladesh,event,road accident,2018-01-20,15:35:55,Jan,1,Clear sky,15,Jan,
4316,Shaheed Ramiz Uddin Cantonment College gets 5 buses,2018-08-04 13:47:11,https://en.prothomalo.com/bangladesh/Shaheed-Ramiz-Uddin-Cantonment-College-gets-5,shaheed ramiz uddin cantonment college,Dhaka,0,0,Bus,,Bangladesh,event,road accident,2018-08-04,13:47:11,Aug,8,Moderate rain,13,Aug,
4318,Gazipur road crash kills 3,2018-01-31 12:16:44,https://en.prothomalo.com/bangladesh/Gazipur-road-crash-kills-3-2,mc bazar on dhaka-mymensingh highway,Gazipur,3,2,Pick-Up Van,driver lost control over the steering,Bangladesh,event,road accident,2018-01-31,12:16:44,Jan,1,Partly cloudy,12,Jan,driver lost control over the steering
4319,Gazipur road crash kills 3,2018-01-31 12:16:44,https://en.prothomalo.com/bangladesh/Gazipur-road-crash-kills-3,mc bazar on dhaka-mymensingh highway,Gazipur,3,2,Pick-Up Van,driver lost control over the steering,Bangladesh,event,road accident,2018-01-31,12:16:44,Jan,1,Partly cloudy,12,Jan,driver lost control over the steering
4322,Cargo vessel sinks near Sundarbans,2018-04-15 17:46:36,https://en.prothomalo.com/bangladesh/Cargo-vessel-sinks-near-Sundarbans,pashur river in mongla upazila near sundarbans,Bagerhat,0,0,Cargo Vessel,capsized in the river after loading coal from mother vessel and stuck in a hidden shoal.,Bangladesh,event,road accident,2018-04-15,17:46:36,Apr,4,Moderate rain,17,Apr,capsized in the river after loading coal from mother vessel and stuck in a hidden shoal
4325,Pabna road crash kills 2,2018-01-19 16:05:48,https://en.prothomalo.com/bangladesh/Pabna-road-crash-kills-2,pabna-ishwardi highway in tentultola area,Pabna,2,5,"Auto Rickshaw, Bus",bus hit the auto rickshaw,Bangladesh,event,road accident,2018-01-19,16:05:48,Jan,1,Clear sky,16,Jan,bus hit the auto rickshaw
4327,Newlywed couple killed in road crash,2018-04-04 15:16:04,https://en.prothomalo.com/bangladesh/Newlywed-couple-killed-in-road-crash,digharkanda bypass intersection on dhaka-mymensingh highway,Mymensingh,2,3,"Private Car, Oil Tanker",private car crashed into a stationary oil tanker,Bangladesh,event,road accident,2018-04-04,15:16:04,Apr,4,Mainly clear,15,Apr,private car crashed into a stationary oil tanker
4329,Rajshahi road crash kills 2,2018-02-20 13:30:22,https://en.prothomalo.com/bangladesh/Rajshahi-road-crash-kills-2-2,rajshahi-chapainawabganj highway in kamarpara area of godagari upazila,Rajshahi,2,20,Bus,head-on collision,Bangladesh,event,road accident,2018-02-20,13:30:22,Feb,2,,13,Feb,head-on collision
4332,Schoolboy killed in Joypurhat brick kiln,2018-02-19 14:11:35,,brick kiln,Joypurhat,1,0,,mudslide,Bangladesh,event,road accident,2018-02-19,14:11:35,Feb,2,Clear sky,14,Feb,mudslide
4335,Woman’s leg crushed under city bus,2018-04-12 11:30:18,https://en.prothomalo.com/bangladesh/Woman’s-leg-crushed-under-city-bus,farmgate area,Dhaka,0,1,Bus,caught between a road divider and a bus,Bangladesh,event,road accident,2018-04-12,11:30:18,Apr,4,Moderate rain,11,Apr,caught between a road divider and a bus
4337,2 motorcyclists killed in Faridpur road crash,2018-03-12 12:52:18,https://en.prothomalo.com/bangladesh/2-motorcyclists-killed-in-Faridpur-road-crash,lohartek village,Faridpur,2,1,Motorcycle,hit a roadside tree,Bangladesh,event,road accident,2018-03-12,12:52:18,Mar,3,Light rain,12,Mar,hit a roadside tree
4340,Ctg road crash kills 2 motorcyclists,2018-01-27 13:59:32,,"kagojipara, patia upazila, chittagong-cox's bazar highway",Chattogram,2,0,"Bus, Motorcycle",bus knocked down motorcycle,Bangladesh,event,road accident,2018-01-27,13:59:32,Jan,1,Partly cloudy,13,Jan,bus knocked down motorcycle
4344,Comilla road crash kills minor,2018-02-03 11:34:56,https://en.prothomalo.com/bangladesh/Comilla-road-crash-kills-minor,comilla-noakhali road in natherpetua area,Cumilla,1,0,,crossing road,Bangladesh,event,road accident,2018-02-03,11:34:56,Feb,2,Mainly clear,11,Feb,crossing road
4347,College student goes missing in Padma river,2018-03-19 11:52:20,https://en.prothomalo.com/bangladesh/College-student-goes-missing-in-Padma-river,padma river,Rajshahi,0,0,,missing while returning,Bangladesh,event,road accident,2018-03-19,11:52:20,Mar,3,,11,Mar,missing while returning
4350,'66pc buildings in RAJUK areas unplanned',2019-03-30 19:40:47,https://en.prothomalo.com/bangladesh/66pc-buildings-in-RAJUK-areas-unplanned,dhaka,Dhaka,0,0,,unplanned construction,Bangladesh,event,road accident,2019-03-30,19:40:47,Mar,3,Light rain,19,Mar,unplanned construction
4352,Manikganj road crash injures 30,2017-12-27 16:43:49,https://en.prothomalo.com/bangladesh/Manikganj-road-crash-injures-30,second golra area on the dhaka-aricha highway in saturia upazila,Manikganj,0,30,Buses,head-on collision,Bangladesh,event,road accident,2017-12-27,16:43:49,Dec,12,Clear sky,16,Dec,head-on collision
4356,3 killed in Kishoreganj traffic accident,2014-08-21 15:25:16,https://en.prothomalo.com/bangladesh/3-killed-in-Kishoreganj-traffic-accident,pakundia upazila,Kishoreganj,3,7,Bus And Electric Auto-Rickshaw,head-on collision,Bangladesh,event,road accident,2014-08-21,15:25:16,Aug,8,Moderate rain,15,Aug,head-on collision
4359,Rajshahi bus collision kills 1,2018-02-11 17:15:34,https://en.prothomalo.com/bangladesh/Rajshahi-bus-collision-kills-1,dhaka-chapainawabganj highway,Rajshahi,1,1,Bus,,Bangladesh,event,road accident,2018-02-11,17:15:34,Feb,2,,17,Feb,
4360,Bus-bike collision kills 7 in Feni,2018-01-07 10:10:44,https://en.prothomalo.com/bangladesh/Bus-bike-collision-kills-seven-in-Feni,feni daganbhuiyan upazila,Feni,7,20,Bus And Motorbike,head-on collision,Bangladesh,event,road accident,2018-01-07,10:10:44,Jan,1,Clear sky,10,Jan,head-on collision
4362,Transformer blast burn 6 students in city,2018-02-10 16:12:50,https://en.prothomalo.com/bangladesh/Transformer-blast-burn-6-students-in-city,bangshal area,Dhaka,0,6,Transformer,transformer blasted,Bangladesh,event,road accident,2018-02-10,16:12:50,Feb,2,Partly cloudy,16,Feb,transformer blasted
4364,"Pickup van driver, helper killed in Habiganj road crash",2017-12-12 12:39:35,https://en.prothomalo.com/bangladesh/Pickup-van-driver-helper-killed-in-Habiganj-road,ratanpur area,Habiganj,2,0,"Pickup Van, Truck",collision,Bangladesh,event,road accident,2017-12-12,12:39:35,Dec,12,Light rain,12,Dec,collision
4365,Feni road crash kills 2,2018-02-24 16:38:38,https://en.prothomalo.com/bangladesh/Feni-road-crash-kills-2,dhaka-chittagong highway in chhnua area of feni sadar upazila,Feni,2,1,"Pick-Up Van, Covered Van",covered van hit a stationary pick-up van,Bangladesh,event,road accident,2018-02-24,16:38:38,Feb,2,Partly cloudy,16,Feb,covered van hit a stationary pickup van
4366,9 more protesting students walk out of jail,2018-08-25 12:18:59,https://en.prothomalo.com/bangladesh/9-more-protesting-students-walk-out-of-jail,dhaka central jail in keraniganj,Dhaka,0,0,,demonstrations in demand of safe roads,Bangladesh,event,road accident,2018-08-25,12:18:59,Aug,8,Dense rain,12,Aug,demonstrations in demand of safe roads
4367,Grameen Bank official killed in Pabna road crash,2018-01-20 13:12:42,https://en.prothomalo.com/bangladesh/Grameen-Bank-official-killed-in-Pabna-road-crash,pabna-dhaka highway in dakkhhin raghabpur area,Pabna,1,0,"Bus, Motorcycle",,Bangladesh,event,road accident,2018-01-20,13:12:42,Jan,1,Clear sky,13,Jan,
4369,Savar road crashes kill 4,2018-04-04 13:42:47,https://en.prothomalo.com/bangladesh/Savar-road-crashes-kill-4,dhaka-aricha highway in savar,Dhaka,4,1,"Motorcycle, Truck, Fire Service Vehicle",collision between motorcycle and truck/fire service vehicle,Bangladesh,event,road accident,2018-04-04,13:42:47,Apr,4,Duststorm or sandstorm,13,Apr,collision between motorcycle and truckfire service vehicle
4370,7-yr-old girl loses arm,2018-04-23 14:45:22,https://en.prothomalo.com/bangladesh/7-yr-old-girl-loses-arm,sherua battala,,0,1,Truck,truck hit the girl while she was crossing the road,Bangladesh,event,road accident,2018-04-23,14:45:22,Apr,4,,14,Apr,truck hit the girl while she was crossing the road
4372,"Furniture showroom, car gutted in Ctg fire",2018-02-19 14:13:08,,"ak khan gate area, chittagong city",Chattogram,0,0,Car,fire,Bangladesh,event,road accident,2018-02-19,14:13:08,Feb,2,Clear sky,14,Feb,fire
4374,2 devotees die at Moulvibazar ijtema,2018-01-27 13:36:28,,ijtema ground,Moulvibazar,2,0,,,Bangladesh,event,road accident,2018-01-27,13:36:28,Jan,1,,13,Jan,
4378,Sylhet landslide death toll rises to 3,2018-03-01 18:37:06,https://en.prothomalo.com/bangladesh/2-workers-killed-in-Sylhet-stone-quarry,sylhet,Sylhet,3,0,,landslide,Bangladesh,event,road accident,2018-03-01,18:37:06,Mar,3,rain not reaching ground,18,Mar,landslide
4383,4 killed in Sitakunda traffic accident,2014-08-08 12:36:53,https://en.prothomalo.com/bangladesh/3-killed-in-Sitakunda-traffic-accident,hatilota crossing on dhaka-chittagong highway,Chattogram,4,30,"Bus, Truck",head on collision,Bangladesh,event,road accident,2014-08-08,12:36:53,Aug,8,Moderate rain,12,Aug,head-on collision
4384,US road crash kills Bangladeshi woman,2018-02-17 13:11:50,https://en.prothomalo.com/bangladesh/US-road-crash-kills-Bangladeshi-woman,chicago,,1,0,Car,hit by a car while crossing a street,Bangladesh,event,road accident,2018-02-17,13:11:50,Feb,2,,13,Feb,hit by a car while crossing a street
4385,BRTC seeks stay on Rajib’s compensation order,2018-05-11 09:46:02,https://en.prothomalo.com/bangladesh/BRTC-seeks-stay-on-Rajib’s-compensation-order,,,1,0,,,Bangladesh,event,road accident,2018-05-11,09:46:02,May,5,,9,May,
4386,"Bus-covered van collision kills 5, injures 20 in Bogra",2018-01-01 18:08:47,https://en.prothomalo.com/bangladesh/Bus-covered-van-collision-kills-5-injures-20-in,"noymile, bogra-dhaka highway",Bogra,5,20,,,Bangladesh,event,road accident,2018-01-01,18:08:47,Jan,1,Partly cloudy,18,Jan,
4387,Satkhira road crash kills 1,2017-12-20 10:37:30,https://en.prothomalo.com/bangladesh/Satkhira-road-crash-kills-1-3,bhomra land port,Satkhira,1,4,,,Bangladesh,event,road accident,2017-12-20,10:37:30,Dec,12,Partly cloudy,10,Dec,
4388,Satkhira road crash kills 1,2017-12-20 10:37:30,https://en.prothomalo.com/bangladesh/Satkhira-road-crash-kills-1-2,bhomra land port,Satkhira,1,4,,,Bangladesh,event,road accident,2017-12-20,10:37:30,Dec,12,Partly cloudy,10,Dec,
4389,Satkhira road crash kills 1,2017-12-20 10:37:30,https://en.prothomalo.com/bangladesh/Satkhira-road-crash-kills-1,bhomra land port,Satkhira,1,4,,,Bangladesh,event,road accident,2017-12-20,10:37:30,Dec,12,Partly cloudy,10,Dec,
4390,2 SSC examinees killed in Rajshahi road crash,2018-02-05 13:16:42,https://en.prothomalo.com/bangladesh/2-SSC-examinees-killed-in-Rajshahi-road-crash,tarapur,Rajshahi,3,0,"Truck, Motorcycle",truck hit motorbike,Bangladesh,event,road accident,2018-02-05,13:16:42,Feb,2,,13,Feb,truck hit motorbike
4391,4 of a family burned in city fire,2018-03-10 12:28:54,https://en.prothomalo.com/bangladesh/4-of-a-family-burned-in-city-fire,dhaka’s kalyanpur area,Dhaka,0,4,House,fire originated from the kitchen,Bangladesh,event,road accident,2018-03-10,12:28:54,Mar,3,Clear sky,12,Mar,fire originated from the kitchen
4393,2 killed in Gopalganj road crash,2018-02-16 10:43:50,https://en.prothomalo.com/bangladesh/accident/2-killed-in-gopalganj-road-crash,dhaka-khulna highway near ratoil horticulture centre,Gopalganj,2,0,,,Bangladesh,event,road accident,2018-02-16,10:43:50,Feb,2,Partly cloudy,10,Feb,
4394,2 killed in Gopalganj road crash,2018-02-16 10:43:50,https://en.prothomalo.com/bangladesh/2-killed-in-Gopalganj-road-crash-2,dhaka-khulna highway near ratoil horticulture centre,Gopalganj,2,0,,,Bangladesh,event,road accident,2018-02-16,10:43:50,Feb,2,Partly cloudy,10,Feb,
4395,2 killed in Gopalganj road crash,2018-02-16 10:43:50,https://en.prothomalo.com/bangladesh/2-killed-in-Gopalganj-road-crash,dhaka-khulna highway near ratoil horticulture centre,Gopalganj,2,0,,,Bangladesh,event,road accident,2018-02-16,10:43:50,Feb,2,Partly cloudy,10,Feb,
4399,"Husband, wife killed in C’nawabganj road crash",2018-01-20 15:33:38,https://en.prothomalo.com/bangladesh/Husband-wife-killed-in-C’nawabganj-road-crash,ranihati,Nawabganj,2,0,Car,,Bangladesh,event,road accident,2018-01-20,15:33:38,Jan,1,Mainly clear,15,Jan,
4401,Gopalganj road crash kills 3,2018-02-22 20:31:46,https://en.prothomalo.com/bangladesh/Gopalganj-road-crash-kills-3-2,dhaka-khulna highway,Gopalganj,3,0,"Bus, Microbus",head-on collision,Bangladesh,event,road accident,2018-02-22,20:31:46,Feb,2,Partly cloudy,20,Feb,head-on collision
4404,Two killed in city road crash,2018-01-19 15:56:37,https://en.prothomalo.com/bangladesh/accident/two-killed-in-city-road-crash,shamibag area,Dhaka,2,1,"Motorcycle, Covered Van",collision between a motorcycle and a covered van,Bangladesh,event,road accident,2018-01-19,15:56:37,Jan,1,Clear sky,15,Jan,collision between a motorcycle and a covered van
4406,4 burnt people die in Rangpur hospital,2018-01-19 14:32:54,https://en.prothomalo.com/bangladesh/4-burnt-people-die-in-Rangpur-hospital,rangpur medical college hospital,Rangpur,4,0,,burns,Bangladesh,event,road accident,2018-01-19,14:32:54,Jan,1,Clear sky,14,Jan,burns
4408,KUET student killed in Mymensingh blast,2018-03-25 15:01:08,https://en.prothomalo.com/bangladesh/KUET-student-killed-in-Mymensingh-blast,masterbari,Mymensingh,1,3,,blast,Bangladesh,event,road accident,2018-03-25,15:01:08,Mar,3,Light rain,15,Mar,blast
4409,2 of a family killed in road accident,2014-08-03 11:41:54,,dhaka-mymensingh highway in master bari area,Mymensingh,2,0,Bus,bus hit pedestrians,Bangladesh,event,road accident,2014-08-03,11:41:54,Aug,8,Moderate rain,11,Aug,bus hit pedestrians
4410,School teacher killed in road crash,2018-01-18 00:04:20,https://en.prothomalo.com/bangladesh/School-teacher-killed-in-road-crash,near bhalaipur-ramnagar bridge,Chuadanga,1,0,,,Bangladesh,event,road accident,2018-01-18,00:04:20,Jan,1,Clear sky,0,Jan,
4413,3 killed in Sirajganj road crash,2015-04-18 12:12:23,https://en.prothomalo.com/bangladesh/3-killed-in-Sirajganj-road-crash-4,"baniagati, western approach road to bangabandhu bridge",Sirajganj,3,27,Truck And Bus,head-on collision,Bangladesh,event,road accident,2015-04-18,12:12:23,Apr,4,Moderate rain,12,Apr,head-on collision
4414,3 killed in Sirajganj road crash,2015-04-18 12:12:23,https://en.prothomalo.com/bangladesh/3-killed-in-Sirajganj-traffic-accident,baniagati,Sirajganj,3,27,Truck And Bus,head-on collision,Bangladesh,event,road accident,2015-04-18,12:12:23,Apr,4,Moderate rain,12,Apr,head-on collision
4415,3 killed in Sirajganj road crash,2015-04-18 12:12:23,https://en.prothomalo.com/bangladesh/3-killed-in-Sirajganj-road-crash-2,baniagati,Sirajganj,3,27,Truck And Bus,head-on collision,Bangladesh,event,road accident,2015-04-18,12:12:23,Apr,4,Moderate rain,12,Apr,head-on collision
4416,3 killed in Sirajganj road crash,2015-04-18 12:12:23,https://en.prothomalo.com/bangladesh/3-killed-in-Sirajganj-road-crash,"baniagati, western approach road to bangabandhu bridge",Sirajganj,3,27,Truck And Bus,head-on collision,Bangladesh,event,road accident,2015-04-18,12:12:23,Apr,4,Moderate rain,12,Apr,head-on collision
4418,Man killed in Magura road crash,2017-12-24 10:57:31,https://en.prothomalo.com/bangladesh/Man-killed-in-Magura-road-crash,hajamtola area of shalikha upazila on magura-jessore road,Magura,1,0,,,Bangladesh,event,road accident,2017-12-24,10:57:31,Dec,12,Partly cloudy,10,Dec,
4419,SC order on compensation to Rajib’s family tomorrow,2018-05-21 12:45:22,,titumir college,Dhaka,1,0,Brtc Bus,,Bangladesh,event,road accident,2018-05-21,12:45:22,May,5,Heavy rain,12,May,
4420,Bus kills easy-bike driver in Magura,2018-01-04 14:41:22,https://en.prothomalo.com/bangladesh/Bus-kills-easy-bike-driver-in-Magura,magura-jessore road,Magura,1,0,Easy-Bike,,Bangladesh,event,road accident,2018-01-04,14:41:22,Jan,1,Clear sky,14,Jan,
4421,"Mother, son killed in Moulvibazar road crash",2018-01-27 11:31:40,https://en.prothomalo.com/bangladesh/Mother-son-killed-in-Moulvibazar-road-crash,arjuna,Moulvibazar,2,0,"Tractor, Auto-Rickshaw",tractor hitting auto-rickshaw,Bangladesh,event,road accident,2018-01-27,11:31:40,Jan,1,,11,Jan,tractor hitting autorickshaw
4423,Covered van takes elderly woman's life,2018-02-17 18:54:33,https://en.prothomalo.com/bangladesh/Woman-killed-by-van-in-Badda,"badda, in front of fuji tower",Dhaka,1,0,Covered Van,hit while crossing the road,Bangladesh,event,road accident,2018-02-17,18:54:33,Feb,2,Clear sky,18,Feb,hit while crossing the road
4424,Teen burnt in Lakshimpur fire caused by gas leak,2018-01-03 12:10:32,https://en.prothomalo.com/bangladesh/Teen-burnt-in-Lakshimpur-fire-caused-by-gas-leak,ramganj town,Lakshmipur,1,0,Tea Stall,cooking gas cylinder leak,Bangladesh,event,road accident,2018-01-03,12:10:32,Jan,1,Mainly clear,12,Jan,cooking gas cylinder leak
4425,7 killed in Barisal road crash,2015-04-16 14:06:23,,dhaka-barisal highway near kashipur,Dhaka,7,0,"Truck, Human Hauler",truck hit human hauler coming from opposite direction,Bangladesh,event,road accident,2015-04-16,14:06:23,Apr,4,Light rain,14,Apr,truck hit human hauler coming from opposite direction
4428,"Policeman, wife, daughter die in accident",2014-07-31 11:54:42,,dhaka-chittagong highway at batisha in chouddagram upazila,Cumilla,3,0,Car,"tyre burst, crashed into railing",Bangladesh,event,road accident,2014-07-31,11:54:42,Jul,7,Moderate rain,11,Jul,tyre burst crashed into railing
4430,2 bikers killed in Comilla road crash,2017-12-15 12:30:39,https://en.prothomalo.com/bangladesh/2-bikers-killed-in-Comilla-road-crash,chiora on dhaka-chittagong highway,Cumilla,2,1,Motorcycle,,Bangladesh,event,road accident,2017-12-15,12:30:39,Dec,12,Clear sky,12,Dec,
4435,Comilla road crash kills minor boy,2017-12-31 12:59:05,https://en.prothomalo.com/bangladesh/Comilla-road-crash-kills-minor-boy,nurpur,Cumilla,1,0,,,Bangladesh,event,road accident,2017-12-31,12:59:05,Dec,12,Partly cloudy,12,Dec,
4436,Maheshkhali gas cylinder blast kills 2,2018-02-14 17:08:46,https://en.prothomalo.com/bangladesh/Maheshkhali-gas-cylinder-blast-kills-2,adinath temple fair,Cox's Bazar,2,3,Balloon Selling Cart,gas cylinder explosion,Bangladesh,event,road accident,2018-02-14,17:08:46,Feb,2,Partly cloudy,17,Feb,gas cylinder explosion
4437,Jessore road crash kills van driver,2017-12-31 11:31:03,https://en.prothomalo.com/bangladesh/Jessore-road-crash-kills-van-driver,jessore-khulna highway in front of singa adarsha degree college,Khulna,1,2,Rickshaw Van,road accident,Bangladesh,event,road accident,2017-12-31,11:31:03,Dec,12,Thunderstorm (slight),11,Dec,road accident
4438,"Bus hits home minister’s car, this time",2018-08-11 13:33:58,https://en.prothomalo.com/bangladesh/Bus-hits-home-minister’s-car-now,sher-e-bangla nagar area,Dhaka,0,0,"Car, Bus",bus hit car,Bangladesh,event,road accident,2018-08-11,13:33:58,Aug,8,Moderate rain,13,Aug,bus hit car
4439,20 killed in separate traffic accidents,2014-07-29 18:16:55,,"noakhali, narayanganj, bhola, faridpur and chittagong",Noakhali,20,0,,,Bangladesh,event,road accident,2014-07-29,18:16:55,Jul,7,Moderate rain,18,Jul,
4440,7 photojournalists injured in 'BCL attacks',2018-08-05 19:27:06,https://en.prothomalo.com/bangladesh/6-photojournalists-injured-in-attacks-by-‘BCL’,jhigatala and science laboratory areas,Dhaka,0,7,,attacks by unruly youths,Bangladesh,event,road accident,2018-08-05,19:27:06,Aug,8,Moderate rain,19,Aug,attacks by unruly youths
4442,Nawshaba on 4-day remand,2018-08-05 18:20:27,https://en.prothomalo.com/bangladesh/Actress-Nawshaba-on-4-day-remand,dhaka,Dhaka,0,0,,,Bangladesh,event,road accident,2018-08-05,18:20:27,Aug,8,Moderate rain,18,Aug,
4450,Housewife killed in Chapainawabganj road crash,2018-01-10 20:29:36,https://en.prothomalo.com/bangladesh/Housewife-killed-in-Chapainawabganj-road-crash,lalapara area,Nawabganj,1,0,,,Bangladesh,event,road accident,2018-01-10,20:29:36,Jan,1,Mainly clear,20,Jan,
4451,"‘Sir, please take the right side’, protestors to Tofail",2018-08-01 20:23:45,https://en.prothomalo.com/bangladesh/‘Sir-please-take-the-right-side’-protestors-to,near shahbagh,Dhaka,0,0,Car,student protests blocking road,Bangladesh,event,road accident,2018-08-01,20:23:45,Aug,8,Light rain,20,Aug,student protests blocking road
4457,Narayanganj bus plunge kills 2,2018-03-10 12:29:14,https://en.prothomalo.com/bangladesh/Narayanganj-bus-plunge-kills-2,dhaka-chittagong highway,Narayanganj,2,20,Bus,bus drove into a ditch,Bangladesh,event,road accident,2018-03-10,12:29:14,Mar,3,Clear sky,12,Mar,bus drove into a ditch
4458,BGB man killed in city road crash,2018-01-06 12:31:05,,near bijoy sarani,Dhaka,1,0,Motorcycle And Bus,bus knocked down ropon's motorcycle,Bangladesh,event,road accident,2018-01-06,12:31:05,Jan,1,Clear sky,12,Jan,bus knocked down ropons motorcycle