id,title,date,article_url,place_of_accident,district,number_of_deaths,number_of_injured,vehicle_type,cause_of_accident,country,report_type,type_of_accident,accident_date,accident_time,month,month_num,condition,accident_hour,month_name,cause_of_accident_normalized
4462,3 workers killed in Sylhet stone quarries,2018-03-28 08:34:55,https://en.prothomalo.com/bangladesh/3-workers-killed-in-Sylhet-stone-quarries,lampapani area of jaflong and companiganj upazila,Sylhet,3,0,Quarry Extraction Equipment,stone extraction,Bangladesh,event,road accident,2018-03-28,08:34:55,Mar,3,Mainly clear,8,Mar,stone extraction
4463,"Picnic bus plunge hurts 20 students, teachers",2018-02-26 16:02:51,https://en.prothomalo.com/bangladesh/Picnic-bus-plunge-hurts-20-students-teachers,"masjidpara, akhaura",Brahmanbaria,0,20,Bus,plunged into a roadside ditch,Bangladesh,event,road accident,2018-02-26,16:02:51,Feb,2,Moderate rain,16,Feb,plunged into a roadside ditch
4464,4 killed  in Sylhet stone quarry,2018-02-26 13:35:48,https://en.prothomalo.com/bangladesh/4-killed-in-Sylhet-stone-quarry,bholaganj area,Sylhet,4,3,Quarry Extraction Equipment,landslide,Bangladesh,event,road accident,2018-02-26,13:35:48,Feb,2,Moderate rain,13,Feb,landslide
4465,2 killed in Bogra road crash,2018-01-04 09:54:51,https://en.prothomalo.com/bangladesh/2-killed-in-Bogra-road-crash,bablatala on bogra-shantahar road,Bogra,2,5,Truck,road accident,Bangladesh,event,road accident,2018-01-04,09:54:51,Jan,1,Clear sky,9,Jan,road accident
4468,3 killed in road crash,2018-02-24 16:46:08,https://en.prothomalo.com/bangladesh/3-killed-in-road-crash-5,south keraniganj,Dhaka,3,1,"Auto-Rickshaw, Truck",truck hit auto-rickshaw,Bangladesh,event,road accident,2018-02-24,16:46:08,Feb,2,Mainly clear,16,Feb,truck hit autorickshaw
4469,3 killed in road crash,2018-02-24 16:46:08,https://en.prothomalo.com/bangladesh/3-killed-in-road-crash-4,south keraniganj,Dhaka,3,1,"Auto-Rickshaw, Truck",truck hit auto-rickshaw,Bangladesh,event,road accident,2018-02-24,16:46:08,Feb,2,Mainly clear,16,Feb,truck hit autorickshaw
4470,3 killed in road crash,2018-02-24 16:46:08,https://en.prothomalo.com/bangladesh/3-killed-in-road-crash-2,"south keraniganj, on the outskirts of the capital",Dhaka,3,1,"Auto-Rickshaw, Goods-Laden Truck",goods-laden truck hit the auto-rickshaw,Bangladesh,event,road accident,2018-02-24,16:46:08,Feb,2,Mainly clear,16,Feb,goodsladen truck hit the autorickshaw
4472,JCD leader killed as bus hits BNP leader's motorcade,2018-06-21 09:59:40,,amirabad area on the dhaka-chattogram highway,Chattogram,1,0,"Bus, Smaller Vehicles",shyamoli paribahan bus hit four smaller vehicles,Bangladesh,event,road accident,2018-06-21,09:59:40,Jun,6,Moderate rain,9,Jun,shyamoli paribahan bus hit four smaller vehicles
4474,4 Ijtema devotees killed in bus-truck collision,2018-01-22 11:09:51,https://en.prothomalo.com/bangladesh/Bus-Truck-collision-kills-4-Ijtema-devotees-in,"lalabazar, dakkhin surma upazila",Sylhet,4,10,"Bus, Truck",head-on collision,Bangladesh,event,road accident,2018-01-22,11:09:51,Jan,1,Partly cloudy,11,Jan,head-on collision
4475,Child among 3 killed in Rangunia landslide,2017-12-30 20:35:20,https://en.prothomalo.com/bangladesh/3-including-child-die-in-Rangunia,rangunia,Chattogram,3,0,,landslide during hill cutting,Bangladesh,event,road accident,2017-12-30,20:35:20,Dec,12,Partly cloudy,20,Dec,landslide during hill cutting
4476,Dhamrai road accident kills 3,2014-07-21 11:24:50,https://en.prothomalo.com/bangladesh/Dhamrai-road-accident-kills-3,dhaka-aricha highway in srirampur area,Dhaka,3,20,Bus And A Truck,head-on collision,Bangladesh,event,road accident,2014-07-21,11:24:50,Jul,7,Dense rain,11,Jul,head-on collision
4477,Rangpur road crash kills 2,2018-01-09 20:32:54,https://en.prothomalo.com/bangladesh/Rangpur-road-crash-kills-2-4,bairagiganj on rangpur-bogra highway,Rangpur,2,5,Bus,head-on collision,Bangladesh,event,road accident,2018-01-09,20:32:54,Jan,1,Clear sky,20,Jan,head-on collision
4479,Rangpur road crash kills 2,2018-01-09 20:32:54,https://en.prothomalo.com/bangladesh/Rangpur-road-crash-kills-2-2,bairagiganj on rangpur-bogra highway,Rangpur,2,5,Bus,head-on collision,Bangladesh,event,road accident,2018-01-09,20:32:54,Jan,1,Clear sky,20,Jan,head-on collision
4481,One killed in Rajshahi road crash,2017-11-17 12:43:35,https://en.prothomalo.com/bangladesh/One-killed-in-Rajshahi-road-crash,rajshahi-chapainawabganj highway at gopalpur,Rajshahi,1,1,,,Bangladesh,event,road accident,2017-11-17,12:43:35,Nov,11,,12,Nov,
4483,Rajshahi bus plunge injures 15 labourers,2017-12-27 16:47:18,https://en.prothomalo.com/bangladesh/Rajshahi-bus-plunge-injures-15-labourers,hargram natunpara,Rajshahi,0,15,,,Bangladesh,event,road accident,2017-12-27,16:47:18,Dec,12,,16,Dec,
4485,Couple killed in Faridpur road crash,2018-01-07 22:52:17,https://en.prothomalo.com/bangladesh/Couple-killed-in-Faridpur-road-crash,"parikkhatapur, dhaka-khulna highway",Faridpur,2,0,"Truck, Motorcycle",truck hit motorcycle,Bangladesh,event,road accident,2018-01-07,22:52:17,Jan,1,Clear sky,22,Jan,truck hit motorcycle accident
4488,Worker killed in Magura road crash,2017-12-14 13:03:02,https://en.prothomalo.com/bangladesh/Worker-killed-in-Magura-road-crash,belnagar on magura-kamarkhali road,Magura,1,2,,,Bangladesh,event,road accident,2017-12-14,13:03:02,Dec,12,Mainly clear,13,Dec,
4489,Bagerhat road crash kills 1,2018-01-28 10:34:14,https://en.prothomalo.com/bangladesh/Bagerhat-road-crash-kills-1-2,dhaka-mawa highway,Bagerhat,1,4,,,Bangladesh,event,road accident,2018-01-28,10:34:14,Jan,1,"Hail, thunderstorm",10,Jan,
4490,Faridpur road crash kills 5,2018-02-07 16:55:02,https://en.prothomalo.com/bangladesh/Faridpur-road-crash-kills-5,near municipality brac office on dhaka-khulna highway,Faridpur,5,2,Bus And Easy-Bike,collision between bus and easy-bike,Bangladesh,event,road accident,2018-02-07,16:55:02,Feb,2,Partly cloudy,16,Feb,collision between bus and easybike
4492,Gopalganj road crash kills 4,2018-02-27 19:02:00,https://en.prothomalo.com/bangladesh/Gopalganj-road-crash-kills-3,dhaka-khulna highway at pona in kashiani upazila,Gopalganj,4,20,"Bus, Truck",head-on collision,Bangladesh,event,road accident,2018-02-27,19:02:00,Feb,2,Partly cloudy,19,Feb,head-on collision
4496,Barisal road crash kills 2,2018-03-18 13:13:37,https://en.prothomalo.com/bangladesh/Barisal-road-crash-kills-2-2,dhaka-barisal highway in front of divisional commissioner's office,Dhaka,2,1,"Bus, Motorcycle",head-on collision,Bangladesh,event,road accident,2018-03-18,13:13:37,Mar,3,Patches of fog,13,Mar,head-on collision
4498,3 JCD leaders killed in road accident,2014-07-22 22:28:20,https://en.prothomalo.com/bangladesh/3-JCD-leaders-killed-in-road-accident,dulhapur,Rangpur,3,0,,road accident,Bangladesh,event,road accident,2014-07-22,22:28:20,Jul,7,Moderate rain,22,Jul,road accident
4501,Dhaka struggles to restore order on the streets,2019-03-20 10:12:31,,dhaka,Dhaka,0,0,,lack of discipline on streets,Bangladesh,event,road accident,2019-03-20,10:12:31,Mar,3,Mainly clear,10,Mar,lack of discipline on streets
4504,Deadly ship graveyards of Bangladesh,2020-01-31 20:20:31,,sitakunda,Chattogram,0,0,Bus,,Bangladesh,event,road accident,2020-01-31,20:20:31,Jan,1,Light rain,20,Jan,
4509,"Road crash kills trucker, helper",2017-12-08 12:51:24,https://en.prothomalo.com/bangladesh/Road-crash-kills-trucker-helper,dhaka-sylhet highway,Narsingdi,2,5,Truck,,Bangladesh,event,road accident,2017-12-08,12:51:24,Dec,12,Dense rain,12,Dec,
4513,Bagerhat road crash kills one,2017-11-19 13:30:19,https://en.prothomalo.com/bangladesh/Bagerhat-road-crash-kills-1,bagerhat-khulna road in fulbari area,Bagerhat,1,0,"Bus, Human Hauler",bus hit a human hauler,Bangladesh,event,road accident,2017-11-19,13:30:19,Nov,11,Moderate rain,13,Nov,bus hit a human hauler
4515,Policeman killed in Ctg road crash,2018-02-06 11:24:10,https://en.prothomalo.com/bangladesh/Policeman-killed-in-Ctg-road-crash,chittagong-cox's bazar road,Chattogram,1,2,Other,road accident,Bangladesh,event,road accident,2018-02-06,11:24:10,Feb,2,Partly cloudy,11,Feb,road accident
4517,Motorcyclist killed in head on collision with truck,2017-12-01 00:39:42,https://en.prothomalo.com/bangladesh/Motorcyclist-killed-in-head-on-collision-with,uthali bazar area,Chuadanga,1,0,Motorcycle And Truck,head on collision,Bangladesh,event,road accident,2017-12-01,00:39:42,Dec,12,Clear sky,0,Dec,head-on collision
4518,Dhaka-Ctg rail link restored after 6 hrs,2018-01-13 16:54:43,,banasua,Dhaka,0,0,Demu Train And A Truck,collision,Bangladesh,event,road accident,2018-01-13,16:54:43,Jan,1,Partly cloudy,16,Jan,collision
4520,Rozina also dies,2018-04-30 11:52:31,https://en.prothomalo.com/bangladesh/Rozina-also-dies,dhaka medical college hospital,Dhaka,1,0,,road crash,Bangladesh,event,road accident,2018-04-30,11:52:31,Apr,4,Heavy rain,11,Apr,road accident
4522,Khaleda criticises govt over road safety,2015-04-09 21:01:32,,faridpur-,Faridpur,25,21,Bus,crashing into roadside trees,Bangladesh,event,road accident,2015-04-09,21:01:32,Apr,4,Light rain,21,Apr,crashing into roadside trees
4525,Students continue protest for fifth day,2018-08-02 17:54:09,,city,Dhaka,2,0,,,Bangladesh,event,road accident,2018-08-02,17:54:09,Aug,8,Heavy rain,17,Aug,
4533,Bus-truck collision kills 2 in Gopalganj,2018-01-08 09:39:51,,dhaka-khulna highway,Dhaka,2,10,Bus And A Truck,head-on collision,Bangladesh,event,road accident,2018-01-08,09:39:51,Jan,1,Clear sky,9,Jan,head-on collision
4536,20 BL college teachers injured in road crash,2017-11-24 14:01:52,,rupsha bridge,Khulna,0,20,,road accident,Bangladesh,event,road accident,2017-11-24,14:01:52,Nov,11,Clear sky,14,Nov,road accident
4538,Man killed in city road crash,2017-11-12 11:10:07,https://en.prothomalo.com/bangladesh/Man-killed-in-city-road-accident,badda link road,Dhaka,1,0,Vehicle,,Bangladesh,event,road accident,2017-11-12,11:10:07,Nov,11,Partly cloudy,11,Nov,
4540,Man killed in city road crash,2017-11-12 11:10:07,https://en.prothomalo.com/bangladesh/Man-killed-in-city-road-crash-9,badda link road,Dhaka,1,0,,,Bangladesh,event,road accident,2017-11-12,11:10:07,Nov,11,Partly cloudy,11,Nov,
4541,Man killed in city road crash,2017-11-12 11:10:07,https://en.prothomalo.com/bangladesh/Man-killed-in-city-road-crash-5,badda link road,Dhaka,1,0,,,Bangladesh,event,road accident,2017-11-12,11:10:07,Nov,11,Partly cloudy,11,Nov,
4545,3 killed in Jatrabari road accident,2014-07-03 12:46:28,https://en.prothomalo.com/bangladesh/3-killed-in-Jatrabari-road-accident,dhaka-chittagong highway near south jatrabari toll plaza,Dhaka,3,0,,,Bangladesh,event,road accident,2014-07-03,12:46:28,Jul,7,Moderate rain,12,Jul,
4548,‘Civil society betraying people by remaining silent’,2019-07-28 17:03:23,https://en.prothomalo.com/opinion/‘Civil-society-betraying-people-by-remaining,various,,0,0,"Cars, Motorcycles, Trains","general lawlessness, lack of security, mob violence, road accidents, train accidents",Bangladesh,event,road accident,2019-07-28,17:03:23,Jul,7,,17,Jul,general lawlessness lack of security mob violence road accidents train accidents
4550,Barisal road crash kills 2 college students,2018-01-26 22:43:26,https://en.prothomalo.com/bangladesh/Barisal-road-crash-kills-2-college-students,khoirabad bridge on barisal-patuakhali road,Patuakhali,2,1,"Pickup Van, Motorcycle",head-on collision,Bangladesh,event,road accident,2018-01-26,22:43:26,Jan,1,Precipitation within sight,22,Jan,head-on collision
4551,Girl loses leg in city road crash,2018-04-22 17:52:24,https://en.prothomalo.com/bangladesh/Girl-loses-leg-in-city-road-crash,airport road,,0,1,Brtc Bus,bus ran over girl,Bangladesh,event,road accident,2018-04-22,17:52:24,Apr,4,,17,Apr,bus ran over girl
4553,5 killed in Brahmanbaria road accident,2014-07-01 19:43:56,https://en.prothomalo.com/bangladesh/5-killed-in-Brahmanbaria-road-accident,sarail,Brahmanbaria,5,0,"Truck, Auto-Rickshaw",head-on collision,Bangladesh,event,road accident,2014-07-01,19:43:56,Jul,7,Moderate rain,19,Jul,head-on collision
4554,Jessore bus accident death toll hits 10,2014-07-01 16:41:38,https://en.prothomalo.com/bangladesh/Jessore-bus-accident-death-toll-hits-10,jessore,,10,0,,,Bangladesh,event,road accident,2014-07-01,16:41:38,Jul,7,,16,Jul,
4561,Magura road crash kills 2,2017-12-11 09:48:21,https://en.prothomalo.com/bangladesh/Magura-road-crash-kills-2-3,jagla,Magura,2,0,Truck,hit a roadside tree and plunged into a ditch,Bangladesh,event,road accident,2017-12-11,09:48:21,Dec,12,Partly cloudy,9,Dec,hit a roadside tree and plunged into a ditch
4562,Gopalganj road crash death toll rises to 8,2018-04-01 14:41:38,https://en.prothomalo.com/bangladesh/Gopalganj-bus-plunge-kills-6,biswambordi,Gopalganj,8,23,Bus,driver lost control over the steering,Bangladesh,event,road accident,2018-04-01,14:41:38,Apr,4,Partly cloudy,14,Apr,driver lost control over the steering
4563,Ridoy crying in pain at DMCH,2018-04-19 13:13:49,,dhaka medical college hospital,Dhaka,1,1,Bus,collision,Bangladesh,event,road accident,2018-04-19,13:13:49,Apr,4,Moderate rain,13,Apr,collision
4568,"Driver, helper killed as bus falls into Kushtia ditch",2018-01-11 09:10:44,,kumarkhali upazila,Kushtia,2,20,Bus,plunged into a roadside ditch,Bangladesh,event,road accident,2018-01-11,09:10:44,Jan,1,Partly cloudy,9,Jan,plunged into a roadside ditch
4576,Kushtia road crash injures 35 cops,2018-01-07 18:22:01,https://en.prothomalo.com/bangladesh/Kushtia-road-crash-injures-35-cops,central bus terminal area in kushtia town,Kushtia,0,35,Bus,plunged into a roadside ditch,Bangladesh,event,road accident,2018-01-07,18:22:01,Jan,1,Clear sky,18,Jan,plunged into a roadside ditch
4581,Madaripur road crash kills 2,2017-11-24 15:50:55,https://en.prothomalo.com/bangladesh/Madaripur-road-crash-kills-2,kadirpur village,Madaripur,2,1,Motorcycle,road accident,Bangladesh,event,road accident,2017-11-24,15:50:55,Nov,11,Clear sky,15,Nov,road accident
4583,Narsingdi road crashes kill 9,2018-04-06 20:10:16,https://en.prothomalo.com/bangladesh/Narsingdi-road-crashes-kill-9,dhaka-sylhet highway at charabagh and dhaka-habiganj highway in front of birampur palli bidyut office,Narsingdi,7,0,"Bus, Motorbike, Rickshaw, Pedestrian","bus hitting motorbike, bus losing control and pushing rickshaw",Bangladesh,event,road accident,2018-04-06,20:10:16,Apr,4,Moderate rain,20,Apr,bus hitting motorbike bus losing control and pushing rickshaw
4584,2 drivers remanded over Rajib injury,2018-04-06 11:31:16,https://en.prothomalo.com/bangladesh/2-drivers-remanded-over-Rajib-injury,dhaka,Dhaka,0,1,Bus,vehicle collision (buses),Bangladesh,event,road accident,2018-04-06,11:31:16,Apr,4,Moderate rain,11,Apr,vehicle collision buses
4585,DMCH bears Rajib treatment cost,2018-04-06 11:27:30,https://en.prothomalo.com/bangladesh/DMCH-bears-Rajib-treatment-cost,dhaka,Dhaka,0,1,Bus,collision between two buses,Bangladesh,event,road accident,2018-04-06,11:27:30,Apr,4,Moderate rain,11,Apr,collision between two buses
4586,"Manikganj road crash kills 2, injures 17",2018-02-08 22:48:53,https://en.prothomalo.com/bangladesh/Manikganj-road-crash-kills-2-injures-17,zoka area,Manikganj,2,15,Bus,drove into a ditch,Bangladesh,event,road accident,2018-02-08,22:48:53,Feb,2,Partly cloudy,22,Feb,drove into a ditch
4592,3 killed in Dinajpur bus-car collision,2017-10-20 18:19:33,https://en.prothomalo.com/bangladesh/3-killed-in-Dinajpur-bus-private-car-collision,egaro mile area,Dinajpur,3,1,Private Car And A Bus,head-on collision,Bangladesh,event,road accident,2017-10-20,18:19:33,Oct,10,Heavy rain,18,Oct,head-on collision
4594,"Father, daughter killed in Pirojpur road crash",2017-12-04 14:13:50,https://en.prothomalo.com/bangladesh/Pirojpur-road-crash-kills-2-of-a-family,pirojpur bridge,Pirojpur,2,3,,,Bangladesh,event,road accident,2017-12-04,14:13:50,Dec,12,Clear sky,14,Dec,
4595,Ctg road crash kills 2,2017-12-04 14:04:34,https://en.prothomalo.com/bangladesh/Ctg-road-crash-kills-2-2,sitakunda,Chattogram,2,2,,,Bangladesh,event,road accident,2017-12-04,14:04:34,Dec,12,Partly cloudy,14,Dec,
4602,Police officer killed in traffic accident,2014-06-24 11:07:31,https://en.prothomalo.com/bangladesh/Police-officer-killed-in-traffic-accident,ashuganj,Brahmanbaria,1,0,,traffic accident,Bangladesh,event,road accident,2014-06-24,11:07:31,Jun,6,Moderate rain,11,Jun,traffic accident
4605,Khulna youth dev official killed in road crash,2017-11-22 18:46:08,https://en.prothomalo.com/bangladesh/Khulna-youth-dev-official-killed-in-road-crash,phultala upazila,Khulna,1,1,Car,road accident,Bangladesh,event,road accident,2017-11-22,18:46:08,Nov,11,Haze,18,Nov,road accident
4617,Sunamganj car plunge kills 4,2017-12-15 20:41:52,https://en.prothomalo.com/bangladesh/Sunamganj-car-plunge-kills-4,roadside ditch,Sunamganj,4,0,Car,plunged into a roadside ditch,Bangladesh,event,road accident,2017-12-15,20:41:52,Dec,12,Partly cloudy,20,Dec,plunged into a roadside ditch
4622,Road crash kills 4,2017-11-04 13:10:21,https://en.prothomalo.com/bangladesh/Road-crash-kills-4,shalbagan,Dinajpur,4,0,Pickup Van And Auto-Rickshaw,collision between pickup van and auto-rickshaw,Bangladesh,event,road accident,2017-11-04,13:10:21,Nov,11,Clear sky,13,Nov,collision between pickup van and autorickshaw
4623,Dinajpur road crash kills 2,2017-10-02 11:51:26,https://en.prothomalo.com/bangladesh/Dinajpur-road-crash-kills-2,in front of sadar upazila office,Dinajpur,2,0,"Bus, Auto-Rickshaw",bus hitting auto-rickshaw from behind,Bangladesh,event,road accident,2017-10-02,11:51:26,Oct,10,Moderate rain,11,Oct,bus hitting autorickshaw from behind
4632,Series of sabotages led to 21 August grenade attack,2019-08-20 15:18:34,,bangabandhu avenue,Dhaka,24,200,,grenade attack by militant group,Bangladesh,event,road accident,2019-08-20,15:18:34,Aug,8,Light rain,15,Aug,grenade attack by militant group
4634,2 killed in Sirajganj traffic accident,2014-06-13 13:04:34,https://en.prothomalo.com/bangladesh/2-killed-in-Sirajganj-traffic-accident-2,dhaka-bogra highway at ghurka beltala,Sirajganj,2,0,Truck,truck ran over pedestrians,Bangladesh,event,road accident,2014-06-13,13:04:34,Jun,6,Moderate rain,13,Jun,truck ran over pedestrians
4636,3 killed in Netrakona traffic accident,2014-06-13 09:15:55,,netrakona-dhaka highway near brtc bus stand,Netrakona,3,0,"Truck, Motorcycle",truck hit motorcycle,Bangladesh,event,road accident,2014-06-13,09:15:55,Jun,6,,9,Jun,truck hit motorcycle accident
4638,"Vested quarter tried to cash in on schoolchildren’s anger, says PM Hasina",2018-08-31 23:12:36,,,,2,0,,,Bangladesh,event,road accident,2018-08-31,23:12:36,Aug,8,,23,Aug,
4643,Rajshahi bike crash kills two teens,2017-11-26 11:22:50,https://en.prothomalo.com/bangladesh/Rajshahi-bike-crash-kills-two-teens,durgaspur-katakhali road,Rajshahi,2,0,Motorcycle,,Bangladesh,event,road accident,2017-11-26,11:22:50,Nov,11,,11,Nov,
4645,2 Biswa Ijtema devotees die,2018-01-12 15:47:04,https://en.prothomalo.com/bangladesh/2-Biswa-Ijtema-devotees-die,tongi,Gazipur,2,0,,on their way to join the 53rd biswa ijtema,Bangladesh,event,road accident,2018-01-12,15:47:04,Jan,1,Partly cloudy,15,Jan,on their way to join the 53rd biswa ijtema
4647,40-km human chain for addressing ‘death trap’,2018-04-08 13:10:10,https://en.prothomalo.com/bangladesh/40-km-human-chain-for-addressing-‘death-trap’,sitakunda,Chattogram,0,0,,recurring road accidents,Bangladesh,event,road accident,2018-04-08,13:10:10,Apr,4,Light rain,13,Apr,recurring road accidents
4649,"Agitating students take to streets, buses torched",2018-08-01 16:03:31,https://en.prothomalo.com/bangladesh/Agitating-students-torch-two-buses-in-capital,"airport road, dhaka",Dhaka,2,0,,road crash,Bangladesh,event,road accident,2018-08-01,16:03:31,Aug,8,Light rain,16,Aug,road accident
4651,2 killed in Pabna road crash,2017-12-02 20:12:13,https://en.prothomalo.com/bangladesh/accident/2-killed-in-pabna-road-crash,nurpur area on pabna-gachhpara road,Pabna,2,4,"Truck, Auto-Rickshaw",truck hitting auto-rickshaw,Bangladesh,event,road accident,2017-12-02,20:12:13,Dec,12,Clear sky,20,Dec,truck hitting autorickshaw
4652,2 killed in Pabna road crash,2017-12-02 20:12:13,https://en.prothomalo.com/bangladesh/2-killed-in-Pabna-road-crash-2,nurpur area on pabna-gachhpara road,Pabna,2,4,"Truck, Auto-Rickshaw",truck hit auto-rickshaw,Bangladesh,event,road accident,2017-12-02,20:12:13,Dec,12,Clear sky,20,Dec,truck hit autorickshaw
4654,Death on the streets again,2018-07-31 14:31:40,https://en.prothomalo.com/opinion/Death-on-the-streets-again,dhaka streets,Dhaka,1,0,Bus,reckless driving and racing between buses,Bangladesh,event,road accident,2018-07-31,14:31:40,Jul,7,Dense rain,14,Jul,reckless driving and racing between buses
4658,3 killed in Comilla traffic accident,2014-06-08 09:51:32,https://en.prothomalo.com/bangladesh/3-killed-in-Comilla-traffic-accident,adarsha sadar upazila,Cumilla,3,2,"Covered-Van, Cng-Run Auto-Rickshaw",covered-van rammed a cng-run auto-rickshaw,Bangladesh,event,road accident,2014-06-08,09:51:32,Jun,6,Light rain,9,Jun,coveredvan rammed a cngrun autorickshaw
4659,Two bus drivers held,2018-04-04 17:26:45,https://en.prothomalo.com/bangladesh/Two-bus-drivers-held,dhaka,Dhaka,0,1,Bus,bus collision,Bangladesh,event,road accident,2018-04-04,17:26:45,Apr,4,Duststorm or sandstorm,17,Apr,bus collision
4660,2 Juba League leaders killed in road accident,2014-06-07 19:11:41,https://en.prothomalo.com/bangladesh/2-Juba-League-leaders-killed-in-road-accident,dhaka- aricha highway,Manikganj,2,0,,,Bangladesh,event,road accident,2014-06-07,19:11:41,Jun,6,Partly cloudy,19,Jun,
4661,3 killed in Gopalganj road accident,2014-06-07 10:19:47,https://en.prothomalo.com/bangladesh/3-killed-in-Gopalganj-road-accident,dhaka-khulna highway at pona,Gopalganj,3,30,Bus,plunged into a roadside ditch,Bangladesh,event,road accident,2014-06-07,10:19:47,Jun,6,Light rain,10,Jun,plunged into a roadside ditch
4662,Noakhali road crash kills 2 motorcyclists,2017-12-09 21:38:13,https://en.prothomalo.com/bangladesh/Noakhali-road-crash-kills-2-motorcyclists,sonaimuri-kankirhat road,Noakhali,2,1,Motorcycle,,Bangladesh,event,road accident,2017-12-09,21:38:13,Dec,12,Heavy rain,21,Dec,
4669,"Battery-run rickshaws, easy bikes banned in Comilla",2017-12-18 13:37:28,https://en.prothomalo.com/bangladesh/Battery-run-rickshaws-easy-bikes-banned-in,,Cumilla,0,0,Battery-Run Rickshaws And Easy-Bikes,,Bangladesh,event,road accident,2017-12-18,13:37:28,Dec,12,Precipitation within sight,13,Dec,
4674,Fisherman dies as launch hits trawler in Bhola,2017-11-18 00:03:15,https://en.prothomalo.com/bangladesh/Fisherman-dies-as-launch-hits-trawler-in-Bhola,meghna river,Bhola,1,0,Launch And Trawler,launch hit trawler,Bangladesh,event,road accident,2017-11-18,00:03:15,Nov,11,Moderate rain,0,Nov,launch hit trawler
4676,Savar road crash kills 2,2017-11-05 12:47:23,https://en.prothomalo.com/bangladesh/Savar-road-crash-kills-2-3,pakija area,Dhaka,2,3,,,Bangladesh,event,road accident,2017-11-05,12:47:23,Nov,11,Dense rain,12,Nov,
4677,Girl dies falling off easy bike,2017-09-18 08:58:44,,monirampur,,1,0,Easy-Bike,fell from a speeding easy-bike,Bangladesh,event,road accident,2017-09-18,08:58:44,Sep,9,,8,Sep,fell from a speeding easybike
4679,Wild elephant kills 2 at Kutupalong Rohingya camp,2018-02-24 16:34:40,https://en.prothomalo.com/bangladesh/Wild-elephant-kills-2-at-Kutupalong-Rohingya-camp,rohingya refugee camp,Cox's Bazar,2,0,Elephant,rampaging elephant attack,Bangladesh,event,road accident,2018-02-24,16:34:40,Feb,2,Clear sky,16,Feb,rampaging elephant attack
4681,7 killed in Bagerhat road accident,2014-05-24 19:10:34,https://en.prothomalo.com/bangladesh/7-killed-in-Bagerhat-road-accident,fakirhat upazila,Bagerhat,7,20,Traffic Accident,,Bangladesh,event,road accident,2014-05-24,19:10:34,May,5,Moderate rain,19,May,
4682,3 killed in Comilla road accident,2014-05-24 14:20:46,https://en.prothomalo.com/bangladesh/3-killed-in-Comilla-road-accident,dhaka-chittagong highway at baropara,Cumilla,3,15,"Bus, Truck",triangular collision,Bangladesh,event,road accident,2014-05-24,14:20:46,May,5,Dense rain,14,May,triangular collision
4683,Road accident kills two in Savar,2014-05-24 11:24:59,https://en.prothomalo.com/bangladesh/Road-accident-kills-two-in-Savar,baliarpur bus stand,Dhaka,2,5,"Microbus, Truck",head-on collision,Bangladesh,event,road accident,2014-05-24,11:24:59,May,5,Moderate rain,11,May,head-on collision
4686,"Gaibandha MP, among 4 severely injured in road crash",2017-11-18 22:18:44,https://en.prothomalo.com/bangladesh/Gaibandha-MP-3-others-severely-injured-in-road,natiyapara of delduar upazila on dhaka tangail highway,Tangail,0,4,Microbus And Bus,head-on collision,Bangladesh,event,road accident,2017-11-18,22:18:44,Nov,11,Moderate rain,22,Nov,head-on collision
4694,Schoolboy meets death on the way to rally,2018-03-07 22:14:24,https://en.prothomalo.com/bangladesh/Schoolboy-meets-death-on-the-way-to-rally,dhamrai upazila,Dhaka,1,0,Bus,sticking head out of bus window and hitting a tree,Bangladesh,event,road accident,2018-03-07,22:14:24,Mar,3,Partly cloudy,22,Mar,sticking head out of bus window and hitting a tree
4700,3 die in Dhamrai traffic accident,2014-05-20 10:57:27,https://en.prothomalo.com/bangladesh/3-die-in-Dhamrai-traffic-accident,dhamrai,Dhaka,3,22,Bus,fell into a ditch,Bangladesh,event,road accident,2014-05-20,10:57:27,May,5,Squalls,10,May,fell into a ditch
4703,Ananta Jalil to bear educational expenses of Rajib’s brothers,2018-04-19 13:20:13,https://en.prothomalo.com/bangladesh/Ananta-Jalil-to-bear-educational-expenses-of,dhaka,Dhaka,1,0,,tragic road accident,Bangladesh,event,road accident,2018-04-19,13:20:13,Apr,4,Moderate rain,13,Apr,tragic road accident
4704,Quader finds Rajib too responsible,2018-04-19 13:17:19,https://en.prothomalo.com/bangladesh/Quader-says-Rajib-was-probably-also-responsible,,,1,0,,"road accident, victim's responsibility debated",Bangladesh,event,road accident,2018-04-19,13:17:19,Apr,4,,13,Apr,road accident victims responsibility debated
4706,"We are concerned, alarmed",2018-08-06 14:43:24,https://en.prothomalo.com/opinion/We-are-concerned-alarmed,shaheed ramiz uddin cantonment college,Dhaka,2,0,,,Bangladesh,event,road accident,2018-08-06,14:43:24,Aug,8,Light rain,14,Aug,
4713,Biker killed in Laxmipur road crash,2017-08-26 16:06:33,https://en.prothomalo.com/bangladesh/Biker-killed-in-Laxmipur-road-crash,dhaka-lakshmipur road,Lakshmipur,1,0,"Bus, Motorbike",bus hit motorcyclist,Bangladesh,event,road accident,2017-08-26,16:06:33,Aug,8,Moderate rain,16,Aug,bus hit motorcyclist
4715,Trader killed in Satkhira road crash,2017-08-31 13:10:59,https://en.prothomalo.com/bangladesh/Trader-killed-in-Satkhira-road-crash,asannagar area,Satkhira,1,0,"Pickup Van, Bicycle",pickup van hit bicycle,Bangladesh,event,road accident,2017-08-31,13:10:59,Aug,8,Light rain,13,Aug,pickup van hit bicycle
4720,3 killed in Comilla road crash,2017-09-02 10:06:38,https://en.prothomalo.com/bangladesh/3-killed-in-Comilla-road-crash-5,daudkandi upazila,Cumilla,3,5,"Bus, Auto-Rickshaw",bus hitting auto-rickshaw,Bangladesh,event,road accident,2017-09-02,10:06:38,Sep,9,Moderate rain,10,Sep,bus hitting autorickshaw