id,title,date,article_url,place_of_accident,district,number_of_deaths,number_of_injured,vehicle_type,cause_of_accident,country,report_type,type_of_accident,accident_date,accident_time,month,month_num,condition,accident_hour,month_name,cause_of_accident_normalized
4721,3 killed in Comilla road crash,2017-09-02 10:06:38,https://en.prothomalo.com/bangladesh/3-killed-in-Comilla-road-crash-4,daudkandi upazila,Cumilla,3,5,"Bus, Auto-Rickshaw",bus hit auto-rickshaw,Bangladesh,event,road accident,2017-09-02,10:06:38,Sep,9,Moderate rain,10,Sep,bus hit autorickshaw
4722,3 killed in Comilla road crash,2017-09-02 10:06:38,https://en.prothomalo.com/bangladesh/3-killed-in-Comilla-road-crash-2,daudkandi upazila,Cumilla,3,5,"Bus, Auto-Rickshaw",bus hit auto-rickshaw,Bangladesh,event,road accident,2017-09-02,10:06:38,Sep,9,Moderate rain,10,Sep,bus hit autorickshaw
4723,3 killed in Comilla road crash,2017-09-02 10:06:38,https://en.prothomalo.com/bangladesh/3-killed-in-Comilla-road-crash,daudkandi,Cumilla,3,5,"Bus, Auto-Rickshaw",bus hitting auto-rickshaw,Bangladesh,event,road accident,2017-09-02,10:06:38,Sep,9,Moderate rain,10,Sep,bus hitting autorickshaw
4725,Jessore road crash kills 1,2017-08-27 10:28:08,https://en.prothomalo.com/bangladesh/Jessore-road-crash-kills-1,chachra area on khulna-benapole road,Khulna,1,0,Other,,Bangladesh,event,road accident,2017-08-27,10:28:08,Aug,8,Moderate rain,10,Aug,
4728,No bidding for highway!,2018-02-26 16:11:27,https://en.prothomalo.com/bangladesh/No-bidding-for-highway,kushtia-ishwardi highway,Kushtia,0,0,,budget constraints,Bangladesh,event,road accident,2018-02-26,16:11:27,Feb,2,Moderate rain,16,Feb,budget constraints
4737,2 female students killed in road mishap,2017-10-09 16:43:42,,monsuria bazaar on the banshkhali-pekua highway,,2,0,Truck,speedy truck ran them over,Bangladesh,event,road accident,2017-10-09,16:43:42,Oct,10,,16,Oct,speedy truck ran them over
4740,Such deaths must stop,2019-03-21 11:03:58,,jaflong,,2,0,"Bus, Truck",crushed under wheels,Bangladesh,event,road accident,2019-03-21,11:03:58,Mar,3,,11,Mar,crushed under wheels
4744,HC asks bus owners to pay for Rajib's treatment,2018-04-04 16:05:26,https://en.prothomalo.com/bangladesh/Bus-owners-to-pay-for-Rajib-s-treatment-HC,dhaka,Dhaka,0,1,Bus,collision between two buses,Bangladesh,event,road accident,2018-04-04,16:05:26,Apr,4,Duststorm or sandstorm,16,Apr,collision between two buses
4746,"Diya, Rajib killers to be punished, says PM",2018-08-12 13:59:48,https://en.prothomalo.com/bangladesh/Diya-Rajib-killers-to-be-punished-says-PM,dhaka,Dhaka,2,1,Bus,driver driving the bus defying all the traffic rules,Bangladesh,event,road accident,2018-08-12,13:59:48,Aug,8,Light rain,13,Aug,driver driving the bus defying all the traffic rules
4747,Missing transport trader’s body found at DMCH morgue,2017-12-24 00:53:34,https://en.prothomalo.com/bangladesh/Missing-transport-trader’s-body-found-at-DMCH,dmch morgue,Dhaka,1,0,Transport,"missing, presumed deceased",Bangladesh,event,road accident,2017-12-24,00:53:34,Dec,12,Partly cloudy,0,Dec,missing presumed deceased
4752,2 die in Madhabpur traffic accident,2014-05-05 10:45:21,https://en.prothomalo.com/bangladesh/2-die-in-Madhabpur-traffic-accident,dhaka-sylhet highway,Habiganj,2,0,"Microbus, Mini Truck",collision,Bangladesh,event,road accident,2014-05-05,10:45:21,May,5,Moderate rain,10,May,collision
4754,Man killed in Comilla road crash,2017-08-17 20:03:52,https://en.prothomalo.com/bangladesh/Man-killed-in-Comilla-road-crash,daklapara area,Cumilla,1,1,Covered Van,one covered van hit another,Bangladesh,event,road accident,2017-08-17,20:03:52,Aug,8,Moderate rain,20,Aug,one covered van hit another
4755,2 die in B'baria traffic accident,2014-05-02 11:51:48,https://en.prothomalo.com/bangladesh/2-die-in-B-baria-traffic-accident,dhaka-sylhet highway,Brahmanbaria,2,1,Car,traffic accident,Bangladesh,event,road accident,2014-05-02,11:51:48,May,5,Moderate rain,11,May,traffic accident
4760,When nothing matters,2019-04-07 12:52:44,,nimtali-churihatta to banani,Dhaka,0,0,,negligence and lack of safety regulations,Bangladesh,event,road accident,2019-04-07,12:52:44,Apr,4,Light rain,12,Apr,negligence and lack of safety regulations
4761,"Cases are fictitious, not the people",2019-02-03 21:39:10,,naya paltan,Brahmanbaria,0,0,,"obstructing citizens from casting ballots, attacking law enforcers, engaging in criminal offenses",Bangladesh,event,road accident,2019-02-03,21:39:10,Feb,2,Clear sky,21,Feb,obstructing citizens from casting ballots attacking law enforcers engaging in criminal offenses
4769,"Quader accuses BNP, Jamaat of instigating agitating students",2018-08-04 20:42:49,https://en.prothomalo.com/bangladesh/Quader-accuses-BNP-Jamaat-of-instigating,dhaka streets,Dhaka,0,0,,instigated demonstration,Bangladesh,event,road accident,2018-08-04,20:42:49,Aug,8,Moderate rain,20,Aug,instigated demonstration
4770,Crossing road takes life of schoolgirl in Dhaka,2017-09-12 16:21:29,,shewrapara bus stop area,Dhaka,1,0,School Bus,,Bangladesh,event,road accident,2017-09-12,16:21:29,Sep,9,Moderate rain,16,Sep,
4772,Rajib to be buried in Patuakhali,2018-04-19 13:40:31,https://en.prothomalo.com/bangladesh/Rajib-to-be-buried-in-Patuakhali,city,Dhaka,1,0,Bus,pressed between two buses,Bangladesh,event,road accident,2018-04-19,13:40:31,Apr,4,Moderate rain,13,Apr,pressed between two buses
4773,Living with ‘gas bombs’,2018-04-19 13:14:46,https://en.prothomalo.com/bangladesh/Living-with-‘gas-bombs’,brahmandi union,Narayanganj,0,0,Gas Balloon,unsafe gas balloon usage,Bangladesh,event,road accident,2018-04-19,13:14:46,Apr,4,Moderate rain,13,Apr,unsafe gas balloon usage
4774,Rajib laid to rest in Patuakhali,2018-04-19 13:00:47,https://en.prothomalo.com/bangladesh/Rajib-laid-to-rest-in-Patuakhali,shahbagh,Dhaka,1,0,Bus,pressed between two buses,Bangladesh,event,road accident,2018-04-19,13:00:47,Apr,4,Moderate rain,13,Apr,pressed between two buses
4775,Woman killed in Chuadanga road crash,2017-08-30 11:21:05,,ujirpur village,Chuadanga,1,0,Truck,speeding,Bangladesh,event,road accident,2017-08-30,11:21:05,Aug,8,Moderate rain,11,Aug,speeding
4776,3 die in Tangail traffic accident,2014-05-07 10:15:44,https://en.prothomalo.com/bangladesh/3-die-in-Tangail-traffic-accident,bangabandhu bridge link road,Tangail,3,0,Truck,collision,Bangladesh,event,road accident,2014-05-07,10:15:44,May,5,Heavy rain,10,May,collision
4778,"City streets shout out, loud and clear",2019-06-07 11:24:01,https://en.prothomalo.com/opinion/City-streets-shout-out-loud-and-clear,dhaka city,Dhaka,0,0,,traffic,Bangladesh,event,road accident,2019-06-07,11:24:01,Jun,6,Light rain,11,Jun,traffic
4785,"Lakshmipur road crash kills father, son",2017-09-02 17:17:50,https://en.prothomalo.com/bangladesh/Lakshmipur-road-crash-kills-father-son,manadari bazar on laxmipur-chowmuhani road,Lakshmipur,3,3,Car,,Bangladesh,event,road accident,2017-09-02,17:17:50,Sep,9,Light rain,17,Sep,
4786,Rangpur bus plunge kills 2,2017-09-01 16:18:27,https://en.prothomalo.com/bangladesh/Rangpur-bus-plunge-kills-2,kolabari area,Rangpur,2,10,Bus,plunged into a roadside ditch,Bangladesh,event,road accident,2017-09-01,16:18:27,Sep,9,Moderate rain,16,Sep,plunged into a roadside ditch
4793,Bangladeshi loses legs in mine explosion on Myanmar border,2018-02-04 17:38:45,https://en.prothomalo.com/bangladesh/Bangladeshi-loses-legs-in-mine-explosion-on,buffer zone between bangladesh and myanmar,,0,1,,landmine explosion,Bangladesh,event,road accident,2018-02-04,17:38:45,Feb,2,,17,Feb,landmine explosion
4796,BGB man killed in Jessore road crash,2017-08-29 21:04:59,https://en.prothomalo.com/bangladesh/BGB-man-killed-in-Jessore-road-crash,jessore-benapole highway in hajirali,,1,0,Bus,fell on the road while getting down from a bus and was crushed under the wheels of it,Bangladesh,event,road accident,2017-08-29,21:04:59,Aug,8,,21,Aug,fell on the road while getting down from a bus and was crushed under the wheels of it
4811,Road crash kills CNG driver,2017-09-30 11:33:37,https://en.prothomalo.com/bangladesh/Road-crash-kills-CNG-driver,sylhet-tamabeel highway,Sylhet,1,5,Microbus And Cng-Run Auto-Rickshaw,head-on collision,Bangladesh,event,road accident,2017-09-30,11:33:37,Sep,9,Moderate rain,11,Sep,head-on collision
4812,Bus-truck collision kills 6 in Gopalganj,2017-09-09 11:18:25,https://en.prothomalo.com/bangladesh/Bus-truck-collision-kills-6-in-Gopalganj,borashur area of kashiani upazila,Gopalganj,6,25,Bus And A Truck,head-on collision,Bangladesh,event,road accident,2017-09-09,11:18:25,Sep,9,Moderate rain,11,Sep,head-on collision
4813,3 college students among 5 killed in Gazipur road crash,2017-08-07 18:04:42,,dhaka-mymensingh highway at masterbari,Gazipur,5,7,"Human Hauler, Covered Van",collision between human hauler and covered van,Bangladesh,event,road accident,2017-08-07,18:04:42,Aug,8,Moderate rain,18,Aug,collision between human hauler and covered van
4818,Juba Dal leader killed in Savar road crash,2017-09-15 19:12:50,https://en.prothomalo.com/bangladesh/Jubo-Dal-leader-killed-in-Savar-road-crash,dhaka-aricha highway in jorpool area,Dhaka,1,1,"Bus, Motorbike",bus hit a motorbike,Bangladesh,event,road accident,2017-09-15,19:12:50,Sep,9,Light rain,19,Sep,bus hit motorcycle accident
4819,Munshiganj road crash kills police constable,2017-06-30 15:29:58,https://en.prothomalo.com/bangladesh/Munshiganj-road-crash-kills-constable,anarpura area of gojaria upazila,Munshiganj,1,0,"Police Wrecker, Speeding Vehicle",speeding vehicle ran over constable while crossing highway,Bangladesh,event,road accident,2017-06-30,15:29:58,Jun,6,Moderate rain,15,Jun,speeding vehicle ran over constable while crossing highway
4820,"Motorcyclist Uncle, Nephew killed in road crash",2017-09-23 12:42:59,https://en.prothomalo.com/bangladesh/Motorcyclist-Uncle-Nephew-killed-in-road-crash,barunkandi village on the bypass road,Naogaon,2,2,Motorcycle,,Bangladesh,event,road accident,2017-09-23,12:42:59,Sep,9,Dense rain,12,Sep,
4823,Bridge collapse snaps road communication on 12 southern routes,2017-08-12 15:43:59,https://en.prothomalo.com/bangladesh/Bridge-collapse-snaps-road-communication-on-12,madarsi bailey bridge,Pirojpur,0,0,Truck,bridge collapse due to overloading,Bangladesh,event,road accident,2017-08-12,15:43:59,Aug,8,Light rain,15,Aug,bridge collapse due to overloading
4824,‘Improvement of Dhaka’s chaotic traffic possible’,2018-10-12 22:09:38,https://en.prothomalo.com/bangladesh/‘Improvement-of-Dhaka’s-chaotic-traffic-possible’,dhaka,Dhaka,0,0,,lack of discipline and planning,Bangladesh,event,road accident,2018-10-12,22:09:38,Oct,10,Light rain,22,Oct,lack of discipline and planning
4828,2 killed in Sylhet road crash,2017-09-21 11:03:47,https://en.prothomalo.com/bangladesh/2-killed-in-Sylhet-road-crash-4,"bokar bhanga, sylhet-sunamganj road",Sunamganj,2,10,,,Bangladesh,event,road accident,2017-09-21,11:03:47,Sep,9,Dense rain,11,Sep,
4830,2 killed in Sylhet road crash,2017-09-21 11:03:47,https://en.prothomalo.com/bangladesh/2-killed-in-Sylhet-road-crash,bokar bhanga on sylhet-sunamganj road,Sunamganj,2,10,,,Bangladesh,event,road accident,2017-09-21,11:03:47,Sep,9,Dense rain,11,Sep,
4833,Gazipur bus accident kills 3,2014-04-12 18:33:20,https://en.prothomalo.com/bangladesh/Gazipur-bus-accident-kills-3,dhaka-chittagong highway,Gazipur,3,0,Bus And Motorbike,bus ran over a motorbike,Bangladesh,event,road accident,2014-04-12,18:33:20,Apr,4,Precipitation not reaching ground,18,Apr,bus ran over a motorbike
4840,2 killed in Thakurgaon road crash,2017-09-23 10:24:32,https://en.prothomalo.com/bangladesh/local-news/2-killed-in-thakurgaon-road-crash,farabari area on baliadangi-nekmorod road,Thakurgaon,2,7,,,Bangladesh,event,road accident,2017-09-23,10:24:32,Sep,9,Light rain,10,Sep,
4841,2 killed in Thakurgaon road crash,2017-09-23 10:24:32,https://en.prothomalo.com/bangladesh/2-killed-in-Thakurgaon-road-crash,farabari area on baliadangi-nekmorod road,Thakurgaon,2,7,Other,,Bangladesh,event,road accident,2017-09-23,10:24:32,Sep,9,Light rain,10,Sep,
4843,Gaibandha MP Golam Mostafa passes away,2017-12-19 12:16:13,https://en.prothomalo.com/bangladesh/Gaibandha-MP-Golam-Mostafa-passes-away,natiapara in delduar upazila of tangail on dhaka-tangail highway,Tangail,1,3,"Microbus, Bus",collision between microbus and bus,Bangladesh,event,road accident,2017-12-19,12:16:13,Dec,12,Partly cloudy,12,Dec,collision between microbus and bus
4851,Comilla road crash kills 3,2017-06-24 20:13:08,https://en.prothomalo.com/bangladesh/Comilla-road-crash-kills-3,otiya,Cumilla,3,2,Covered Van And Auto-Rickshaw,collision,Bangladesh,event,road accident,2017-06-24,20:13:08,Jun,6,Moderate rain,20,Jun,collision
4852,Comilla road crash kills 3,2017-06-24 20:13:08,https://en.prothomalo.com/bangladesh/Comilla-road-crash-kills-3-2,otiya area,Cumilla,3,2,Covered Van And Cng-Run Auto-Rickshaw,collision between vehicles,Bangladesh,event,road accident,2017-06-24,20:13:08,Jun,6,Moderate rain,20,Jun,collision between vehicles
4854,‘Gunfight’ between AL groups kills one,2018-04-23 13:52:36,https://en.prothomalo.com/bangladesh/City-clash-kills-one-injures-10,badda,Dhaka,1,4,,gun battle between supporters of political figures,Bangladesh,event,road accident,2018-04-23,13:52:36,Apr,4,Light rain,13,Apr,gun battle between supporters of political figures
4857,Police constable killed in Comilla road crash,2017-09-08 10:51:42,https://en.prothomalo.com/bangladesh/Police-constable-killed-in-Comilla-road-crash,comilla-sylhet regional highway,Cumilla,1,4,Other,,Bangladesh,event,road accident,2017-09-08,10:51:42,Sep,9,Moderate rain,10,Sep,
4864,2 killed in Narsingdi road crash,2017-07-14 11:08:19,https://en.prothomalo.com/bangladesh/accident/2-killed-in-narsingdi-road-crash,dhaka-sylhet highway at khalapara,Narsingdi,2,5,,,Bangladesh,event,road accident,2017-07-14,11:08:19,Jul,7,Moderate rain,11,Jul,
4873,MP Golam Mostafa laid to rest,2017-12-20 00:09:48,https://en.prothomalo.com/bangladesh/MP-Golam-Mostafa-laid-to-rest,dhaka,Gaibandha,1,1,,road accident,Bangladesh,event,road accident,2017-12-20,00:09:48,Dec,12,Partly cloudy,0,Dec,road accident
4875,Two killed while racing motorbikes,2017-09-07 22:39:31,https://en.prothomalo.com/bangladesh/Two-killed-while-racing-motorbikes,tangail-mymensingh highway near the modhupur forest,Tangail,2,0,Motorcycle,lost control and crashed into a tree,Bangladesh,event,road accident,2017-09-07,22:39:31,Sep,9,Moderate rain,22,Sep,lost control and crashed into a tree
4876,2 students go missing as a boat sinks in Padma river,2017-08-05 09:04:46,https://en.prothomalo.com/bangladesh/2-students-go-missing-as-a-boat-sinks-in-Padma,thanpur kheyaghat,Rajshahi,0,0,,boat sinking,Bangladesh,event,road accident,2017-08-05,09:04:46,Aug,8,,9,Aug,boat sinking
4878,2 students missing as boat sinks in Padma river,2017-08-04 13:10:48,https://en.prothomalo.com/bangladesh/2-students-missing-as-boat-sinks-in-Padma-river,"thanpur kheyaghat, bagha upazila, rajshahi district",Rajshahi,2,0,,boat capsized,Bangladesh,event,road accident,2017-08-04,13:10:48,Aug,8,,13,Aug,boat capsized
4880,20-km tailback on Dhaka-Ctg highway,2017-08-23 14:13:33,https://en.prothomalo.com/bangladesh/20-km-tailback-on-Dhaka-Ctg-highway,"meghna bridge, munshiganj area",Munshiganj,0,0,Goods-Laden Vehicle,"vehicle out of service, road accidents",Bangladesh,event,road accident,2017-08-23,14:13:33,Aug,8,Moderate rain,14,Aug,vehicle out of service road accidents
4884,"Depending on judgement, not speedometer",2018-05-02 14:50:26,https://en.prothomalo.com/bangladesh/Depending-on-judgement-not-speedometer,dhaka streets,Dhaka,0,0,"Motorised Vehicles (Rickshaws, Human Haulers, Auto-Rickshaws, Buses)",drivers do not know the real-time speed,Bangladesh,event,road accident,2018-05-02,14:50:26,May,5,Moderate rain,14,May,drivers do not know the realtime speed
4885,Bus-truck collision kills 3 in Bogra,2017-07-21 17:40:07,https://en.prothomalo.com/bangladesh/Bus-truck-collision-kills-3-in-Bogra,dhankundi area,Bogra,3,14,Bus And A Truck,head-on collision,Bangladesh,event,road accident,2017-07-21,17:40:07,Jul,7,Light rain,17,Jul,head-on collision
4888,3 including physician killed in road crash,2017-10-21 11:19:20,https://en.prothomalo.com/bangladesh/3-including-physician-killed-in-road-mishap,egaro mile point on the thakurgaon-dinajpur highway,Dinajpur,3,0,,,Bangladesh,event,road accident,2017-10-21,11:19:20,Oct,10,Moderate rain,11,Oct,
4891,Dangerous disorder on the roads,2018-04-23 11:30:18,,city streets,Dhaka,1,1,Buses,"traffic congestion, slow moving vehicles",Bangladesh,event,road accident,2018-04-23,11:30:18,Apr,4,Light rain,11,Apr,traffic congestion slow moving vehicles
4892,Dhaka's traffic jam causes Tk 370b annual loss,2018-03-27 11:07:59,https://en.prothomalo.com/bangladesh/Dhaka-s-traffic-jam-causes-Tk-370b-annual-loss,dhaka city,Dhaka,0,0,,traffic congestion,Bangladesh,event,road accident,2018-03-27,11:07:59,Mar,3,Moderate rain,11,Mar,traffic congestion
4898,Comilla road crashes kill 2,2017-06-17 20:13:26,https://en.prothomalo.com/bangladesh/Comilla-road-crashes-kill-2,sadar dakkhin upazila,Cumilla,2,0,,separate road accidents,Bangladesh,event,road accident,2017-06-17,20:13:26,Jun,6,Light rain,20,Jun,separate road accidents
4906,UP chairman killed in Sirajganj road crash,2017-07-22 19:57:29,https://en.prothomalo.com/bangladesh/UP-chairman-killed-in-Sirajganj-road-crash,bohuti chara,Sirajganj,1,0,"Bus, Motorcycle",collision,Bangladesh,event,road accident,2017-07-22,19:57:29,Jul,7,Moderate rain,19,Jul,collision
4907,"Commuters suffer, businessmen also hit hard",2018-05-17 17:45:19,https://en.prothomalo.com/bangladesh/Commuters-suffer-businessmen-hit-hard,daudkandi,Cumilla,0,0,,congestion,Bangladesh,event,road accident,2018-05-17,17:45:19,May,5,Heavy rain,17,May,congestion
4909,"Judge’s car on wrong side rams bike, youth injured",2017-07-03 00:05:21,https://en.prothomalo.com/bangladesh/Judge’s-car-on-wrong-side-rams-bike-youth-injured,ruposhi bangla hotel crossing,,0,1,"Motorcycle, Car",vehicle of a high court judge rammed motorcycle,Bangladesh,event,road accident,2017-07-03,00:05:21,Jul,7,,0,Jul,vehicle of a high court judge rammed motorcycle
4912,"3 killed, 10 injured in Bogra road crash",2017-07-31 10:47:25,https://en.prothomalo.com/bangladesh/3-killed-10-injured-in-Bogra-road-crash,ghoga battola,Sherpur,3,10,"Bus, Truck",head-on collision,Bangladesh,event,road accident,2017-07-31,10:47:25,Jul,7,Heavy rain,10,Jul,head-on collision
4915,"Siblings, their cousin killed in Ctg road crash",2017-06-11 22:20:27,https://en.prothomalo.com/bangladesh/Siblings-their-cousin-killed-in-Ctg-road-crash,halishahar,,3,0,Car,plunged into a ditch,Bangladesh,event,road accident,2017-06-11,22:20:27,Jun,6,,22,Jun,plunged into a ditch
4921,"Dhaka, city of ‘godfathers’",2018-03-28 19:01:41,https://en.prothomalo.com/bangladesh/Dhaka-city-of-‘godfathers’,dhaka,Dhaka,0,0,,,Bangladesh,event,road accident,2018-03-28,19:01:41,Mar,3,Light rain,19,Mar,
4924,4 of a family among 6 killed in Faridpur road crash,2017-07-29 11:15:28,,kazir rasta,Faridpur,6,2,,,Bangladesh,event,road accident,2017-07-29,11:15:28,Jul,7,Moderate rain,11,Jul,
4926,Razzak 'out of danger' following road crash,2017-06-28 23:16:00,https://en.prothomalo.com/sports/Razzak-out-of-danger-following-road-crash,dhushor area of kashiani upazila,Gopalganj,0,1,Car,tire burst leading to plunging into a ditch,Bangladesh,event,road accident,2017-06-28,23:16:00,Jun,6,Heavy rain,23,Jun,tire burst leading to plunging into a ditch
4938,9-yr-old killed by police vehicle,2018-02-17 13:15:03,https://en.prothomalo.com/bangladesh/9-yr-old-killed-by-police-vehicle,dayaganj,Dhaka,1,0,Vehicle,hit by a vehicle,Bangladesh,event,road accident,2018-02-17,13:15:03,Feb,2,Clear sky,13,Feb,hit by a vehicle
4943,Bus-truck collision kills 3 in Madaripur,2017-06-18 20:15:51,https://en.prothomalo.com/bangladesh/Bus-truck-collision-kills-3-in-Madaripur,dhaka-barisal highway,Madaripur,3,15,"Bus, Truck",head-on collision,Bangladesh,event,road accident,2017-06-18,20:15:51,Jun,6,Heavy rain,20,Jun,head-on collision
4954,Bullet-hit security member of Ganabhaban dies,2017-05-27 11:04:43,https://en.prothomalo.com/bangladesh/Bullet-hit-security-member-of-Ganabhaban-dies,dhaka medical college and hospital (dmch),Dhaka,1,0,,bullet injuries while on duty,Bangladesh,event,road accident,2017-05-27,11:04:43,May,5,Light rain,11,May,bullet injuries while on duty
4957,"Couple killed, son injured as truck hits motorcycle",2017-05-24 14:29:23,https://en.prothomalo.com/bangladesh/Couple-killed-son-injured-as-truck-hits,mohalpara,Tangail,2,1,"Truck, Motorcycle",speedy truck knocked down the motorbike,Bangladesh,event,road accident,2017-05-24,14:29:23,May,5,Moderate rain,14,May,speedy truck knocked down the motorbike
4958,201 tourists returned from Saint Martin risking lives,2017-12-10 21:28:18,https://en.prothomalo.com/bangladesh/201-tourists-returned-from-Saint-Martin-risking,bay of bengal,Cox's Bazar,0,0,Trawler,severe weather,Bangladesh,event,road accident,2017-12-10,21:28:18,Dec,12,Moderate rain,21,Dec,severe weather
4966,Dhaka road crash kills 2,2017-06-16 10:19:12,https://en.prothomalo.com/bangladesh/Dhaka-road-crash-kills-2,signboard area of the city,Dhaka,2,5,Bus,hit by a tree,Bangladesh,event,road accident,2017-06-16,10:19:12,Jun,6,Light rain,10,Jun,hit by a tree
4971,Three-way road crash kills 2,2017-06-21 13:08:09,https://en.prothomalo.com/bangladesh/Three-way-road-crash-kills-2,chikli bazar area,Nilphamari,2,3,"Truck, Microbus","truck hit microbus from back, another truck hit microbus from front",Bangladesh,event,road accident,2017-06-21,13:08:09,Jun,6,Moderate rain,13,Jun,truck hit microbus from back another truck hit microbus from front
4984,Court asks for probe report over JU vandalism by 7 Aug,2017-07-04 20:19:05,https://en.prothomalo.com/bangladesh/Court-asks-for-probe-report-over-JU-vandalism-by,dhaka,Dhaka,2,0,,road crash,Bangladesh,event,road accident,2017-07-04,20:19:05,Jul,7,Moderate rain,20,Jul,road accident
4989,2 killed in Sirajaganj road crash,2017-04-16 15:51:06,https://en.prothomalo.com/bangladesh/2-killed-in-Sirajaganj-road-crash,shimultala on sirajganj-nalka road,Sirajganj,2,3,Bus And Cng-Run Auto-Rickshaw,bus knocked down a cng-run auto-rickshaw,Bangladesh,event,road accident,2017-04-16,15:51:06,Apr,4,Dense rain,15,Apr,bus knocked down a cngrun autorickshaw
4993,JU students call off siege prog,2017-08-04 12:02:54,https://en.prothomalo.com/sports/JU-students-call-off-siege-prog,dhaka-aricha highway in savar,Dhaka,2,0,,road accident,Bangladesh,event,road accident,2017-08-04,12:02:54,Aug,8,Moderate rain,12,Aug,road accident
4995,"Human hauler hits roadside tree, 2 killed",2017-05-06 18:49:57,https://en.prothomalo.com/bangladesh/Human-hauler-hits-roadside-tree-2-killed,adjacent to mathbaria college,Pirojpur,2,0,,,Bangladesh,event,road accident,2017-05-06,18:49:57,May,5,Light rain,18,May,
4998,Munshiganj road crash kills 2,2017-06-03 00:36:44,https://en.prothomalo.com/bangladesh/Munshiganj-road-crash-kills-2-2,meghna bridge,Munshiganj,2,6,,,Bangladesh,event,road accident,2017-06-03,00:36:44,Jun,6,Moderate rain,0,Jun,
4999,Munshiganj road crash kills 2,2017-06-03 00:36:44,https://en.prothomalo.com/bangladesh/Munshiganj-road-crash-kills-2,dhaka-chittagong highway adjacent to meghna bridge,Munshiganj,2,6,,road accident,Bangladesh,event,road accident,2017-06-03,00:36:44,Jun,6,Moderate rain,0,Jun,road accident
5007,3 students among 5 killed,2014-10-04 17:59:11,,haji shariatullah bridge area,Madaripur,5,0,Bus,bus knocked them down,Bangladesh,event,road accident,2014-10-04,17:59:11,Oct,10,Moderate rain,17,Oct,bus knocked them down
5009,Slow traffic on Dhaka-Tangail highway,2017-06-24 13:37:51,,mirzapur,Tangail,1,0,"Truck, Bus",collision between truck and bus,Bangladesh,event,road accident,2017-06-24,13:37:51,Jun,6,Moderate rain,13,Jun,collision between truck and bus
5017,Narsingdi road crash kills 2,2017-04-16 15:52:50,https://en.prothomalo.com/bangladesh/Narsingdi-road-crash-kills-2-2,dhaka-sylhet highway,Narsingdi,2,6,Microbus And Private Car,head-on collision,Bangladesh,event,road accident,2017-04-16,15:52:50,Apr,4,Moderate rain,15,Apr,head-on collision
5018,Narsingdi road crash kills 2,2017-04-16 15:52:50,https://en.prothomalo.com/bangladesh/Narsingdi-road-crash-kills-2,dhaka-sylhet highway,Narsingdi,2,6,Microbus And Private Car,head-on collision,Bangladesh,event,road accident,2017-04-16,15:52:50,Apr,4,Moderate rain,15,Apr,head-on collision
5021,2 female workers die in Jessore train-bus collision,2017-05-10 10:33:16,,nawapara taltala level crossing,Jashore,2,30,Train And Bus,speeding train hit bus at level crossing,Bangladesh,event,road accident,2017-05-10,10:33:16,May,5,Light rain,10,May,speeding train hit bus at level crossing
5038,Sterner actions for traffic rule violation in cantt areas,2017-05-15 15:35:38,https://en.prothomalo.com/bangladesh/Sterner-actions-for-traffic-rule-violation-in,"fatikchhari upazila, chittagong",Chattogram,1,4,,breaking traffic rules,Bangladesh,event,road accident,2017-05-15,15:35:38,May,5,Moderate rain,15,May,breaking traffic rules
5040,What makes them happy?,2018-07-31 16:29:15,https://en.prothomalo.com/lifestyle/What-makes-them-happy,dhaka,Dhaka,0,0,,,Bangladesh,event,road accident,2018-07-31,16:29:15,Jul,7,Dense rain,16,Jul,
5042,Medical student killed in city road crash,2017-02-25 11:40:49,https://en.prothomalo.com/bangladesh/Medical-student-killed-in-city-road-crash,bangshal area,Dhaka,1,1,"Cng Auto Rickshaw, Bus",bus hit cng auto rickshaw,Bangladesh,event,road accident,2017-02-25,11:40:49,Feb,2,Clear sky,11,Feb,bus hit cng auto rickshaw
5044,3 killed in picnic bus plunge,2017-02-24 20:54:32,,chapainawabganj municipality,Nawabganj,3,0,Bus,plunged into a water body,Bangladesh,event,road accident,2017-02-24,20:54:32,Feb,2,Clear sky,20,Feb,plunged into a water body
5047,Narsingdi road crash kills 11,2017-02-12 14:42:09,,dhaka-sylhet highway,Narsingdi,11,0,"Bus, Microbus",bus-microbus collision,Bangladesh,event,road accident,2017-02-12,14:42:09,Feb,2,Dust in suspension,14,Feb,busmicrobus collision
5048,Auto-rickshaw workers submit memo with 10 demands to PM,2017-09-12 21:53:04,https://en.prothomalo.com/bangladesh/Auto-rickshaw-workers-submit-memo-with-10-demands,dhaka,Dhaka,0,0,"Auto-Rickshaw, Auto-Tempo",demands realization,Bangladesh,event,road accident,2017-09-12,21:53:04,Sep,9,Moderate rain,21,Sep,demands realization
5054,Two motorcyclists killed on Jessore road,2017-03-06 12:06:32,https://en.prothomalo.com/bangladesh/Two-motorcyclists-killed-on-Jessore-road,jessore-satkhira highway at altapol taltola in keshabpur upazila,Satkhira,2,0,"Truck, Motorcycle",truck hit motorcycle,Bangladesh,event,road accident,2017-03-06,12:06:32,Mar,3,Moderate rain,12,Mar,truck hit motorcycle accident
5062,Sylhet road crash kills 2,2017-04-09 09:57:33,https://en.prothomalo.com/bangladesh/Sylhet-road-crash-kills-2,sylhet-tamabil highway,Sylhet,2,4,"Truck, Auto-Rickshaw",collision,Bangladesh,event,road accident,2017-04-09,09:57:33,Apr,4,Light rain,9,Apr,collision