id,title,date,article_url,place_of_accident,district,number_of_deaths,number_of_injured,vehicle_type,cause_of_accident,country,report_type,type_of_accident,accident_date,accident_time,month,month_num,condition,accident_hour,month_name,cause_of_accident_normalized
5067,Student hit by brick from under-construction building goes to coma,2017-07-15 19:58:29,https://en.prothomalo.com/bangladesh/Student-hit-by-brick-from-under-construction,mohammadia housing area,Dhaka,0,1,Building Material,falling brick from under-construction building,Bangladesh,event,road accident,2017-07-15,19:58:29,Jul,7,Moderate rain,19,Jul,falling brick from underconstruction building
5073,Transport strike in Chuadanga enters third day,2017-02-24 19:21:11,https://en.prothomalo.com/bangladesh/Transport-strike-in-Chuadanga-enters-third-day,manikganj,Chuadanga,5,0,Bus,"sentence of bus driver jamir hossain in a case filed over deaths of tareque masud, mishuk munier and three others",Bangladesh,event,road accident,2017-02-24,19:21:11,Feb,2,Clear sky,19,Feb,sentence of bus driver jamir hossain in a case filed over deaths of tareque masud mishuk munier and three others
5079,10 killed as cement-laden truck overturns,2017-03-24 12:39:13,https://en.prothomalo.com/bangladesh/10-killed-as-cement-laden-truck-overturns,dhaka-mymensingh highway at meherabari in bhaluka upazila,Mymensingh,10,2,Cement-Laden Truck,truck turned turtle,Bangladesh,event,road accident,2017-03-24,12:39:13,Mar,3,Light rain,12,Mar,truck turned turtle
5087,Security beefed up after stone hits Aussie team bus,2017-09-05 12:58:19,https://en.prothomalo.com/sports/Security-beefed-up-after-stone-hits-Aussie-team,dhaka,Dhaka,0,0,Bus,rock thrown by another vehicle,Bangladesh,event,road accident,2017-09-05,12:58:19,Sep,9,Light rain,12,Sep,rock thrown by another vehicle
5088,Public protest against tree-felling along Jessore highway,2018-01-17 19:42:27,https://en.prothomalo.com/environment/Public-protest-against-tree-felling-along-Jessore,jessore-benapole highway,,0,0,,infrastructure project,Bangladesh,event,road accident,2018-01-17,19:42:27,Jan,1,,19,Jan,infrastructure project
5091,Bagerhat road crash kills 4,2017-01-16 11:53:06,https://en.prothomalo.com/bangladesh/Bagerhat-road-crash-kills-4,mulghar area of fakirhar upazila,Khulna,4,2,"Bus, Engine-Run Van",bus hit an engine-run van,Bangladesh,event,road accident,2017-01-16,11:53:06,Jan,1,Clear sky,11,Jan,bus hit an enginerun van
5092,5 killed in Habiganj road crash,2017-01-26 09:25:52,https://en.prothomalo.com/bangladesh/5-killed-in-Habiganj-road-crash,ulukandi,Habiganj,5,4,"Microbus, Truck",collision,Bangladesh,event,road accident,2017-01-26,09:25:52,Jan,1,Mainly clear,9,Jan,collision
5094,JU students end hunger strike,2017-07-18 00:54:57,https://en.prothomalo.com/bangladesh/JU-students-end-hunger-strike,jahangirnagar university,Dhaka,0,0,,protest,Bangladesh,event,road accident,2017-07-18,00:54:57,Jul,7,Moderate rain,0,Jul,protest
5104,'I screamed for the driver to slow down',2017-06-24 15:10:57,https://en.prothomalo.com/bangladesh/I-screamed-for-the-driver-to-slow-down,pirganj,Rangpur,17,1,Truck,truck tipped over due to swaying,Bangladesh,event,road accident,2017-06-24,15:10:57,Jun,6,Moderate rain,15,Jun,truck tipped over due to swaying
5116,"Driver jailed for life for killing Tareque Masud, Mishuk Munier",2017-02-22 17:23:27,,manikganj,Manikganj,2,0,Bus,deadly road crash,Bangladesh,event,road accident,2017-02-22,17:23:27,Feb,2,Light rain,17,Feb,deadly road crash
5121,42 JU students granted bail,2017-05-28 18:16:09,https://en.prothomalo.com/bangladesh/42-JU-students-granted-bail,jahangirnagar university campus,Dhaka,2,0,,road accident,Bangladesh,event,road accident,2017-05-28,18:16:09,May,5,Light rain,18,May,road accident
5122,Man killed in Tangail road crash,2017-01-02 12:12:45,,eastern side of bangabandhu bridge,Tangail,1,0,,,Bangladesh,event,road accident,2017-01-02,12:12:45,Jan,1,Shallow fog,12,Jan,
5123,JU students vandalise VC residence after police fire rubber bullets,2017-05-28 00:01:19,https://en.prothomalo.com/bangladesh/JU-students-vandalise-VC-residence-after-police,jahangirnagar university,Dhaka,2,0,,road accident,Bangladesh,event,road accident,2017-05-28,00:01:19,May,5,Light rain,0,May,road accident
5129,JU student handcuffing: 4 cops apologise to HC,2017-06-05 20:28:13,https://en.prothomalo.com/bangladesh/JU-student-handcuffing-4-cops-apologise-to-HC,jahangirnagar university hospital,Dhaka,0,0,,,Bangladesh,event,road accident,2017-06-05,20:28:13,Jun,6,Light rain,20,Jun,
5130,6 killed in Comilla bus plunge,2017-01-14 15:11:32,https://en.prothomalo.com/bangladesh/4-killed-in-Comilla-road-crash-2,jinglatali,Cumilla,6,15,,,Bangladesh,event,road accident,2017-01-14,15:11:32,Jan,1,Clear sky,15,Jan,
5139,4 killed in Bagerhat road crash,2017-01-16 16:10:48,,kakdanga area on the khulna-mawa highway,Bagerhat,4,2,"Bus, Auto Rickshaw",bus hit auto rickshaw,Bangladesh,event,road accident,2017-01-16,16:10:48,Jan,1,Clear sky,16,Jan,bus hit auto rickshaw
5140,2 picnickers die in Khulna bus plunge,2017-01-06 10:27:15,,khulna-bagerhat highway at ujir battala,Khulna,2,12,Bus,plunged into a roadside ditch,Bangladesh,event,road accident,2017-01-06,10:27:15,Jan,1,Clear sky,10,Jan,plunged into a roadside ditch
5141,Bus-microbus collision kills 3 in Cox’s Bazar,2017-02-03 15:02:13,,dayalmara on chittagong-cox’s bazar highway,,3,15,"Bus, Microbus",collision between a bus and a microbus,Bangladesh,event,road accident,2017-02-03,15:02:13,Feb,2,,15,Feb,collision between a bus and a microbus
5144,"Don't harass people; go to court, law minister asks strikers",2017-02-28 17:47:38,https://en.prothomalo.com/bangladesh/Don-t-harass-people-go-to-court-law-minister,southwestern region,Dhaka,0,0,Truck,sentencing a driver life-term in a road accident case,Bangladesh,event,road accident,2017-02-28,17:47:38,Feb,2,Clear sky,17,Feb,sentencing a driver lifeterm in a road accident case
5146,Bagerhat trawler capsize death toll rises to 12,2017-03-30 12:12:16,https://en.prothomalo.com/bangladesh/Bagerhat-trawler-capsize-death-toll-rises-to-12,panguchi river,Bagerhat,12,0,Trawler,trawler capsized,Bangladesh,event,road accident,2017-03-30,12:12:16,Mar,3,"rain, freezing",12,Mar,trawler capsized
5151,Living in 'unliveable' Dhaka,2018-08-23 17:28:07,https://en.prothomalo.com/opinion/Living-the-unliveable-life,dhaka,Dhaka,0,0,Cars,"overcrowded streets, garbage, jostling crowds and bustling sidewalks",Bangladesh,event,road accident,2018-08-23,17:28:07,Aug,8,Moderate rain,17,Aug,overcrowded streets garbage jostling crowds and bustling sidewalks
5159,4 killed in Natore road crash,2016-11-25 13:33:43,https://en.prothomalo.com/bangladesh/4-killed-in-Natore-road-crash,ishwardi-lalpur road in south lalpur area,Natore,4,3,"Truck, Rickshaw Van",truck hitting rickshaw van,Bangladesh,event,road accident,2016-11-25,13:33:43,Nov,11,Partly cloudy,13,Nov,truck hitting rickshaw van
5160,N’ganj trawler capsize death toll reaches 16,2017-04-02 23:11:17,https://en.prothomalo.com/bangladesh/N’ganj-trawler-capsize-death-toll-reaches-16,meghna river,Narayanganj,16,0,Trawler,trawler capsize,Bangladesh,event,road accident,2017-04-02,23:11:17,Apr,4,Light rain,23,Apr,trawler capsize
5161,At least 10 drown as another Rohingya boat sinks,2017-10-16 13:25:52,https://en.prothomalo.com/bangladesh/At-least-five-drown-in-Rohingya-boat-capsize,sea,,10,0,,sinking,Bangladesh,event,road accident,2017-10-16,13:25:52,Oct,10,,13,Oct,sinking
5166,4 killed in B’baria road crash,2016-11-30 17:47:07,https://en.prothomalo.com/bangladesh/4-killed-in-B’baria-road-crash,dhaka-sylhet highway at soshoi in bijoynagar upazila,Brahmanbaria,4,1,"Bus, Auto-Rickshaw",bus rammed an auto-rickshaw,Bangladesh,event,road accident,2016-11-30,17:47:07,Nov,11,Partly cloudy,17,Nov,bus rammed an autorickshaw
5168,Journo Zia flown to Singapore,2017-01-13 23:16:55,https://en.prothomalo.com/bangladesh/Journo-Zia-flown-to-Singapore,panthapath,Dhaka,0,1,Car,speeding car,Bangladesh,event,road accident,2017-01-13,23:16:55,Jan,1,Clear sky,23,Jan,speeding car
5172,6 killed in Gazipur road crash,2016-12-17 09:45:45,https://en.prothomalo.com/bangladesh/6-killed-in-Gazipur-road-crash,dhaka-tangail highway in the city,Dhaka,6,6,"Bus, Human Hauler",bus rammed a human hauler,Bangladesh,event,road accident,2016-12-17,09:45:45,Dec,12,"Snow, blowing",9,Dec,bus rammed a human hauler
5173,6 killed in Gazipur road crash,2016-12-17 09:45:45,https://en.prothomalo.com/bangladesh/5-killed-in-Gazipur-road-crash,dhaka-tangail highway,Dhaka,6,6,"Bus, Human Hauler",bus rammed a human hauler,Bangladesh,event,road accident,2016-12-17,09:45:45,Dec,12,"Snow, blowing",9,Dec,bus rammed a human hauler
5180,Transport strike in 10 dists against driver’s punishment,2017-02-25 17:39:15,https://en.prothomalo.com/bangladesh/Transport-strike-in-10-dists-against-driver’s,khulna division,Khulna,5,0,Bus,,Bangladesh,event,road accident,2017-02-25,17:39:15,Feb,2,Clear sky,17,Feb,
5182,Rajib’s hand reaches out!,2018-04-05 14:47:47,https://en.prothomalo.com/opinion/Rajib’s-hand-reaches-out,dhaka streets,Dhaka,0,1,Bus,,Bangladesh,event,road accident,2018-04-05,14:47:47,Apr,4,Light rain,14,Apr,
5204,Bagerhat trawler capsize death toll reaches 14,2017-03-30 19:46:46,https://en.prothomalo.com/bangladesh/Bagerhat-trawler-capsize-death-reaches-14,panguchi river,Bagerhat,14,0,Trawler,capsized,Bangladesh,event,road accident,2017-03-30,19:46:46,Mar,3,"rain, freezing",19,Mar,unknown
5212,Road crashes kill 3 in city,2016-11-26 00:24:17,https://en.prothomalo.com/bangladesh/Road-crashes-kill-3-in-city,jatrabari and tikatoli areas,Dhaka,3,0,,,Bangladesh,event,road accident,2016-11-26,00:24:17,Nov,11,Rain showers (moderate or heavy),0,Nov,
5218,Disorderly development,2017-03-18 13:16:15,https://en.prothomalo.com/opinion/Disorderly-development,under-construction drain,Dhaka,1,0,,fell into an under-construction drain,Bangladesh,event,road accident,2017-03-18,13:16:15,Mar,3,Moderate rain,13,Mar,fell into an underconstruction drain
5221,4 killed in Chakaria road crash,2016-12-16 17:41:06,https://en.prothomalo.com/bangladesh/4-killed-in-Chakaria-road-crash,chittagong-cox’s bazar highway,Cox's Bazar,4,10,"Bus, Human Hauler",bus crashed into a human hauler,Bangladesh,event,road accident,2016-12-16,17:41:06,Dec,12,Clear sky,17,Dec,bus crashed into a human hauler
5224,Death on highways,2017-02-13 14:18:47,https://en.prothomalo.com/opinion/Death-on-highways,narsingdi highway,Narsingdi,12,0,,various,Bangladesh,event,road accident,2017-02-13,14:18:47,Feb,2,Partly cloudy,14,Feb,various
5229,Indefinite transport strike begins in 10 Khulna districts,2017-02-26 21:17:31,https://en.prothomalo.com/bangladesh/Indefinite-transport-strike-in-10-districts-of,manikganj,Chuadanga,5,0,Bus,life term imprisonment of a bus driver in a case filed over a road accident,Bangladesh,event,road accident,2017-02-26,21:17:31,Feb,2,Clear sky,21,Feb,life term imprisonment of a bus driver in a case filed over a road accident
5232,3 killed in Panchagarh road crash,2016-09-02 17:59:02,https://en.prothomalo.com/bangladesh/3-killed-in-Panchagarh-road-crash,panchagarh-tentulia highway in jagdal area,Panchagarh,3,3,"Truck, Auto-Rickshaw",truck hit auto-rickshaw,Bangladesh,event,road accident,2016-09-02,17:59:02,Sep,9,,17,Sep,truck hit autorickshaw
5234,"Court for banning ‘Nasimon’, ‘Karimon’ on highways",2017-01-25 18:56:08,https://en.prothomalo.com/bangladesh/Court-for-banning-‘Nasimon’-‘Karimon’-on-highways,highways across the country,Dhaka,0,0,"Nasimon, Karimon",plying on highways,Bangladesh,event,road accident,2017-01-25,18:56:08,Jan,1,Clear sky,18,Jan,plying on highways
5235,"23 killed, 25 hurt in road crashes in 4 dists",2017-06-25 14:58:58,https://en.prothomalo.com/bangladesh/23-killed-25-hurt-in-road-crashes-in-4-districts,"pirganj upazila on dhaka-rangpur highway at kolabari, laksam upazila in fuluya area on comilla-chandpur road, mouchak in gazipur city, shantola on jessore-jhenidah highway",Dhaka,23,25,"Truck, Covered Van, Cng-Run Auto-Rickshaw, Human Hauler, Three-Wheeler","driver lost control over the steering, covered van knock a cng-run auto-rickshaw, head-on collision between a truck and a human hauler, truck hits a three-wheeler",Bangladesh,event,road accident,2017-06-25,14:58:58,Jun,6,Light rain,14,Jun,driver lost control over the steering covered van knock a cngrun autorickshaw headon collision between a truck and a human hauler truck hits a threewheeler
5236,5 die as microbus plunges in ditch,2016-08-27 09:53:10,https://en.prothomalo.com/bangladesh/5-die-as-microbus-plunges-in-ditch,laksham municipality area,Cumilla,5,0,Microbus,plunged into a roadside water body,Bangladesh,event,road accident,2016-08-27,09:53:10,Aug,8,Moderate rain,9,Aug,plunged into a roadside water body
5237,Eid trips fraught with fear,2017-08-24 13:37:47,https://en.prothomalo.com/bangladesh/Eid-trips-fraught-with-fear,highways and roads in many districts,,0,0,"Cars, Trucks, Buses, Motorcycles","potholes, ruts, floods, vehicle breakdowns",Bangladesh,event,road accident,2017-08-24,13:37:47,Aug,8,,13,Aug,potholes ruts floods vehicle breakdowns
5243,2 killed as bus rams rickshaw at Motijheel,2016-09-07 12:03:01,https://en.prothomalo.com/bangladesh/2-killed-as-bus-rams-rickshaw-at-Motijheel,motijheel area near rajuk bahaban,Dhaka,2,1,"Bus, Rickshaw",bus rammed rickshaw,Bangladesh,event,road accident,2016-09-07,12:03:01,Sep,9,Dense rain,12,Sep,bus rammed rickshaw
5244,Workers block Dhaka-Tangail highway in Gazipur,2016-10-23 11:47:31,https://en.prothomalo.com/bangladesh/Workers-block-Dhaka-Tangail-highway-in-Gazipur,konabari area,Gazipur,0,1,Human Hauler,running over by human hauler,Bangladesh,event,road accident,2016-10-23,11:47:31,Oct,10,Clear sky,11,Oct,running over by human hauler
5245,8 killed in Brahmanbaria road crash,2016-09-16 13:06:26,https://en.prothomalo.com/bangladesh/Housewife-found-dead-in-Sherpur-2,bijoynagar upazila,Brahmanbaria,8,0,"Bus, Microbus",head-on collision,Bangladesh,event,road accident,2016-09-16,13:06:26,Sep,9,Moderate rain,13,Sep,head-on collision
5247,2 bodies recovered in Shitlakkhya River,2016-10-21 00:26:14,https://en.prothomalo.com/bangladesh/2-bodies-recovered-in-Shitlakkhya-River,shitalakkhya river at boroni,,2,0,Dredger,dredger sank,Bangladesh,event,road accident,2016-10-21,00:26:14,Oct,10,,0,Oct,dredger sank
5250,2 minor siblings killed in Keraniganj microbus crash,2016-09-03 15:56:11,https://en.prothomalo.com/bangladesh/Minor-boy-killed-in-Keraniganj-microbus-crash,satka area,Dhaka,1,2,Microbus,speeding microbus knocked down victims,Bangladesh,event,road accident,2016-09-03,15:56:11,Sep,9,Moderate rain,15,Sep,speeding microbus knocked down victims
5253,Home minister motorcade injures six,2016-11-13 17:33:15,,jessore-khulna highway,Khulna,0,6,Motorcade,collision with pedestrians,Bangladesh,event,road accident,2016-11-13,17:33:15,Nov,11,rain not reaching ground,17,Nov,collision with pedestrians
5260,Madrasa student crushed under bus in city,2016-09-23 17:51:40,https://en.prothomalo.com/bangladesh/Madrasa-student-crushed-under-bus-in-city,karwan bazar,Kishoreganj,1,0,Bus,speeding bus rammed a pedestrian,Bangladesh,event,road accident,2016-09-23,17:51:40,Sep,9,Light rain,17,Sep,speeding bus rammed a pedestrian
5261,"Stop practice of bloodshed over trifling matters, Quader asks BCL",2017-04-22 19:52:40,,chittagong,Chattogram,0,0,,,Bangladesh,event,road accident,2017-04-22,19:52:40,Apr,4,Moderate rain,19,Apr,
5268,2 killed in Tangail road crash,2016-09-09 11:12:09,https://en.prothomalo.com/bangladesh/2-killed-in-Tangail-road-crash-5,dhaka-tangail highway at jamurki,Tangail,2,4,"Truck, Pickup",head-on collision,Bangladesh,event,road accident,2016-09-09,11:12:09,Sep,9,Partly cloudy,11,Sep,head-on collision
5271,5 killed in Tangail road crash,2016-09-17 13:12:08,https://en.prothomalo.com/bangladesh/5-killed-in-Tangail-road-crash,mirzapur upazila,Tangail,5,30,"Bus, Truck",head-on collision,Bangladesh,event,road accident,2016-09-17,13:12:08,Sep,9,Moderate rain,13,Sep,head-on collision
5272,5 killed in Tangail road crash,2016-09-17 13:12:08,https://en.prothomalo.com/bangladesh/2-killed-in-Tangail-road-crash-3,mirzapur upazila,Tangail,5,30,"Bus, Truck",head-on collision,Bangladesh,event,road accident,2016-09-17,13:12:08,Sep,9,Moderate rain,13,Sep,head-on collision
5273,Bodies of two siblings recovered from Meghna,2016-09-17 00:23:50,https://en.prothomalo.com/bangladesh/Bodies-of-two-siblings-recovered-from-Meghna,meghna river at moulvir hat,,2,0,Trawler,capsize,Bangladesh,event,road accident,2016-09-17,00:23:50,Sep,9,,0,Sep,capsize
5278,Bus helper killed in Jessore road crash,2016-10-01 10:44:15,https://en.prothomalo.com/bangladesh/Bus-helper-killed-in-Jessore-road-crash,jessore-narial road,Jashore,1,0,Bus,,Bangladesh,event,road accident,2016-10-01,10:44:15,Oct,10,Light rain,10,Oct,
5290,"Sirajganj truck plunge kills driver, assistant",2016-09-06 11:18:09,https://en.prothomalo.com/bangladesh/Sirajganj-truck-plunge-kills-driver-assistant,dhaka-pabna highway in purba delua area of ullapara upazila,Sirajganj,2,0,Truck,lost control over wheels,Bangladesh,event,road accident,2016-09-06,11:18:09,Sep,9,Light rain,11,Sep,lost control over wheels
5293,Jessore collision kills trucker,2016-08-17 10:07:21,https://en.prothomalo.com/bangladesh/Jessore-collision-kills-trucker,harikhali bazar on the jessore-satkhira road,Satkhira,1,0,"Truck, Bus",head-on collision,Bangladesh,event,road accident,2016-08-17,10:07:21,Aug,8,Light rain,10,Aug,head-on collision
5295,Road minister calls for lifting transport strike,2017-02-28 19:34:37,https://en.prothomalo.com/bangladesh/Road-minister-calls-for-lifting-transport-strike,savar,Dhaka,1,0,,driver sentenced to death,Bangladesh,event,road accident,2017-02-28,19:34:37,Feb,2,Clear sky,19,Feb,driver sentenced to death
5297,3 crushed under reckless truck,2016-10-24 13:15:42,https://en.prothomalo.com/bangladesh/3-crushed-under-reckless-truck,lalmonirhat-burimari road,Lalmonirhat,3,0,Truck,crushed under the wheels of a truck,Bangladesh,event,road accident,2016-10-24,13:15:42,Oct,10,Clear sky,13,Oct,crushed under the wheels of a truck
5306,Severe congestion slows down Ctg port,2017-07-18 20:10:18,https://en.prothomalo.com/bangladesh/Severe-congestion-slows-down-Ctg-port,chittagong port,Chattogram,0,0,Cargo Vessels,inadequate infrastructure leading to congestion,Bangladesh,event,road accident,2017-07-18,20:10:18,Jul,7,Heavy rain,20,Jul,inadequate infrastructure leading to congestion
5307,4 killed in Madaripur road crash,2016-09-16 16:36:09,https://en.prothomalo.com/bangladesh/4-killed-in-Madaripur-road-crash,boro bridge area,Madaripur,4,15,"Bus, Human Hauler",head-on collision,Bangladesh,event,road accident,2016-09-16,16:36:09,Sep,9,Light rain,16,Sep,head-on collision
5312,Two killed in B’baria road crash,2016-08-01 10:08:26,https://en.prothomalo.com/bangladesh/Two-killed-in-B’baria-road-crash,bertala on dhaka-sylhet highway,Brahmanbaria,2,4,"Microbus, Truck",head-on collision,Bangladesh,event,road accident,2016-08-01,10:08:26,Aug,8,Moderate rain,10,Aug,head-on collision
5326,Minister blames reckless driving for rising road mishap,2016-09-19 18:38:10,https://en.prothomalo.com/bangladesh/Minister-blames-reckless-driving-for-rising-road,dhaka,Dhaka,0,0,,reckless and unrestrained driving,Bangladesh,event,road accident,2016-09-19,18:38:10,Sep,9,Light rain,18,Sep,reckless and unrestrained driving
5328,4 bodies recovered in Natore boat capsize,2016-08-24 21:44:01,https://en.prothomalo.com/bangladesh/4-bodies-recovered-in-Natore-boat-capsize,padma river,Natore,4,0,,boat capsized,Bangladesh,event,road accident,2016-08-24,21:44:01,Aug,8,Light rain,21,Aug,boat capsized
5329,1 killed in Magura road crash,2016-07-13 12:26:14,https://en.prothomalo.com/bangladesh/1-killed-in-Magura-road-crash,chhoyghoria,Magura,1,4,Microbus And Bus,head-on collision,Bangladesh,event,road accident,2016-07-13,12:26:14,Jul,7,Moderate rain,12,Jul,head-on collision
5330,Bus runs over transport worker in Gaibandha,2016-10-17 10:43:46,https://en.prothomalo.com/bangladesh/Bus-runs-over-transport-worker-in-Gaibandha,"chowmatha area, gobindoganj",Gaibandha,1,0,Bus,driver recklessly tried to evade obstruction by workers,Bangladesh,event,road accident,2016-10-17,10:43:46,Oct,10,Mainly clear,10,Oct,driver recklessly tried to evade obstruction by workers
5332,Cop killed in Jhenaidah road crash,2016-09-13 19:14:40,https://en.prothomalo.com/bangladesh/Cop-killed-in-Jhenaidah-road-crash,jhenaidah-kushtia road,Jhenaidah,1,1,Motorcycle,head-on collision,Bangladesh,event,road accident,2016-09-13,19:14:40,Sep,9,Moderate rain,19,Sep,head-on collision
5338,3 killed in Gazipur road crash,2016-06-22 10:20:28,https://en.prothomalo.com/bangladesh/3-killed-in-Gazipur-road-crash-5,sc bazaar area,Gazipur,3,2,"Pick-Up Van, Truck",pick-up van hit a truck from behind,Bangladesh,event,road accident,2016-06-22,10:20:28,Jun,6,Light rain,10,Jun,pickup van hit a truck from behind
5339,3 killed in Gazipur road crash,2016-06-22 10:20:28,https://en.prothomalo.com/bangladesh/3-killed-in-Gazipur-road-crash-3,sc bazaar area,Gazipur,3,2,"Pick-Up Van, Truck",pick-up van hit a truck from behind,Bangladesh,event,road accident,2016-06-22,10:20:28,Jun,6,Light rain,10,Jun,pickup van hit a truck from behind
5340,3 killed in Gazipur road crash,2016-06-22 10:20:28,https://en.prothomalo.com/bangladesh/3-killed-in-Gazipur-road-crash,sc bazaar area,Gazipur,3,2,"Pick-Up Van, Truck",pick-up van hit a truck from behind,Bangladesh,event,road accident,2016-06-22,10:20:28,Jun,6,Light rain,10,Jun,pickup van hit a truck from behind
5343,Ctg world’s cheapest place to scrap ships but it’s people who pay the price,2017-12-11 14:25:47,https://en.prothomalo.com/bangladesh/Ctg-world’s-cheapest-place-to-scrap-ships-but-it’s-2,ferdous steel corporation shipyard,Chattogram,1,0,Container Ship,catastrophe struck,Bangladesh,event,road accident,2017-12-11,14:25:47,Dec,12,Heavy rain,14,Dec,catastrophe struck
5344,JU JCD leader killed in Savar road crash,2016-08-26 21:17:55,https://en.prothomalo.com/bangladesh/JU-JCD-leader-killed-in-Savar-road-crash,dhaka-aricha highway,Dhaka,1,0,,,Bangladesh,event,road accident,2016-08-26,21:17:55,Aug,8,Light rain,21,Aug,
5345,Dhk-Ctg rail link snapped for train-truck collision,2016-07-21 11:09:11,https://en.prothomalo.com/bangladesh/Dhk-Ctg-rail-link-snapped-for-train-truck,fatehpur level crossing,Chattogram,0,0,"Freight Train, Truck",truck stuck at level crossing due to mechanical failure collided with train engine,Bangladesh,event,road accident,2016-07-21,11:09:11,Jul,7,Dense rain,11,Jul,truck stuck at level crossing due to mechanical failure collided with train engine
5352,4 killed after ambulance hits crowd at DMCH gate,2016-10-16 00:04:25,https://en.prothomalo.com/bangladesh/4-killed-as-ambulance-hits-crowd-at-DMCH-gate,dhaka medical college hospital (dmch),Dhaka,4,3,Ambulance,ambulance ran over them,Bangladesh,event,road accident,2016-10-16,00:04:25,Oct,10,Clear sky,0,Oct,ambulance ran over them
5362,Bogra road crash death toll rises to 6,2016-10-06 11:32:32,https://en.prothomalo.com/bangladesh/Bogra-road-crash-toll-rises-to-6,mokamtala kashipur,Bogra,6,25,Bus,head-on collision,Bangladesh,event,road accident,2016-10-06,11:32:32,Oct,10,Light rain,11,Oct,head-on collision
5363,"Tailback on Dhaka-Tangail highway, yet again",2016-09-20 12:16:35,https://en.prothomalo.com/bangladesh/Tailback-on-Dhaka-Tangail-highway-yet-again,dhaka-tangail highway,Dhaka,0,0,Multiple,gridlock due to returnees after eid vacation,Bangladesh,event,road accident,2016-09-20,12:16:35,Sep,9,Moderate rain,12,Sep,gridlock due to returnees after eid vacation
5364,5 RMG workers killed in Tangail road crash,2016-09-16 13:11:50,https://en.prothomalo.com/bangladesh/4-RMG-workers-killed-in-Tangail-road-crash,tangail-mymensingh road near pouli bridge,Tangail,5,30,Bus,driver lost control over the wheels and skidded off the road,Bangladesh,event,road accident,2016-09-16,13:11:50,Sep,9,Moderate rain,13,Sep,driver lost control over the wheels and skidded off the road
5379,3 killed in B’baria road crash,2016-06-27 14:15:15,,bertola,Brahmanbaria,3,0,"Truck, Motorcycle",truck rammed a motorcycle,Bangladesh,event,road accident,2016-06-27,14:15:15,Jun,6,Light rain,14,Jun,truck rammed a motorcycle
5381,Elderly couple killed in road crash,2016-09-14 20:16:50,https://en.prothomalo.com/bangladesh/Elderly-couple-killed-in-road-crash,"shewrapara, in front of haji ashraf ali market",Dhaka,2,0,Car,speeding car hit pedestrians,Bangladesh,event,road accident,2016-09-14,20:16:50,Sep,9,Moderate rain,20,Sep,speeding car hit pedestrians
5391,2 drivers killed in bus-truck collision,2016-07-09 11:54:10,https://en.prothomalo.com/bangladesh/2-drivers-killed-in-bus-truck-collision-2,golra on the dhaka-aricha highway,Dhaka,2,20,Bus And A Truck,head-on collision,Bangladesh,event,road accident,2016-07-09,11:54:10,Jul,7,Moderate rain,11,Jul,head-on collision
5392,"3 killed in Tangail, Satkhira road crashes",2016-08-19 10:35:20,https://en.prothomalo.com/bangladesh/3-killed-in-Tangail-Satkhira-road-crashes,deuhata on the dhaka-tangail highway in mirzapur upazila,Tangail,2,0,Truck And Pickup,truck rammed into a pickup,Bangladesh,event,road accident,2016-08-19,10:35:20,Aug,8,Light rain,10,Aug,truck rammed into a pickup
5395,Road crashes kill 5 in Gazipur,2016-07-16 21:44:23,https://en.prothomalo.com/bangladesh/Road-crashes-kill-5-in-Gazipur,dhaka-mymensingh highway in gazipur’s sadar upazila,Gazipur,5,5,"Truck, Human Hauler (Leguna), Bus, Covered Van","speedy truck crashed into a human hauler from behind, bus collided with a covered van",Bangladesh,event,road accident,2016-07-16,21:44:23,Jul,7,Heavy rain,21,Jul,speedy truck crashed into a human hauler from behind bus collided with a covered van
5401,4 killed in Manikganj road crash,2016-07-15 17:44:47,https://en.prothomalo.com/bangladesh/4-killed-in-Manikganj-road-crash,ghior,Manikganj,5,7,Pickup Van And Passenger Bus,head-on collision between a pickup van and a passenger bus,Bangladesh,event,road accident,2016-07-15,17:44:47,Jul,7,Moderate rain,17,Jul,headon collision between a pickup van and a passenger bus
5403,AL leader killed by accidental gunshot,2016-04-24 20:04:02,https://en.prothomalo.com/bangladesh/AL-leader-killed-by-accidental-gunshot,rajshahi medical college hospital,Rajshahi,1,0,Revolver,accidental discharge of firearm while cleaning,Bangladesh,event,road accident,2016-04-24,20:04:02,Apr,4,,20,Apr,accidental discharge of firearm while cleaning
5404,‘Missing Jamaat leader’ found dead in Jhenaidah,2016-08-12 18:51:57,https://en.prothomalo.com/bangladesh/‘Missing-Jamaat-leader’-found-dead-in-Jhenidah,jorapukur on the harinakundu-jhenaidah road in harinakundu upazila,Jhenaidah,1,0,,,Bangladesh,event,road accident,2016-08-12,18:51:57,Aug,8,Light rain,18,Aug,
5408,Gas cylinder blast kills two in Savar,2016-04-14 20:59:03,https://en.prothomalo.com/bangladesh/Gas-cylinder-blast-kills-one-in-Savar,delta filling station,Dhaka,2,4,Car,faulty gas cylinder blast,Bangladesh,event,road accident,2016-04-14,20:59:03,Apr,4,Moderate rain,20,Apr,faulty gas cylinder blast