id,title,date,article_url,place_of_accident,district,number_of_deaths,number_of_injured,vehicle_type,cause_of_accident,country,report_type,type_of_accident,accident_date,accident_time,month,month_num,condition,accident_hour,month_name,cause_of_accident_normalized
5413,"BNP leader Mahbub, wife injured in road crash",2016-06-25 20:38:22,https://en.prothomalo.com/bangladesh/BNP-leader-Mahbub-wife-injured-in-road-crash,dinajpur,Dinajpur,0,2,,,Bangladesh,event,road accident,2016-06-25,20:38:22,Jun,6,Light rain,20,Jun,
5414,Three including SI killed in N’ganj road crash,2016-06-15 22:17:48,https://en.prothomalo.com/bangladesh/Three-including-SI-killed-in-N’ganj-road-crash,kanchpur,Narayanganj,3,10,,,Bangladesh,event,road accident,2016-06-15,22:17:48,Jun,6,Moderate rain,22,Jun,
5423,"Woman, daughter among 4 killed in Manikganj",2016-07-15 14:42:07,https://en.prothomalo.com/bangladesh/Woman-daughter-among-4-killed-on-Aricha-road,dhaka-aricha highway at tara in ghior upazila,Manikganj,4,3,Bus And Pick-Up Van,bus rammed a pick-up van,Bangladesh,event,road accident,2016-07-15,14:42:07,Jul,7,Moderate rain,14,Jul,bus rammed a pickup van
5424,Narsingdi road crash kills 2,2016-06-02 19:38:33,https://en.prothomalo.com/bangladesh/Narsingdi-road-crash-kills-2-4,dhaka-sylhet highway in shibpur upazila,Narayanganj,2,2,"Bus, Microbus",head-on collision,Bangladesh,event,road accident,2016-06-02,19:38:33,Jun,6,Light rain,19,Jun,head-on collision
5425,Narsingdi road crash kills 2,2016-06-02 19:38:33,https://en.prothomalo.com/bangladesh/Narsingdi-road-crash-kills-2-2,dhaka-sylhet highway in shibpur upazila,Narayanganj,2,2,"Bus, Microbus",head-on collision,Bangladesh,event,road accident,2016-06-02,19:38:33,Jun,6,Light rain,19,Jun,head-on collision
5426,Narsingdi road crash kills 2,2016-06-02 19:38:33,https://en.prothomalo.com/bangladesh/Narsingdi-road-crash-kills-2,karar chak on the dhaka-sylhet highway,Narayanganj,2,2,"Bus, Microbus",head-on collision,Bangladesh,event,road accident,2016-06-02,19:38:33,Jun,6,Light rain,19,Jun,head-on collision
5427,Dhaka-M’singh highway faces traffic jam after road crash,2016-04-16 11:31:56,https://en.prothomalo.com/bangladesh/Dhaka-M’singh-highway-faces-traffic-jam-after-road,signboard,Mymensingh,0,0,Truck,head on collision,Bangladesh,event,road accident,2016-04-16,11:31:56,Apr,4,Heavy rain,11,Apr,head-on collision
5428,Bodies of 2 Kishoreganj boat capsize victims recovered,2016-05-14 20:18:24,https://en.prothomalo.com/bangladesh/Bodies-of-2-Kishoreganj-boat-capsize-victims,katiarkanda area of itna upazila,Kishoreganj,2,0,,boat capsize,Bangladesh,event,road accident,2016-05-14,20:18:24,May,5,Moderate rain,20,May,boat capsize
5434,Two killed in Gazipur road crash,2016-05-30 11:01:33,https://en.prothomalo.com/bangladesh/Two-killed-in-Gazipur-road-crash-2,chandra-nabinagar highway in tetuibari area,Gazipur,2,5,"Truck, Bus",truck hit a bus,Bangladesh,event,road accident,2016-05-30,11:01:33,May,5,Light rain,11,May,truck hit a bus
5437,3 killed Bogra road crash,2016-06-04 21:45:54,https://en.prothomalo.com/bangladesh/3-killed-Bogra-road-crash,dhaka-bogra highway at mokamtola,Bogra,3,2,Auto-Rickshaw And Bus,bus hit the auto-rickshaw,Bangladesh,event,road accident,2016-06-04,21:45:54,Jun,6,Mainly clear,21,Jun,bus hit the autorickshaw
5438,Truck-pickup collision hurts 28 cops,2016-04-29 15:57:45,https://en.prothomalo.com/bangladesh/Truck-pickup-collision-hurts-28-cops,'6th mile' area of babuganj upazila,,0,28,"Pickup Van, Truck",head-on collision between pickup van and truck,Bangladesh,event,road accident,2016-04-29,15:57:45,Apr,4,,15,Apr,headon collision between pickup van and truck
5444,5 killed in Cox’s Bazar road crash,2016-05-03 15:35:49,,cox’s bazar-chittagong highway,Cox's Bazar,5,15,"Bus, Pickup Van",head-on collision,Bangladesh,event,road accident,2016-05-03,15:35:49,May,5,Heavy rain,15,May,head-on collision
5447,No unfit vessels on rivers during Eid: shipping minister,2016-06-28 17:45:32,https://en.prothomalo.com/bangladesh/No-unfit-vessels-on-rivers-during-Eid-shipping,river routes,Dhaka,0,0,"River Vessels, Launch","unfit river vessels, excess passengers",Bangladesh,event,road accident,2016-06-28,17:45:32,Jun,6,Light rain,17,Jun,unfit river vessels excess passengers
5455,Bogra crash death toll reaches 10,2016-06-03 12:19:54,https://en.prothomalo.com/bangladesh/8-killed-in-Bogra-road-crash,dhaka-bogra highway in sherpur upazila of bogra,Bogra,10,20,"Truck, Bus",collision,Bangladesh,event,road accident,2016-06-03,12:19:54,Jun,6,Light rain,12,Jun,collision
5457,9 killed in Rangpur road crash,2016-04-20 12:43:56,https://en.prothomalo.com/bangladesh/9-killed-in-Rangpur-road-crash,"tero mile, on the rangpur-syedpur highway",Rangpur,9,40,Bus,head on collision,Bangladesh,event,road accident,2016-04-20,12:43:56,Apr,4,Light rain,12,Apr,head-on collision
5465,"Spending 25 yrs in jail without trial, Babul is free but...",2017-02-16 17:22:29,https://en.prothomalo.com/youth/Spending-25-yrs-in-jail-without-trial-Babul-is-2,dhaka-chittagong highway,Brahmanbaria,0,0,Bus,robbery on bus,Bangladesh,event,road accident,2017-02-16,17:22:29,Feb,2,Partly cloudy,17,Feb,robbery on bus
5466,"HSTU student killed in road crash, vehicles vandalised",2016-06-16 21:22:26,https://en.prothomalo.com/bangladesh/HSTU-student-killed-in-road-crash-vehicles,hajee mohammad danesh science and technology university (hstu) campus,Dinajpur,1,0,Multiple Vehicles,unknown road accident,Bangladesh,event,road accident,2016-06-16,21:22:26,Jun,6,Moderate rain,21,Jun,unknown road accident
5468,48-hr transport strike in Khulna division from Sunday,2016-05-14 18:02:46,https://en.prothomalo.com/bangladesh/48-hr-transport-strike-in-Khulna-division-from,khulna division,Chuadanga,0,0,Bus,strike related demands,Bangladesh,event,road accident,2016-05-14,18:02:46,May,5,Light rain,18,May,strike related demands
5473,Newly elected UP member killed in C’nawabganj road crash,2016-04-25 13:09:50,https://en.prothomalo.com/bangladesh/Newly-elected-UP-member-killed-in-C’nawabganj-road,rohonpur dhulauri area,Nawabganj,1,0,"Bicycle, Truck",truck hit bicycle,Bangladesh,event,road accident,2016-04-25,13:09:50,Apr,4,Clear sky,13,Apr,truck hit bicycle
5481,2 killed in Gazipur road crash,2016-05-13 14:36:10,https://en.prothomalo.com/bangladesh/2-killed-in-Gazipur-road-crash-5,bhogra bypass area,Gazipur,2,0,"Bus, Motorcycle",bus rammed a motorcycle,Bangladesh,event,road accident,2016-05-13,14:36:10,May,5,Heavy rain,14,May,bus rammed a motorcycle
5482,2 killed in Gazipur road crash,2016-05-13 14:36:10,https://en.prothomalo.com/bangladesh/2-killed-in-Gazipur-road-crash-4,bhogra bypass area,Gazipur,2,0,"Bus, Motorcycle",bus rammed a motorcycle,Bangladesh,event,road accident,2016-05-13,14:36:10,May,5,Heavy rain,14,May,bus rammed a motorcycle
5483,2 killed in Gazipur road crash,2016-05-13 14:36:10,https://en.prothomalo.com/bangladesh/2-killed-in-Gazipur-road-crash-3,bhogra bypass area,Gazipur,2,0,"Bus, Motorcycle",bus rammed a motorcycle,Bangladesh,event,road accident,2016-05-13,14:36:10,May,5,Heavy rain,14,May,bus rammed a motorcycle
5484,2 killed in Gazipur road crash,2016-05-13 14:36:10,https://en.prothomalo.com/bangladesh/2-killed-in-Gazipur-road-crash,bhogra bypass area,Gazipur,2,0,"Bus, Motorcycle",bus rammed a motorcycle,Bangladesh,event,road accident,2016-05-13,14:36:10,May,5,Heavy rain,14,May,bus rammed a motorcycle
5493,Jubo Dal leader killed in Ctg road crash,2016-04-29 23:53:03,https://en.prothomalo.com/bangladesh/Jubo-Dal-leader-killed-in-Ctg-road-crash,sitakunda upazila headquarters,Chattogram,1,4,"Motorcycle, Covered Van, Private Car","covered van hit motorcycle, covered van hit private car",Bangladesh,event,road accident,2016-04-29,23:53:03,Apr,4,Partly cloudy,23,Apr,covered van hit motorcycle covered van hit private car
5495,Death of three motorbike riders,2016-06-29 13:33:16,https://en.prothomalo.com/opinion/Death-of-three-motorbike-riders,sarail highway,Brahmanbaria,3,0,"Truck, Motorcycle","police allegedly threw a stick at a motorbike, causing it to skid and be hit by a truck.",Bangladesh,event,road accident,2016-06-29,13:33:16,Jun,6,Light rain,13,Jun,police allegedly threw a stick at a motorbike causing it to skid and be hit by a truck
5499,2 killed in road crash,2016-04-16 15:55:49,https://en.prothomalo.com/bangladesh/2-killed-in-road-crash-11,savar,Dhaka,2,10,,,Bangladesh,event,road accident,2016-04-16,15:55:49,Apr,4,Moderate rain,15,Apr,
5502,2 killed in road crash,2016-04-16 15:55:49,https://en.prothomalo.com/bangladesh/2-killed-in-road-crash-7,savar,Dhaka,2,10,,,Bangladesh,event,road accident,2016-04-16,15:55:49,Apr,4,Moderate rain,15,Apr,
5503,2 killed in road crash,2016-04-16 15:55:49,https://en.prothomalo.com/bangladesh/2-killed-in-road-crash-4,savar,Dhaka,2,10,,,Bangladesh,event,road accident,2016-04-16,15:55:49,Apr,4,Moderate rain,15,Apr,
5512,4 killed in Bogra bus-truck collision,2016-05-07 10:24:04,https://en.prothomalo.com/bangladesh/4-killed-in-Bogra-bus-truck-collision-2,"ghoga bridge, sherpur upazila",Bogra,4,15,"Bus, Truck",head-on collision,Bangladesh,event,road accident,2016-05-07,10:24:04,May,5,Moderate rain,10,May,head-on collision
5513,"Driver, helper killed in Habiganj road crash",2016-03-25 10:57:33,https://en.prothomalo.com/bangladesh/Driver-helper-killed-in-Habiganj-road-crash,karanji bridge area,Habiganj,2,10,Bus,head-on collision,Bangladesh,event,road accident,2016-03-25,10:57:33,Mar,3,Clear sky,10,Mar,head-on collision
5515,"Explain wrong side driving, HC asks govt",2016-05-04 17:15:59,https://en.prothomalo.com/bangladesh/Explain-wrong-side-driving-HC-asks-govt,capital,Dhaka,0,0,Vehicles,driving on the wrong side of the road,Bangladesh,event,road accident,2016-05-04,17:15:59,May,5,Heavy rain,17,May,driving on the wrong side of the road
5518,"Road crashes kill four in Lalmonirhat, Khulna",2016-06-14 21:11:15,https://en.prothomalo.com/bangladesh/Road-crashes-kill-four-in-Lalmonirhat-and-Khulna,"barakhata level crossing, hatibandha upazila",Lalmonirhat,2,5,Truck,head-on collision,Bangladesh,event,road accident,2016-06-14,21:11:15,Jun,6,Light rain,21,Jun,head-on collision
5519,3 killed in Nilphamari motorcycle collision,2016-04-11 22:07:29,https://en.prothomalo.com/bangladesh/3-killed-in-Nilphamari-motorcycle-collision,chakirbazar,Kishoreganj,3,0,Motorcycle,head-on collision between two motorcycles,Bangladesh,event,road accident,2016-04-11,22:07:29,Apr,4,Partly cloudy,22,Apr,headon collision between two motorcycles
5532,2 killed in Dinajpur road crash,2016-03-10 12:06:55,,bhanga madrasah,Dinajpur,2,0,Truck And Rickshaw Van,head-on collision,Bangladesh,event,road accident,2016-03-10,12:06:55,Mar,3,Mainly clear,12,Mar,head-on collision
5534,Man hit by auto-rickshaw near PMO diues,2016-02-28 12:56:30,https://en.prothomalo.com/bangladesh/Man-hit-by-auto-rickshaw-near-PMO-diues,tejgaon area,Dhaka,1,0,Auto Rickshaw (Cng),hit by a speeding cng-run auto-rickshaw while crossing the road,Bangladesh,event,road accident,2016-02-28,12:56:30,Feb,2,Light rain,12,Feb,hit by a speeding cngrun autorickshaw while crossing the road
5539,"ASI killed, 3 injured in road crash",2016-03-12 17:36:43,https://en.prothomalo.com/bangladesh/ASI-killed-3-injured-in-road-crash,puspwadham of bagherbazar,Gazipur,1,3,"Truck, Police Microbus",sand-laden truck hit a police microbus,Bangladesh,event,road accident,2016-03-12,17:36:43,Mar,3,Partly cloudy,17,Mar,sandladen truck hit a police microbus
5543,2 officials found responsible in Ctg blast,2016-08-31 20:27:38,https://en.prothomalo.com/bangladesh/2-officials-found-responsible-in-Ctg-gas-tank,anwara upazila,Chattogram,0,50,Industrial Equipment (Ammonia Tank),ammonia tank explosion,Bangladesh,event,road accident,2016-08-31,20:27:38,Aug,8,Light rain,20,Aug,ammonia tank explosion
5548,ACC approves chargesheet against Sohel Rana in graft case,2016-08-01 19:50:48,https://en.prothomalo.com/bangladesh/ACC-approves-chargesheet-against-Sohel-Rana-in,ramna police station,Dhaka,0,0,,"graft case, accumulating wealth illegally",Bangladesh,event,road accident,2016-08-01,19:50:48,Aug,8,Dense rain,19,Aug,graft case accumulating wealth illegally
5553,3 of a family die as bus hits car at Khilkhet,2016-03-20 20:26:34,https://en.prothomalo.com/bangladesh/3-of-a-family-die-as-bus-hits-car-at-Khilkhet,airport road at khilkhet,Dhaka,3,1,Bus And Private Car,bus crashed into the car from behind,Bangladesh,event,road accident,2016-03-20,20:26:34,Mar,3,Light rain,20,Mar,bus crashed into the car from behind
5555,Reckless bus kills schoolteacher,2016-03-02 13:03:57,,kamalapur,Dhaka,1,0,Bus,rashly-driven,Bangladesh,event,road accident,2016-03-02,13:03:57,Mar,3,Mainly clear,13,Mar,rashlydriven
5556,"Mother, son killed in Rajshahi car-truck collision",2016-03-10 00:04:36,,muraripur area,Rajshahi,2,1,Private Car And A Truck,head-on collision,Bangladesh,event,road accident,2016-03-10,00:04:36,Mar,3,,0,Mar,head-on collision
5557,Leguna driver dies after train collision,2015-12-20 11:14:46,,mahakhali level crossing,Dhaka,1,0,Human Hauler (Leguna),train collision,Bangladesh,event,road accident,2015-12-20,11:14:46,Dec,12,Mainly clear,11,Dec,train collision
5560,Bus overturns killing 3 at Chauddagram,2016-02-28 10:34:13,https://en.prothomalo.com/bangladesh/Bus-overturns-killing-3-at-Chauddagram,dhaka-chittagong highway in chauddagram upazila headquarters,Cumilla,3,8,Bus,bus overturned after hitting a road divider,Bangladesh,event,road accident,2016-02-28,10:34:13,Feb,2,Mainly clear,10,Feb,bus overturned after hitting a road divider
5566,Two killed on Chauddagram highway,2016-03-06 11:42:35,https://en.prothomalo.com/bangladesh/Two-killed-on-Chauddagram-highway,"sujatpur, chauddagram upazila",Cumilla,2,0,Pickup Van,speeding vehicle hit pedestrians,Bangladesh,event,road accident,2016-03-06,11:42:35,Mar,3,Moderate rain,11,Mar,speeding vehicle hit pedestrians
5568,Schoolgirl crushed under bus,2016-02-06 21:21:11,https://en.prothomalo.com/bangladesh/Schoolgirl-crushed-under-bus,gopal village,Sylhet,1,0,Bus,speeding bus,Bangladesh,event,road accident,2016-02-06,21:21:11,Feb,2,Mainly clear,21,Feb,speeding bus
5573,"2 killed in separate road crashes in Nilphamari, Chandpur",2016-03-18 20:56:14,https://en.prothomalo.com/bangladesh/2-killed-in-separate-road-crashes-in-Nilphamari,kachharipara village of sadar upazila,Nilphamari,1,0,"Van, Fire Service Vehicle",hit by fire service vehicle,Bangladesh,event,road accident,2016-03-18,20:56:14,Mar,3,Partly cloudy,20,Mar,hit by fire service vehicle
5587,Cop among 2 killed in Comilla road crash,2016-02-08 15:45:44,https://en.prothomalo.com/bangladesh/Cop-among-2-killed-in-Comilla-road-crash,eliotganj area of daudkandi upazila,Cumilla,2,3,"Covered Van, Pick-Up Van, Lorry","chittagong-bound covered van hit a stationary pick-up van, then a lorry hit both vehicles",Bangladesh,event,road accident,2016-02-08,15:45:44,Feb,2,Partly cloudy,15,Feb,chittagongbound covered van hit a stationary pickup van then a lorry hit both vehicles
5590,4 die on Bangabandhu Bridge,2016-01-09 12:20:14,https://en.prothomalo.com/bangladesh/4-die-on-Bangabandhu-Bridge,bangabandhu bridge,,4,20,"Bus, Truck",collision due to dense fog,Bangladesh,event,road accident,2016-01-09,12:20:14,Jan,1,,12,Jan,collision due to dense fog
5591,Truck ploughs thru’ house killing 3,2016-01-26 12:26:08,https://en.prothomalo.com/bangladesh/Truck-ploughs-thru’-house-killing-3,dwariapur municipality area,Sirajganj,3,0,Truck,truck ploughed through a house,Bangladesh,event,road accident,2016-01-26,12:26:08,Jan,1,Partly cloudy,12,Jan,truck ploughed through a house
5593,2 die as microbus hits CNG 3-wheeler,2016-01-17 11:39:21,https://en.prothomalo.com/bangladesh/2-die-as-microbus-hits-CNG-3-wheeler,banglabazar area of begumganj upazila,Noakhali,2,3,"Microbus, Cng-Run Auto-Rickshaw",microbus hit the auto-rickshaw while overtaking,Bangladesh,event,road accident,2016-01-17,11:39:21,Jan,1,rain not reaching ground,11,Jan,microbus hit the autorickshaw while overtaking
5599,Man killed in city road crash,2016-02-12 19:32:13,https://en.prothomalo.com/bangladesh/Man-killed-in-city-road-accident,shanir akhra,Dhaka,1,1,Microbus,driver lost control over the steering,Bangladesh,event,road accident,2016-02-12,19:32:13,Feb,2,Light rain,19,Feb,driver lost control over the steering
5600,Man killed in city road crash,2016-02-12 19:32:13,https://en.prothomalo.com/bangladesh/Man-killed-in-city-road-crash-7,shanir akhra,Dhaka,1,1,Microbus,driver lost control,Bangladesh,event,road accident,2016-02-12,19:32:13,Feb,2,Light rain,19,Feb,driver lost control
5601,Man killed in city road crash,2016-02-12 19:32:13,https://en.prothomalo.com/bangladesh/Man-killed-in-city-road-crash-9,"shanir akhra, jatrabari",Dhaka,1,1,Microbus,driver lost control over steering,Bangladesh,event,road accident,2016-02-12,19:32:13,Feb,2,Light rain,19,Feb,driver lost control over steering
5602,Man killed in city road crash,2016-02-12 19:32:13,https://en.prothomalo.com/bangladesh/Man-killed-in-city-road-crash-5,shanir akhra,Dhaka,1,1,Microbus,driver lost control of the steering,Bangladesh,event,road accident,2016-02-12,19:32:13,Feb,2,Light rain,19,Feb,driver lost control of the steering
5603,Man killed in city road crash,2016-02-12 19:32:13,https://en.prothomalo.com/bangladesh/Man-killed-in-city-road-crash-3,shanir akhra,Dhaka,1,1,Microbus,driver lost control over the steering,Bangladesh,event,road accident,2016-02-12,19:32:13,Feb,2,Light rain,19,Feb,driver lost control over the steering
5604,Man killed in city road crash,2016-02-12 19:32:13,https://en.prothomalo.com/bangladesh/Man-killed-in-city-road-crash,shanir akhra,Dhaka,1,1,Microbus,driver lost control over steering,Bangladesh,event,road accident,2016-02-12,19:32:13,Feb,2,Light rain,19,Feb,driver lost control over steering
5606,Road crashes kill 3 in Nilphamari,2016-03-07 22:24:54,https://en.prothomalo.com/bangladesh/Road-crashes-kill-3-in-Nilphamari,dimla and saidpur upazilas of nilphamari,Nilphamari,3,0,"Tractor, Van, Truck","driver lost control over steering, speeding truck hit van",Bangladesh,event,road accident,2016-03-07,22:24:54,Mar,3,Mainly clear,22,Mar,driver lost control over steering speeding truck hit van
5607,Councillor candidate killed in Madaripur road crash,2015-12-27 22:46:56,https://en.prothomalo.com/bangladesh/Councillor-candidate-killed-in-Madaripur-road,bhorghata-kalkini road,Madaripur,1,0,Motorcycle,speeding motorcycle hit the deceased while crossing the road,Bangladesh,event,road accident,2015-12-27,22:46:56,Dec,12,Clear sky,22,Dec,speeding motorcycle hit the deceased while crossing the road
5609,Transport strike in 21 dists called off,2016-05-17 00:11:30,https://en.prothomalo.com/bangladesh/Transport-strike-in-21-southwestern-dists-called,,,0,0,,transport strike,Bangladesh,event,road accident,2016-05-17,00:11:30,May,5,,0,May,transport strike
5620,College students block highway in Comilla,2016-02-15 00:31:55,https://en.prothomalo.com/bangladesh/College-students-block-highway-in-Comilla,dhaka-chittagong highway,Cumilla,1,0,,road accident involving a student,Bangladesh,event,road accident,2016-02-15,00:31:55,Feb,2,Mainly clear,0,Feb,road accident involving a student
5629,Schoolgirl killed in road crash,2016-01-16 15:43:06,https://en.prothomalo.com/bangladesh/Schoolgirl-killed-in-road-crash-2,shahbag area,Dhaka,1,0,Bus,vehicle ran over victim,Bangladesh,event,road accident,2016-01-16,15:43:06,Jan,1,Mainly clear,15,Jan,vehicle ran over victim
5630,Schoolgirl killed in road crash,2016-01-16 15:43:06,https://en.prothomalo.com/bangladesh/Schoolgirl-killed-in-road-crash,shahbag area,Dhaka,1,0,Bus,vehicle ran over student,Bangladesh,event,road accident,2016-01-16,15:43:06,Jan,1,Mainly clear,15,Jan,vehicle ran over student
5633,Four Jubo League men killed in Meherpur road crash,2016-03-17 22:54:56,https://en.prothomalo.com/bangladesh/Four-Jubo-League-men-killed-in-Meherpur-road-crash,chak shyamnagar,Meherpur,5,12,"Bus, Human-Hauler",picnic bus crashed into a human-hauler,Bangladesh,event,road accident,2016-03-17,22:54:56,Mar,3,Partly cloudy,22,Mar,picnic bus crashed into a humanhauler
5639,Govt plans 42km Airport-EPZ flyover,2016-02-23 14:11:56,https://en.prothomalo.com/bangladesh/Govt-plans-42km-Airport-EPZ-flyover,ashulia area,Dhaka,0,0,,,Bangladesh,event,road accident,2016-02-23,14:11:56,Feb,2,Partly cloudy,14,Feb,
5645,3 killed in Comilla road crash,2015-11-24 11:11:00,https://en.prothomalo.com/bangladesh/3-killed-in-Comilla-road-crash-5,laksam upazila headquarters,Cumilla,3,3,"Truck, Auto-Rickshaw",head-on collision,Bangladesh,event,road accident,2015-11-24,11:11:00,Nov,11,Precipitation not reaching ground,11,Nov,head-on collision
5648,3 killed in Comilla road crash,2015-11-24 11:11:00,https://en.prothomalo.com/bangladesh/3-killed-in-Comilla-road-crash,laksam upazila headquarters,Cumilla,3,3,"Truck, Auto-Rickshaw",head-on collision,Bangladesh,event,road accident,2015-11-24,11:11:00,Nov,11,Precipitation not reaching ground,11,Nov,head-on collision
5653,Two crushed under SUST teacher’s car,2016-01-23 20:17:58,https://en.prothomalo.com/bangladesh/2-people-crushed-under-SUST-teacher’s-car,near main gate area of the university campus,Sylhet,2,1,Car,car hit them,Bangladesh,event,road accident,2016-01-23,20:17:58,Jan,1,Partly cloudy,20,Jan,car hit them
5662,SUST teacher sued over road crash,2016-01-25 15:47:06,https://en.prothomalo.com/bangladesh/SUST-teacher-sued-over-road-crash,shahjalal university of science technology (sust) campus,Sylhet,2,0,Car,vehicle collision (car knocked down pedestrians),Bangladesh,event,road accident,2016-01-25,15:47:06,Jan,1,Mainly clear,15,Jan,vehicle collision car knocked down pedestrians
5663,SUST teacher sued over road crash killing 2 on campus,2016-01-25 13:59:14,https://en.prothomalo.com/bangladesh/SUST-teacher-sued-over-road-crash-killing-2-on,"sust campus, near the main gate",Sylhet,2,0,Car,vehicle hitting pedestrians,Bangladesh,event,road accident,2016-01-25,13:59:14,Jan,1,Mainly clear,13,Jan,vehicle hitting pedestrians
5668,2 university students crushed on Trishal highway,2015-12-28 21:36:33,https://en.prothomalo.com/bangladesh/2-university-students-crushed-on-Trishal-highway,dorirampur area on dhaka-mymensingh highway,Mymensingh,2,0,,,Bangladesh,event,road accident,2015-12-28,21:36:33,Dec,12,rain not reaching ground,21,Dec,
5670,Mymensingh road crash kills 6,2015-11-07 09:54:39,https://en.prothomalo.com/bangladesh/Mymensingh-road-crash-kills-6,meherabari,Mymensingh,6,20,Bus,plunged into a ditch,Bangladesh,event,road accident,2015-11-07,09:54:39,Nov,11,Mainly clear,9,Nov,plunged into a ditch
5674,4 killed in Sylhet road crash,2015-12-27 12:13:04,https://en.prothomalo.com/bangladesh/4-killed-in-Sylhet-road-crash-3,moglabazar,Sylhet,4,2,Truck And Private Car,speeding truck hit private car from behind,Bangladesh,event,road accident,2015-12-27,12:13:04,Dec,12,Clear sky,12,Dec,speeding truck hit private car from behind
5687,3 more bodies recovered in Meghna trawler capsize,2016-02-01 21:35:16,https://en.prothomalo.com/bangladesh/2-more-bodies-recovered-in-Meghna-trawler-capsize,meghna river,Chandpur,7,0,Trawler,capsize,Bangladesh,event,road accident,2016-02-01,21:35:16,Feb,2,Light rain,21,Feb,capsize
5694,SUST teacher goes into hiding,2016-01-24 18:58:35,https://en.prothomalo.com/bangladesh/SUST-teacher-goes-into-hiding-after-car-crash,near main gate of the campus,Sylhet,2,0,Car,crash,Bangladesh,event,road accident,2016-01-24,18:58:35,Jan,1,"Snow, moderate",18,Jan,crash
5695,"PM calls for constant vigilance against militancy, terrorism",2016-09-13 15:21:27,,tampaco factory,Gazipur,0,0,,safety measures not ensured,Bangladesh,event,road accident,2016-09-13,15:21:27,Sep,9,Light rain,15,Sep,safety measures not ensured
5698,Man crushed between two buses,2015-09-06 10:50:25,https://en.prothomalo.com/international/Man-crushed-between-two-buses,jatrabari,Dhaka,1,0,Bus,crushed between two buses,Bangladesh,event,road accident,2015-09-06,10:50:25,Sep,9,Moderate rain,10,Sep,crushed between two buses
5704,"Satkhira road crash kills mother, daughter",2015-11-20 20:52:00,,satkhira-jessore highway in sadar upazila,Satkhira,2,0,Bus,bus hit victims from behind,Bangladesh,event,road accident,2015-11-20,20:52:00,Nov,11,Mainly clear,20,Nov,bus hit victims from behind
5706,Another ASI killed in road crash,2015-11-10 15:27:33,,court academy school,Rajshahi,1,0,,,Bangladesh,event,road accident,2015-11-10,15:27:33,Nov,11,,15,Nov,
5707,ASA univ students block city street,2016-02-23 16:56:59,https://en.prothomalo.com/bangladesh/ASA-univ-students-block-city-street,mirpur road in front of asa university bangladesh,Dhaka,1,0,,a student died in a road accident,Bangladesh,event,road accident,2016-02-23,16:56:59,Feb,2,Partly cloudy,16,Feb,a student died in a road accident
5718,Ctg road crashes kill 3,2015-10-29 18:40:23,https://en.prothomalo.com/bangladesh/Ctg-road-crashes-kill-3,dhaka-chittagong highway,Dhaka,3,2,,,Bangladesh,event,road accident,2015-10-29,18:40:23,Oct,10,Partly cloudy,18,Oct,
5724,30 injured in Barisal road crash,2015-09-18 10:29:50,https://en.prothomalo.com/bangladesh/30-injured-in-Barisal-road-crash,rupatoli on the barisal-patuakhali highway,Patuakhali,0,30,Bus,slamming against a boundary wall,Bangladesh,event,road accident,2015-09-18,10:29:50,Sep,9,Moderate rain,10,Sep,slamming against a boundary wall
5725,Land minister’s son among 7 killed in road crashes,2016-01-09 18:09:19,https://en.prothomalo.com/bangladesh/Land-minister’s-son-among-7-killed-in-Bangabandhu,eastern side of bangabandhu bridge in bhuapur upazila,Tangail,7,45,"Bus, Truck, Police Vehicle, Private Car, Ambulance",opaque visibility caused by dense fog,Bangladesh,event,road accident,2016-01-09,18:09:19,Jan,1,Light rain,18,Jan,opaque visibility caused by dense fog
5727,2 killed as bus hits human hauler,2015-10-22 11:06:01,https://en.prothomalo.com/bangladesh/2-killed-as-bus-hits-human-hauler,rajshahi-chapainawabganj highway,Faridpur,2,0,"Bus, Human Hauler",collision,Bangladesh,event,road accident,2015-10-22,11:06:01,Oct,10,Mainly clear,11,Oct,collision
5728,Transport strike in Rajshahi from Sunday,2015-11-14 20:44:56,https://en.prothomalo.com/bangladesh/Indefinite-transport-strike-in-Rajshahi-from,rajshahi district,Rajshahi,0,0,Unauthorised Vehicles,movement of unauthorised vehicles on roads and highways,Bangladesh,event,road accident,2015-11-14,20:44:56,Nov,11,,20,Nov,movement of unauthorised vehicles on roads and highways
5732,Cattle-loaded trawler capsizes in Padma,2015-09-23 20:44:27,https://en.prothomalo.com/bangladesh/Cattle-loaded-trawler-capsizes-in-Padma,padma river near shimulia ghat of lauhajang upazila,Munshiganj,0,0,"Trawler, Launch",collision between trawler and launch,Bangladesh,event,road accident,2015-09-23,20:44:27,Sep,9,Moderate rain,20,Sep,collision between trawler and launch
5746,Tangail auto-rickshaw crash kills 3,2015-10-25 11:12:08,https://en.prothomalo.com/bangladesh/Tangail-auto-rickshaw-crash-kills-3,gangair on the tangail-mymensingh highway in madhupur upazila,Tangail,3,3,"Auto-Rickshaw, Truck",speeding truck hit the auto-rickshaw,Bangladesh,event,road accident,2015-10-25,11:12:08,Oct,10,Clear sky,11,Oct,speeding truck hit the autorickshaw