id,title,date,article_url,place_of_accident,district,number_of_deaths,number_of_injured,vehicle_type,cause_of_accident,country,report_type,type_of_accident,accident_date,accident_time,month,month_num,condition,accident_hour,month_name,cause_of_accident_normalized
5747,RMG workers block roads to Kamalapur,2015-12-08 13:53:52,https://en.prothomalo.com/bangladesh/RMG-workers-block-roads-to-Kamalapur,near kamalapur train station,Dhaka,1,2,Bus,bus hit pedestrians,Bangladesh,event,road accident,2015-12-08,13:53:52,Dec,12,Light rain,13,Dec,bus hit pedestrians
5750,BGMEA rejects TIB report terming it baseless,2016-01-15 22:16:05,https://en.prothomalo.com/business/BGMEA-rejects-TIB-report-terming-it-baseless,dhaka,Dhaka,0,0,,,Bangladesh,event,road accident,2016-01-15,22:16:05,Jan,1,Partly cloudy,22,Jan,
5752,Comilla road crash kills 3,2015-10-14 16:07:31,https://en.prothomalo.com/bangladesh/Comilla-road-crash-kills-3,dhaka-chittagong highway at sangkarpur,Dhaka,3,14,,,Bangladesh,event,road accident,2015-10-14,16:07:31,Oct,10,Light rain,16,Oct,
5754,2 army men killed in Cox’s Bazar road crash,2015-10-04 21:51:52,https://en.prothomalo.com/bangladesh/2-army-men-killed-in-Cox’s-Bazar-road-crash,chakaria upazila,Cox's Bazar,2,0,Vehicle,plunged into a ditch,Bangladesh,event,road accident,2015-10-04,21:51:52,Oct,10,Moderate rain,21,Oct,plunged into a ditch
5755,Barricade in Ashulia after road crash kills RMG worker,2015-10-12 12:28:44,https://en.prothomalo.com/bangladesh/Barricade-in-Ashulia-after-road-crash-kills-RMG,"jamgara, ashulia",Dhaka,1,0,"Bus, Human Hauler",speeding bus ran over pedestrian,Bangladesh,event,road accident,2015-10-12,12:28:44,Oct,10,Moderate rain,12,Oct,speeding bus ran over pedestrian
5756,"2 siblings, their cousin killed in Rangpur road crash",2015-10-19 20:27:18,https://en.prothomalo.com/bangladesh/2-siblings-their-cousin-killed-in-Rangpur-road-2,darshana intersection,Rangpur,3,0,"Bus, Bicycle",bus crashed into bicycle,Bangladesh,event,road accident,2015-10-19,20:27:18,Oct,10,Mainly clear,20,Oct,bus crashed into bicycle
5766,Cox’s Bazar road crash kills 3,2015-10-15 21:40:52,,khutakhali dhal area on chittagong-cox’s bazar highway,Cox's Bazar,3,7,"Pickup Van, Microbus",collision between pickup van and microbus,Bangladesh,event,road accident,2015-10-15,21:40:52,Oct,10,Light rain,21,Oct,collision between pickup van and microbus
5778,Road crashes kill at least 43 during Eid vacation,2016-07-09 22:23:37,https://en.prothomalo.com/bangladesh/Road-crashes-kill-at-least-43-during-Eid-vacation,"rangpur-dinajpur highway, taraganj upazila, rangpur district",Rangpur,6,0,"Minibus, Battery-Run Auto-Rickshaw",minibus hit a battery-run auto-rickshaw from behind,Bangladesh,event,road accident,2016-07-09,22:23:37,Jul,7,Moderate rain,22,Jul,minibus hit a batteryrun autorickshaw from behind
5784,Dhaka attack damages post-Rana Plaza progress,2016-07-05 20:24:34,https://en.prothomalo.com/business/Dhaka-attack-damages-post-Rana-Plaza-progress,dhaka’s diplomatic zone,Dhaka,20,0,,attack by islamist militants,Bangladesh,event,road accident,2016-07-05,20:24:34,Jul,7,Moderate rain,20,Jul,attack by islamist militants
5788,Vessel plying thru Sundarbans banned after 1:00pm,2015-12-07 21:57:49,https://en.prothomalo.com/bangladesh/Vessel-plying-thru-Sundarbans-banned-after-1-00pm,sundarbans,,0,0,Heavy Vessels,violation of plying hours leading to potential accidents,Bangladesh,event,road accident,2015-12-07,21:57:49,Dec,12,,21,Dec,violation of plying hours leading to potential accidents
5794,Chittagong road crash kills 5,2015-10-09 19:17:56,https://en.prothomalo.com/bangladesh/Chittagong-road-crash-kills-5,monsha area of patiya upazila,Chattogram,5,4,Bus And Cng-Run Auto-Rickshaw,collision,Bangladesh,event,road accident,2015-10-09,19:17:56,Oct,10,Heavy rain,19,Oct,collision
5799,2 killed in road crash,2015-08-10 15:02:24,https://en.prothomalo.com/bangladesh/2-killed-in-road-crash-13,dhaka-rangpur highway in bhaperhat area,Gaibandha,2,4,"Bus, Truck",collision,Bangladesh,event,road accident,2015-08-10,15:02:24,Aug,8,Moderate rain,15,Aug,collision
5800,2 killed in road crash,2015-08-10 15:02:24,https://en.prothomalo.com/bangladesh/2-killed-in-road-crash-10,dhaka-rangpur highway in bhaperhat area,Gaibandha,2,4,"Bus, Truck",collision,Bangladesh,event,road accident,2015-08-10,15:02:24,Aug,8,Moderate rain,15,Aug,collision
5802,2 killed in road crash,2015-08-10 15:02:24,https://en.prothomalo.com/bangladesh/2-killed-in-road-crash-4,dhaka-rangpur highway in bhaperhat area,Gaibandha,2,4,"Bus, Truck",collision,Bangladesh,event,road accident,2015-08-10,15:02:24,Aug,8,Moderate rain,15,Aug,collision
5806,Housewife killed in city road crash,2015-09-29 22:42:36,https://en.prothomalo.com/bangladesh/Housewife-killed-in-city-road-crash,rustampur,Dhaka,1,3,"Auto-Rickshaw, Pickup",head-on collision,Bangladesh,event,road accident,2015-09-29,22:42:36,Sep,9,Partly cloudy,22,Sep,head-on collision
5807,Manhole or death trap?,2015-12-10 03:33:02,https://en.prothomalo.com/opinion/Manhole-or-death-trap,"shyampur, dhaka city",Dhaka,1,0,Not Applicable,fell into an open manhole,Bangladesh,event,road accident,2015-12-10,03:33:02,Dec,12,Rain showers (slight),3,Dec,fell into an open manhole
5809,Motorcyclist dies in Hatirjheel crash,2015-09-26 12:56:17,https://en.prothomalo.com/bangladesh/Motorcyclist-dies-in-Hatirjheel-crash,hatirjheel area,Dhaka,1,0,Motorcycle,,Bangladesh,event,road accident,2015-09-26,12:56:17,Sep,9,Thunderstorm (moderate),12,Sep,
5820,Remove bazaar from railway tracks,2015-10-14 19:14:30,https://en.prothomalo.com/opinion/Remove-bazaar-from-railway-tracks,old dhaka,Dhaka,0,0,,,Bangladesh,event,road accident,2015-10-14,19:14:30,Oct,10,Light rain,19,Oct,
5822,Patients forcefully held in hospital,2015-11-22 15:07:13,https://en.prothomalo.com/opinion/Patients-forcefully-held-in-hospital,savar,Dhaka,0,2,"Auto-Rickshaw, Bus","hit by auto-rickshaw, fell from bus",Bangladesh,event,road accident,2015-11-22,15:07:13,Nov,11,Clear sky,15,Nov,hit by autorickshaw fell from bus
5829,6 killed in Gazipur road crash,2015-05-25 20:59:41,https://en.prothomalo.com/bangladesh/6-killed-in-Gazipur-road-crash,porabari area,Gazipur,6,0,Truck And Human Hauler (Police Vehicle),collision,Bangladesh,event,road accident,2015-05-25,20:59:41,May,5,Moderate rain,20,May,collision
5830,6 killed in Gazipur road crash,2015-05-25 20:59:41,https://en.prothomalo.com/bangladesh/5-killed-in-Gazipur-road-crash,porabari area,Gazipur,6,0,"Truck, Human Hauler",collision,Bangladesh,event,road accident,2015-05-25,20:59:41,May,5,Moderate rain,20,May,collision
5836,Road crashes claim 11 lives in 7 districts,2016-02-08 23:21:46,https://en.prothomalo.com/bangladesh/Road-crashes-claim-11-lives-in-7-districts,"eliotganj area, daudkandi upazila, comilla",Cumilla,3,3,"Covered Van, Pickup, Lorry","covered van hit a stationary pickup, then an electric pole-laden lorry hit both vehicles",Bangladesh,event,road accident,2016-02-08,23:21:46,Feb,2,Partly cloudy,23,Feb,covered van hit a stationary pickup then an electric poleladen lorry hit both vehicles
5839,Road crash kills two,2015-07-23 13:10:59,https://en.prothomalo.com/bangladesh/Road-crash-kills-two,dhaka-sylhet highway in islamabad area of sarail upazila,Brahmanbaria,2,3,"Bus, Auto-Rickshaw",collision between a bus and a cng-run auto-rickshaw,Bangladesh,event,road accident,2015-07-23,13:10:59,Jul,7,Light rain,13,Jul,collision between a bus and a cngrun autorickshaw
5842,4 killed in Tangail road crash,2015-07-03 13:28:28,https://en.prothomalo.com/bangladesh/4-killed-in-Tangail-road-crash,kostapara area in tangail town,Tangail,4,2,"Auto Rickshaw, Bus",hit by a bus and subsequently run over,Bangladesh,event,road accident,2015-07-03,13:28:28,Jul,7,Moderate rain,13,Jul,hit by a bus and subsequently run over
5849,Road crash kills two in Joypurhat,2015-06-25 14:24:25,https://en.prothomalo.com/bangladesh/Road-crash-kills-two-in-Joypurhat,pachshira-shimultali on the joypurhat-bogra highway,Joypurhat,2,25,Bus And A Human Hauler,head-on collision,Bangladesh,event,road accident,2015-06-25,14:24:25,Jun,6,Moderate rain,14,Jun,head-on collision
5853,Death toll in Habiganj road crash reaches 7,2015-10-03 12:56:08,https://en.prothomalo.com/bangladesh/Death-toll-in-Habiganj-road-crash-reaches-7,jalalpur,Habiganj,7,4,,,Bangladesh,event,road accident,2015-10-03,12:56:08,Oct,10,Moderate rain,12,Oct,
5855,Comilla road crash kills 4,2015-07-04 23:04:05,https://en.prothomalo.com/bangladesh/Comilla-road-crash-kills-4,dhaka-chittagong highway,Cumilla,4,13,Bus And A Truck,collision,Bangladesh,event,road accident,2015-07-04,23:04:05,Jul,7,Dense rain,23,Jul,collision
5858,Rajshahi road crash kills 7,2015-08-18 22:11:40,https://en.prothomalo.com/bangladesh/Rajshahi-road-crash-kills-at-least-6,malipara tebbaria,Rajshahi,7,0,Truck And Rickshaw Van,truck crashed into a rickshaw van,Bangladesh,event,road accident,2015-08-18,22:11:40,Aug,8,,22,Aug,truck crashed into a rickshaw van
5866,3 motorcyclists killed in collision with truck,2015-06-06 17:50:39,https://en.prothomalo.com/bangladesh/3-motorcyclists-killed-in-collision-with-truck,kendul area,Nawabganj,3,0,Motorcycle And Truck,head-on collision,Bangladesh,event,road accident,2015-06-06,17:50:39,Jun,6,Partly cloudy,17,Jun,head-on collision
5868,3 killed in Sirajganj road crash,2015-05-24 09:28:53,https://en.prothomalo.com/bangladesh/3-killed-in-Sirajganj-road-crash-4,bangabandhu bridge west link road,Sirajganj,3,2,Truck,speeding truck hit another truck from behind,Bangladesh,event,road accident,2015-05-24,09:28:53,May,5,Light rain,9,May,speeding truck hit another truck from behind
5869,3 killed in Sirajganj road crash,2015-05-24 09:28:53,https://en.prothomalo.com/bangladesh/3-killed-in-Sirajganj-traffic-accident,bangabandhu bridge west link road,Sirajganj,3,2,Truck,speeding truck hit another truck from behind,Bangladesh,event,road accident,2015-05-24,09:28:53,May,5,Light rain,9,May,speeding truck hit another truck from behind
5870,3 killed in Sirajganj road crash,2015-05-24 09:28:53,https://en.prothomalo.com/bangladesh/3-killed-in-Sirajganj-road-crash-2,bangabandhu bridge west link road in the konabari area,Sirajganj,3,2,Truck,speeding truck hit another truck from behind,Bangladesh,event,road accident,2015-05-24,09:28:53,May,5,Light rain,9,May,speeding truck hit another truck from behind
5871,3 killed in Sirajganj road crash,2015-05-24 09:28:53,https://en.prothomalo.com/bangladesh/3-killed-in-Sirajganj-road-crash,bangabandhu bridge west link road,Sirajganj,3,2,Truck,speeding truck hit another truck from behind,Bangladesh,event,road accident,2015-05-24,09:28:53,May,5,Light rain,9,May,speeding truck hit another truck from behind
5891,7 killed in Dhamrai road crash,2015-04-18 16:40:50,https://en.prothomalo.com/bangladesh/7-killed-in-Dhamrai-road-crash,dhaka-aricha highway,Dhaka,7,0,,,Bangladesh,event,road accident,2015-04-18,16:40:50,Apr,4,Moderate rain,16,Apr,
5898,Killed by a tiger statue,2015-08-23 18:06:10,https://en.prothomalo.com/opinion/Killed-by-a-tiger-statue,kawran bazar intersection,Dhaka,1,0,Cycle-Van,toppled statue,Bangladesh,event,road accident,2015-08-23,18:06:10,Aug,8,Moderate rain,18,Aug,toppled statue
5910,5 killed in Sirajganj road crash,2015-07-21 08:16:12,https://en.prothomalo.com/bangladesh/5-killed-in-Sirajganj-road-crash-2,mulibari level-crossing,Sirajganj,5,1,Auto-Rickshaw And Bus,auto-rickshaw crashed into a bus,Bangladesh,event,road accident,2015-07-21,08:16:12,Jul,7,Moderate rain,8,Jul,autorickshaw crashed into a bus
5919,"Mother, son killed in city road crash",2015-04-10 14:40:57,,jatrabari,Dhaka,2,1,Car,,Bangladesh,event,road accident,2015-04-10,14:40:57,Apr,4,Mainly clear,14,Apr,
5922,Bus plunge kills 8 in Tangail,2015-07-23 21:03:42,https://en.prothomalo.com/bangladesh/Bus-plunge-kills-8-in-Tangail,patkhaguri,Tangail,8,20,Bus,plunged into a roadside ditch,Bangladesh,event,road accident,2015-07-23,21:03:42,Jul,7,Moderate rain,21,Jul,plunged into a roadside ditch
5932,Vessel sinks with 900 tonnes of coal,2015-04-24 19:07:56,https://en.prothomalo.com/bangladesh/Vessel-sinks-with-900-tonnes-of-coal,bay of bengal near vasanchar,,0,0,Lighter Vessel,hull crack due to high waves,Bangladesh,event,road accident,2015-04-24,19:07:56,Apr,4,,19,Apr,hull crack due to high waves
5937,Army officer killed in road crash,2015-05-22 19:18:59,https://en.prothomalo.com/bangladesh/Army-officer-killed-in-road-crash,gazaria upazila of munshiganj,Munshiganj,1,3,Car,vehicle crashed into a tree,Bangladesh,event,road accident,2015-05-22,19:18:59,May,5,Partly cloudy,19,May,vehicle crashed into a tree
5939,3 killed in Sirajganj road crash,2015-04-22 11:34:08,https://en.prothomalo.com/bangladesh/3-killed-in-Sirajganj-road-crash-4,"nagarbari-hatikumrul highway, garadah area",Sirajganj,3,1,"Truck, Auto-Rickshaw",head-on collision,Bangladesh,event,road accident,2015-04-22,11:34:08,Apr,4,Moderate rain,11,Apr,head-on collision
5942,3 killed in Sirajganj road crash,2015-04-22 11:34:08,https://en.prothomalo.com/bangladesh/3-killed-in-Sirajganj-road-crash,nagarbari-hatikumrul highway,Sirajganj,3,1,"Truck, Auto-Rickshaw",head-on collision,Bangladesh,event,road accident,2015-04-22,11:34:08,Apr,4,Moderate rain,11,Apr,head-on collision
5958,Students' death triggers highway blockade in Ctg,2015-06-13 13:36:01,https://en.prothomalo.com/bangladesh/Death-of-2-students-triggers-highway-blockade-in,city gate area,Chattogram,2,0,,road accident,Bangladesh,event,road accident,2015-06-13,13:36:01,Jun,6,Moderate rain,13,Jun,road accident
5960,7 killed in Comilla road crash,2015-02-24 19:59:37,,dhaka-chittagong highway,Cumilla,7,0,,,Bangladesh,event,road accident,2015-02-24,19:59:37,Feb,2,Mainly clear,19,Feb,
5971,RMG factory bus torched over death roumour,2015-03-24 13:06:08,https://en.prothomalo.com/bangladesh/RMG-factory-bus-torched-over-death-roumour,zirani,Gazipur,0,0,Bus,rumor of a fellow's death in a road accident leading to arson,Bangladesh,event,road accident,2015-03-24,13:06:08,Mar,3,Moderate rain,13,Mar,rumor of a fellows death in a road accident leading to arson
5974,5 of a family killed in Lalmonirhat road crash,2015-04-07 18:58:34,https://en.prothomalo.com/bangladesh/5-of-a-family-killed-on-Lalmonirhat-road,rangpur-kurigram highway in lalmonirhat sadar upazila,Lalmonirhat,5,5,"Bus, Auto-Rickshaw",bus rammed into an auto-rickshaw,Bangladesh,event,road accident,2015-04-07,18:58:34,Apr,4,Moderate rain,18,Apr,bus rammed into an autorickshaw
5980,4 killed in Bogra road crash,2015-03-07 13:58:07,https://en.prothomalo.com/bangladesh/4-killed-in-Bogra-road-crash-2,dhaka-rangpur highway in bogra sadar area,Bogra,4,7,"Truck, Car",driver lost control while trying to overtake a car,Bangladesh,event,road accident,2015-03-07,13:58:07,Mar,3,Clear sky,13,Mar,driver lost control while trying to overtake a car
5987,Female RMG worker killed in Gazipur crash,2015-06-02 13:32:09,https://en.prothomalo.com/bangladesh/Female-RMG-worker-killed-in-Gazipur-crash,konabari area,Gazipur,1,10,Bus,bus ran over a pedestrian,Bangladesh,event,road accident,2015-06-02,13:32:09,Jun,6,Light rain,13,Jun,bus ran over a pedestrian
5999,'They are always on my mind',2015-08-13 15:33:06,https://en.prothomalo.com/entertainment/They-are-always-on-my-mind,bangladesh,,2,1,Microbus,,Bangladesh,event,road accident,2015-08-13,15:33:06,Aug,8,,15,Aug,
6001,Bus driver sued in Faridpur road crash,2015-04-10 22:35:34,https://en.prothomalo.com/bangladesh/Bus-driver-sued-in-Faridpur-road-crash,bhanga,Faridpur,25,18,Bus,reckless driving,Bangladesh,event,road accident,2015-04-10,22:35:34,Apr,4,Duststorm or sandstorm,22,Apr,reckless driving
6005,Reckless bike takes Runa’s life,2015-10-21 18:39:19,,motijheel agb colony,Dhaka,1,0,Motorcycle,"scarf entangled with motorcycle wheel, reckless driving, high speed",Bangladesh,event,road accident,2015-10-21,18:39:19,Oct,10,Mainly clear,18,Oct,scarf entangled with motorcycle wheel reckless driving high speed
6013,Cop killed in Ctg road crash,2015-01-26 12:20:28,https://en.prothomalo.com/bangladesh/Cop-killed-in-Ctg-road-crash,salimpur fakirhat area,Chattogram,1,5,,,Bangladesh,event,road accident,2015-01-26,12:20:28,Jan,1,Partly cloudy,12,Jan,
6016,Narayanganj road crash kills 4,2015-02-27 16:11:19,https://en.prothomalo.com/bangladesh/Narayanganj-road-crash-kills-4,dhaka-sylhet highway,Narayanganj,4,2,"Truck, Auto Rickshaw",truck crushed an auto rickshaw,Bangladesh,event,road accident,2015-02-27,16:11:19,Feb,2,Mainly clear,16,Feb,truck crushed an auto rickshaw
6028,3 killed in Bogra road crash,2015-03-12 21:43:53,https://en.prothomalo.com/bangladesh/3-killed-in-Bogra-road-crash-3,dhaka-bogra highway,Sherpur,3,2,,,Bangladesh,event,road accident,2015-03-12,21:43:53,Mar,3,Clear sky,21,Mar,
6029,3 killed in Bogra road crash,2015-03-12 21:43:53,https://en.prothomalo.com/bangladesh/3-killed-in-Bogra-road-crash-2,sherpur upazila,Bogra,3,2,Other,,Bangladesh,event,road accident,2015-03-12,21:43:53,Mar,3,Clear sky,21,Mar,
6034,3 killed as truck hits auto-rickshaw in B'baria,2015-02-28 22:28:59,https://en.prothomalo.com/bangladesh/3-killed-as-truck-hits-auto-rickshaw-in-B-baria,comilla-sylhet highway at brahmanbaria’s vadugarh,Brahmanbaria,3,3,"Truck, Auto-Rickshaw",truck crashed into a cng-run auto rickshaw,Bangladesh,event,road accident,2015-02-28,22:28:59,Feb,2,Clear sky,22,Feb,truck crashed into a cngrun auto rickshaw
6035,Auto-rickshaws banned on 22 highways,2015-08-07 21:30:31,https://en.prothomalo.com/bangladesh/Auto-rickshaws-ban-on-22-highways,various highways,Noakhali,0,0,"Auto Rickshaw, Tempo, Other",to avoid accidents,Bangladesh,event,road accident,2015-08-07,21:30:31,Aug,8,Dense rain,21,Aug,to avoid accidents
6039,Terrorist attacks continue unabated,2015-11-12 12:05:16,https://en.prothomalo.com/bangladesh/Terrorist-attacks-continue-unabated,"rangpur, faridpur, dhaka",Faridpur,2,1,,"hacked to death, stabbed",Bangladesh,event,road accident,2015-11-12,12:05:16,Nov,11,Clear sky,12,Nov,hacked to death stabbed
6040,"It wasn’t a gunfight, Arzu was killed: Taposh MP",2015-08-20 17:49:16,https://en.prothomalo.com/bangladesh/It-wasn’t-a-gunfight-Arzu-was-killed-Taposh-MP,hazaribagh,Dhaka,1,0,,killed by rab,Bangladesh,event,road accident,2015-08-20,17:49:16,Aug,8,Moderate rain,17,Aug,killed by rab
6047,6 killed in road crashes,2015-06-03 15:00:56,https://en.prothomalo.com/bangladesh/2-killed-in-B-baria-road-crash,"brahmanbaria, pabna and dhaka",Dhaka,6,0,Cars,,Bangladesh,event,road accident,2015-06-03,15:00:56,Jun,6,Mainly clear,15,Jun,
6050,Worker's death in N'ganj sparks violence,2015-03-28 14:49:23,https://en.prothomalo.com/bangladesh/RMG-workers-death-in-N-ganj-road-crash-sparks,tipordi area of sonargaon upazila,Narayanganj,1,0,Bus,hit by a bus while crossing the road,Bangladesh,event,road accident,2015-03-28,14:49:23,Mar,3,Moderate rain,14,Mar,hit by a bus while crossing the road
6054,"Father, daughter killed in Keraniganj road crash",2015-02-05 21:19:59,https://en.prothomalo.com/bangladesh/Father-daughter-killed-in-Keraniganj-road-crash,dhaka-mawa highway,Dhaka,2,0,Car,road accident,Bangladesh,event,road accident,2015-02-05,21:19:59,Feb,2,Partly cloudy,21,Feb,road accident
6058,5 killed in Dinajpur road crash,2014-12-30 13:26:50,https://en.prothomalo.com/bangladesh/5-killed-in-Dinajpur-road-crash,mizpara prem bazar area,Dinajpur,5,30,,,Bangladesh,event,road accident,2014-12-30,13:26:50,Dec,12,Mainly clear,13,Dec,
6060,Death on the highways,2015-04-11 10:14:49,https://en.prothomalo.com/opinion/Death-on-the-highways-3,"dhaka-barisal highway, bhanga municipal area",Faridpur,25,25,Bus,serious accident,Bangladesh,event,road accident,2015-04-11,10:14:49,Apr,4,Moderate rain,10,Apr,serious accident
6061,Death on the highways,2015-04-11 10:14:49,https://en.prothomalo.com/opinion/Death-on-the-highways-2,bhanga municipal area,Faridpur,25,0,Bus,,Bangladesh,event,road accident,2015-04-11,10:14:49,Apr,4,Moderate rain,10,Apr,
6062,Death on the highways,2015-04-11 10:14:49,https://en.prothomalo.com/opinion/Death-on-the-highways,bhanga municipal area,Faridpur,25,0,Bus,serious accident,Bangladesh,event,road accident,2015-04-11,10:14:49,Apr,4,Moderate rain,10,Apr,serious accident
6067,8 killed in Tangail road crash,2014-12-24 16:08:20,https://en.prothomalo.com/bangladesh/8-killed-in-Tangail-road-crash,tangail-mymensingh road at ashura in madhupur upazila,Tangail,8,3,"Truck, Tempo",truck hit tempo coming from opposite direction,Bangladesh,event,road accident,2014-12-24,16:08:20,Dec,12,Clear sky,16,Dec,truck hit tempo coming from opposite direction
6070,"Bomb blasts in Lalbagh, youth loses hand",2015-01-21 18:49:18,https://en.prothomalo.com/bangladesh/Bomb-blasts-in-Lalbagh-youth-loses-hand,lalbagh,Dhaka,0,1,,bomb blast,Bangladesh,event,road accident,2015-01-21,18:49:18,Jan,1,Partly cloudy,18,Jan,bomb blast
6073,Cop among 3 killed in Sirajganj road crash,2014-12-31 13:56:54,https://en.prothomalo.com/bangladesh/Cop-among-3-killed-in-Sirajganj-road-crash,koddar intersection of bangabandhu bridge (west) connecting road,Sirajganj,3,3,"Truck, Bus, Van",truck ran into a stationary bus from behind,Bangladesh,event,road accident,2014-12-31,13:56:54,Dec,12,Moderate rain,13,Dec,truck ran into a stationary bus from behind
6080,Satkhira road crash kills woman,2014-12-05 12:44:41,https://en.prothomalo.com/bangladesh/Satkhira-road-crash-kills-woman,satkhira town,Satkhira,1,0,,,Bangladesh,event,road accident,2014-12-05,12:44:41,Dec,12,Partly cloudy,12,Dec,
6081,"Truck driver, asst burnt to death",2015-02-03 15:51:17,https://en.prothomalo.com/bangladesh/Truck-driver-and-assistant-burnt-to-death,dhaka-barisal highway,Barishal,2,0,Truck,petrol bomb attack,Bangladesh,event,road accident,2015-02-03,15:51:17,Feb,2,Partly cloudy,15,Feb,petrol bomb attack
6083,Narsingdi road crash kills 2,2014-12-19 13:21:02,https://en.prothomalo.com/bangladesh/Narsingdi-road-crash-kills-2-4,dhaka-sylhet highway in front of bscic industrial area at kararchar,Nawabganj,2,3,"Bus, Cng-Run Auto-Rickshaw",bus rammed a cng-run auto-rickshaw,Bangladesh,event,road accident,2014-12-19,13:21:02,Dec,12,Partly cloudy,13,Dec,bus rammed a cngrun autorickshaw
6084,Narsingdi road crash kills 2,2014-12-19 13:21:02,https://en.prothomalo.com/bangladesh/Narsingdi-road-crash-kills-2-2,in front of bscic industrial area at kararchar,Nawabganj,2,3,"Bus, Cng-Run Auto-Rickshaw",bus rammed a cng-run auto-rickshaw,Bangladesh,event,road accident,2014-12-19,13:21:02,Dec,12,Partly cloudy,13,Dec,bus rammed a cngrun autorickshaw
6085,Narsingdi road crash kills 2,2014-12-19 13:21:02,https://en.prothomalo.com/bangladesh/Narsingdi-road-crash-kills-2,kararchar in shibganj upazila,Brahmanbaria,2,3,"Bus, Cng-Run Auto-Rickshaw",bus rammed a cng-run auto-rickshaw,Bangladesh,event,road accident,2014-12-19,13:21:02,Dec,12,Partly cloudy,13,Dec,bus rammed a cngrun autorickshaw
6086,Driver held in connection with death of 3 Rajshahi College girls,2014-12-11 14:00:58,https://en.prothomalo.com/bangladesh/Driver-held-in-connection-with-death-of-3-Rajshahi,rajshahi,Rajshahi,3,0,Bus,,Bangladesh,event,road accident,2014-12-11,14:00:58,Dec,12,,14,Dec,
6089,Female RMG worker killed in Ashulia road crash,2014-12-08 11:43:24,https://en.prothomalo.com/bangladesh/Female-RMG-worker-killed-in-Ashulia-road-crash,ashulia,Dhaka,1,0,,,Bangladesh,event,road accident,2014-12-08,11:43:24,Dec,12,Partly cloudy,11,Dec,
6094,"Pinak-6 capsize: A year on, wound remains",2015-08-04 20:03:14,https://en.prothomalo.com/bangladesh/Pinak-6-capsize-A-year-on-wound-remains,padma river,Munshiganj,49,112,Launch (Pinak-6),launch overloaded beyond capacity,Bangladesh,event,road accident,2015-08-04,20:03:14,Aug,8,Light rain,20,Aug,launch overloaded beyond capacity
6097,JCD leader wounded in blast dies,2015-01-22 10:41:43,https://en.prothomalo.com/bangladesh/JCD-leader-wounded-in-blast-dies,lalbagh,Dhaka,1,0,,making a bomb,Bangladesh,event,road accident,2015-01-22,10:41:43,Jan,1,"Snow, moderate",10,Jan,making a bomb
6098,Chakaria death toll rises to 4,2015-01-16 17:54:02,https://en.prothomalo.com/bangladesh/Chakaria-death-toll-rises-to-4,chittagong-cox's bazar highway,Cox's Bazar,4,0,"Microbus, Picnic Bus",head-on collision,Bangladesh,event,road accident,2015-01-16,17:54:02,Jan,1,Partly cloudy,17,Jan,head-on collision
6099,Tangail bus-truck collision kills 4,2014-10-17 09:33:23,https://en.prothomalo.com/bangladesh/Tangail-bus-truck-collision-kills-4,gharinda bypass intersection,Tangail,4,10,Bus And A Truck,head-on collision,Bangladesh,event,road accident,2014-10-17,09:33:23,Oct,10,"rain, freezing",9,Oct,head-on collision
6107,No lack of excuses to strike,2015-05-25 08:24:49,https://en.prothomalo.com/bangladesh/Transport-strikes-at-meagre-excuses,"madhukhali, faridpur",Faridpur,0,0,Bus,robbery and subsequent arrests leading to strike,Bangladesh,event,road accident,2015-05-25,08:24:49,May,5,Light rain,8,May,robbery and subsequent arrests leading to strike
6122,Madrasah teacher killed in Rajshahi bike crash,2014-11-01 10:09:55,https://en.prothomalo.com/bangladesh/Madrasah-teacher-killed-in-Rajshahi-bike-crash,shah makhdum airport area,Rajshahi,1,0,"Truck, Motorcycle",truck hit motorcycle,Bangladesh,event,road accident,2014-11-01,10:09:55,Nov,11,,10,Nov,truck hit motorcycle accident
6134,"3 killed in road crashes in Mirsharai, Savar",2014-12-05 22:41:59,https://en.prothomalo.com/bangladesh/3-killed-in-road-crashes-in-Mirsharai-Savar,"sufia road, nayarhat area of ashulia",Dhaka,3,8,"Covered Van, Cng-Run Auto-Rickshaw, Bus, Three-Wheeler","collision between vehicles, bus rammed three-wheeler",Bangladesh,event,road accident,2014-12-05,22:41:59,Dec,12,Partly cloudy,22,Dec,collision between vehicles bus rammed threewheeler
6135,JUST student among 3 killed in Jessore,2014-12-12 20:08:00,https://en.prothomalo.com/bangladesh/University-student-among-3-killed-in-Jessore-road,jessore-chougachha highway at fultadanga,,3,8,,,Bangladesh,event,road accident,2014-12-12,20:08:00,Dec,12,,20,Dec,
6140,"Mother, son drown in Buriganga",2014-10-01 16:11:26,https://en.prothomalo.com/bangladesh/Mother-son-drown-in-Buriganga,river buriganga near sadarghat terminal,Dhaka,2,1,"Launch, Boat",launch hit boat,Bangladesh,event,road accident,2014-10-01,16:11:26,Oct,10,Mainly clear,16,Oct,launch hit boat
6142,Natore bus plunge kills 3,2014-10-03 20:48:54,https://en.prothomalo.com/bangladesh/Natore-bus-plunge-kills-3,banpara-hatikumrul highway,Natore,3,28,Bus,plunged into a roadside ditch,Bangladesh,event,road accident,2014-10-03,20:48:54,Oct,10,Light rain,20,Oct,plunged into a roadside ditch
6152,Munshiganj road crash kills 2,2014-10-26 10:35:40,https://en.prothomalo.com/bangladesh/Munshiganj-road-crash-kills-2-2,madhyam farazi kandi,Munshiganj,2,25,,,Bangladesh,event,road accident,2014-10-26,10:35:40,Oct,10,Moderate rain,10,Oct,
6153,Munshiganj road crash kills 2,2014-10-26 10:35:40,https://en.prothomalo.com/bangladesh/Munshiganj-road-crash-kills-2,dhaka-chittagong highway,Munshiganj,2,25,Other,,Bangladesh,event,road accident,2014-10-26,10:35:40,Oct,10,Moderate rain,10,Oct,