id,title,date,article_url,place_of_accident,district,number_of_deaths,number_of_injured,vehicle_type,cause_of_accident,country,report_type,type_of_accident,accident_date,accident_time,month,month_num,condition,accident_hour,month_name,cause_of_accident_normalized
6155,"1 killed, 5 injured in Mymensingh road crash",2014-09-06 18:20:42,https://en.prothomalo.com/bangladesh/1-killed-5-injured-in-Mymensingh-road-crash,mymensingh sadar,Mymensingh,1,5,Other,,Bangladesh,event,road accident,2014-09-06,18:20:42,Sep,9,Light rain,18,Sep,
6157,Driver killed as truck plunges into Sirajganj ditch,2014-09-20 16:28:12,https://en.prothomalo.com/bangladesh/Driver-killed-as-truck-plunges-into-Sirajganj,solomile of raiganj upazila,Sirajganj,1,4,Truck,plunged into a ditch,Bangladesh,event,road accident,2014-09-20,16:28:12,Sep,9,Moderate rain,16,Sep,plunged into a ditch
6163,"Man killed, 10 hurt in Mymensingh road crash",2014-08-29 17:33:40,https://en.prothomalo.com/bangladesh/Man-killed-10-hurt-in-Mymensingh-road-crash,mymensingh-kishoreganj highway at sharshi,Mymensingh,1,10,Bus And A Truck,head-on collision,Bangladesh,event,road accident,2014-08-29,17:33:40,Aug,8,Light rain,17,Aug,head-on collision
6168,AL leader killed in Sylhet bike crash,2014-09-12 12:50:12,https://en.prothomalo.com/bangladesh/AL-leader-killed-in-Sylhet-bike-crash,nijpat bandarhati village,Sylhet,1,0,"Truck, Motorcycle",truck hit motorcycle,Bangladesh,event,road accident,2014-09-12,12:50:12,Sep,9,Dense rain,12,Sep,truck hit motorcycle accident
6178,4 killed in Tangail traffic collision,2014-09-21 15:45:46,https://en.prothomalo.com/bangladesh/3-killed-in-Highway-road-crash,dhaka-tangail highway in jamurki,Tangail,4,0,"Covered Van, Pickup Van",head-on collision,Bangladesh,event,road accident,2014-09-21,15:45:46,Sep,9,Light rain,15,Sep,head-on collision
6181,Steel mill explosion burns 4,2014-10-26 16:13:38,,salam steel mill,Dhaka,0,4,Other (Industrial),furnace exploded,Bangladesh,event,road accident,2014-10-26,16:13:38,Oct,10,Light rain,16,Oct,furnace exploded
6182,Cop killed in Tangail road crash,2014-09-08 17:09:37,,kurni,Tangail,1,7,"Bus, Police Vehicle",bus hit a police vehicle,Bangladesh,event,road accident,2014-09-08,17:09:37,Sep,9,Dense rain,17,Sep,bus hit a police vehicle
6185,Zaglul Ahmed Chowdhury laid to rest,2014-12-01 23:06:15,https://en.prothomalo.com/bangladesh/Zaglul-Ahmed-Chowdhury-laid-to-rest,dhaka,Dhaka,1,0,,road accident,Bangladesh,event,road accident,2014-12-01,23:06:15,Dec,12,Partly cloudy,23,Dec,road accident
6193,4 killed in truck-auto rickshaw collision,2014-09-16 11:54:15,https://en.prothomalo.com/bangladesh/4-killed-in-truck-auto-rickshaw-collision,kanchan jinda park area,Narayanganj,4,2,"Truck, Auto Rickshaw",head on collision,Bangladesh,event,road accident,2014-09-16,11:54:15,Sep,9,Moderate rain,11,Sep,head-on collision
6197,2 killed in Narsingdi road crash,2014-09-06 22:34:46,https://en.prothomalo.com/bangladesh/accident/2-killed-in-narsingdi-road-crash,dhaka-sylhet highway,Narsingdi,2,3,Other,,Bangladesh,event,road accident,2014-09-06,22:34:46,Sep,9,Partly cloudy,22,Sep,
6198,2 killed in Narsingdi road crash,2014-09-06 22:34:46,https://en.prothomalo.com/bangladesh/2-killed-in-Narsingdi-road-crash,dhaka-sylhet highway,Dhaka,2,3,,,Bangladesh,event,road accident,2014-09-06,22:34:46,Sep,9,Partly cloudy,22,Sep,
6200,"Driver killed, 5 injured in road crash",2014-08-14 13:37:54,https://en.prothomalo.com/bangladesh/Driver-killed-5-injured-in-road-crash,jessore-chaugachha road,Chuadanga,1,5,Bus,,Bangladesh,event,road accident,2014-08-14,13:37:54,Aug,8,Moderate rain,13,Aug,
6201,"Twin boys, mother die as bus falls in ditch",2014-10-05 12:41:02,https://en.prothomalo.com/bangladesh/Twin-boys-mother-die-as-bus-falls-in-ditch,"comilla-sylhet highway, brahmanbaria sadar upazila",Brahmanbaria,3,0,Microbus,plunged into water,Bangladesh,event,road accident,2014-10-05,12:41:02,Oct,10,Clear sky,12,Oct,plunged into water
6202,Traffic constable killed in Dhaka,2014-08-21 22:02:03,https://en.prothomalo.com/bangladesh/Traffic-constable-killed-in-Dhaka,bananiof dhaka,Dhaka,1,0,,traffic accident,Bangladesh,event,road accident,2014-08-21,22:02:03,Aug,8,Moderate rain,22,Aug,traffic accident
6203,Traffic resumes on Dhaka-Tangail Highway,2014-07-11 11:30:35,https://en.prothomalo.com/bangladesh/Traffic-resumes-on-Dhaka-Tangail-Highway,dhaka-tangail highway at delduar upazila,Tangail,0,0,Coal-Truck,truck turned turtle,Bangladesh,event,road accident,2014-07-11,11:30:35,Jul,7,Moderate rain,11,Jul,truck turned turtle
6204,Clinker-laden cargo vessel sinks at Mongla,2014-09-12 23:00:00,https://en.prothomalo.com/bangladesh/Clinker-laden-cargo-vessel-sinks-at-Mongla,pashur channel,Bagerhat,0,0,Cargo Vessel,capsized,Bangladesh,event,road accident,2014-09-12,23:00:00,Sep,9,Moderate rain,23,Sep,unknown
6206,Truck runs over 2 siblings,2014-09-28 10:29:06,https://en.prothomalo.com/bangladesh/Truck-runs-over-2-siblings,satkhira town,Satkhira,2,1,Truck,ran over siblings,Bangladesh,event,road accident,2014-09-28,10:29:06,Sep,9,Precipitation within sight,10,Sep,ran over siblings
6212,7 bodies recovered after Padma boat capsize,2014-07-31 11:11:30,https://en.prothomalo.com/bangladesh/7-bodies-recovered-after-Padma-boat-capsize,river padma,Kushtia,7,0,,capsize,Bangladesh,event,road accident,2014-07-31,11:11:30,Jul,7,Moderate rain,11,Jul,capsize
6224,Kandari stops spraying chemical,2014-12-12 22:46:12,https://en.prothomalo.com/bangladesh/Kandari-stops-spraying-chemical,shyla river and its adjacent areas in sundarbans,,0,0,Tugboat,stopped applying its chemical process on the oily water,Bangladesh,event,road accident,2014-12-12,22:46:12,Dec,12,,22,Dec,stopped applying its chemical process on the oily water
6235,3 killed in Comilla road crash,2014-07-27 18:33:43,https://en.prothomalo.com/bangladesh/3-killed-in-Comilla-road-crash,nuritala on the dhaka-chittagong highway,Cumilla,3,2,Bus And Pick-Up Van,bus rammed a pick-up van,Bangladesh,event,road accident,2014-07-27,18:33:43,Jul,7,Moderate rain,18,Jul,bus rammed a pickup van
6236,Clinker-laden coaster sinks in Meghna River,2014-08-26 11:31:14,https://en.prothomalo.com/bangladesh/Clinker-laden-coaster-sinks-in-Meghna-River,meghna river near old market area,Chandpur,0,0,"Coaster, Oil-Laden Tanker",collision between coaster and oil-laden tanker,Bangladesh,event,road accident,2014-08-26,11:31:14,Aug,8,Moderate rain,11,Aug,collision between coaster and oilladen tanker
6237,2 traders killed in Magura road crash,2014-07-26 17:47:34,https://en.prothomalo.com/bangladesh/2-traders-killed-in-Magura-road-crash,kasundi on the dhaka-khulna highway,Magura,2,7,Truck And Pick-Up,truck rammed into a pick-up,Bangladesh,event,road accident,2014-07-26,17:47:34,Jul,7,Light rain,17,Jul,truck rammed into a pickup
6238,6 killed in Nilphamari road crash,2014-06-21 14:51:53,https://en.prothomalo.com/bangladesh/6-killed-in-Nilphamari-road-crash,kishoreganj-taraganj highway at dharerbazar,Nilphamari,6,10,"Bus, Ambulance",bus smashed an ambulance,Bangladesh,event,road accident,2014-06-21,14:51:53,Jun,6,Light rain,14,Jun,bus smashed an ambulance
6240,5 killed in Habiganj road crash,2014-09-06 12:31:02,https://en.prothomalo.com/bangladesh/5-killed-in-Habiganj-road-crash,habiganj,Habiganj,5,16,,,Bangladesh,event,road accident,2014-09-06,12:31:02,Sep,9,Moderate rain,12,Sep,
6241,4 killed in a Tangail road crash,2014-06-28 10:19:02,,dhaka-tangail highway at jokarchar,Tangail,4,0,"Truck, Pick-Up Van",truck rammed into a pick-up van,Bangladesh,event,road accident,2014-06-28,10:19:02,Jun,6,Moderate rain,10,Jun,truck rammed into a pickup van
6242,Sundarbans in grave danger,2014-12-11 10:06:13,https://en.prothomalo.com/opinion/Sundarbans-in-grave-danger,river shela of the sundarbans,,0,0,Tanker,capsized,Bangladesh,event,road accident,2014-12-11,10:06:13,Dec,12,,10,Dec,unknown
6243,3 killed in M’singh as 2 trucks collide,2014-07-04 13:09:09,https://en.prothomalo.com/bangladesh/3-killed-in-M’singh-as-2-trucks-collide,meherabari,Mymensingh,3,1,Truck,head-on collision,Bangladesh,event,road accident,2014-07-04,13:09:09,Jul,7,Light rain,13,Jul,head-on collision
6245,Limon maiming accidental: Asaduzzaman,2014-10-22 20:03:35,https://en.prothomalo.com/bangladesh/Limon-maiming-accidental-Asaduzzaman,jhalakati,Jhalokati,0,1,,shot and maimed by rapid action battalion members,Bangladesh,event,road accident,2014-10-22,20:03:35,Oct,10,Partly cloudy,20,Oct,shot and maimed by rapid action battalion members
6246,2 killed in Mymensingh road crash,2014-07-25 13:21:47,https://en.prothomalo.com/bangladesh/accident/xmi9mzllmi,netrakona-mymensingh highway at kashiganj,Mymensingh,2,10,Bus And Private Car,bus rammed into a private car,Bangladesh,event,road accident,2014-07-25,13:21:47,Jul,7,Moderate rain,13,Jul,bus rammed into a private car
6247,2 killed in Mymensingh road crash,2014-07-25 13:21:47,https://en.prothomalo.com/bangladesh/2-killed-in-Mymensingh-road-crash-3,netrakona-mymensingh highway at kashiganj,Mymensingh,2,10,"Bus, Private Car",bus rammed into a private car,Bangladesh,event,road accident,2014-07-25,13:21:47,Jul,7,Moderate rain,13,Jul,bus rammed into a private car
6248,2 killed in Mymensingh road crash,2014-07-25 13:21:47,https://en.prothomalo.com/bangladesh/2-killed-in-Mymensingh-road-crash,netrakona-mymensingh highway at kashiganj under tarakanda upazila of mymensingh,Mymensingh,2,10,Bus And Private Car,bus rammed into a private car,Bangladesh,event,road accident,2014-07-25,13:21:47,Jul,7,Moderate rain,13,Jul,bus rammed into a private car
6249,4 killed in M’singh road crash,2014-08-15 11:58:27,https://en.prothomalo.com/bangladesh/3-killed-in-M’singh-road-crash,dhaka-mymensingh highway at beltoli,Dhaka,4,2,"Bus, Auto-Rickshaw",head-on collision,Bangladesh,event,road accident,2014-08-15,11:58:27,Aug,8,Light rain,11,Aug,head-on collision
6250,"MP hurt, domestic help killed in road crash",2014-07-23 18:19:26,https://en.prothomalo.com/bangladesh/MP-hurt-domestic-help-killed-in-road-crash,kadda,Sirajganj,1,3,,,Bangladesh,event,road accident,2014-07-23,18:19:26,Jul,7,Light rain,18,Jul,
6252,2 SUST students among 3 hurt in road crash,2014-07-12 18:16:21,https://en.prothomalo.com/bangladesh/2-SUST-students-among-3-hurt-in-road-crash,akhalia,Chattogram,0,3,"Microbus, Auto-Rickshaw",microbus rammed into auto-rickshaw,Bangladesh,event,road accident,2014-07-12,18:16:21,Jul,7,Light rain,18,Jul,microbus rammed into autorickshaw
6262,Man killed in Panchagarh road crash,2014-06-20 10:57:54,https://en.prothomalo.com/bangladesh/Man-killed-in-Panchagarh-road-crash,dhaka-panchagarh highway,Panchagarh,1,0,Traffic,,Bangladesh,event,road accident,2014-06-20,10:57:54,Jun,6,,10,Jun,
6263,"Ferry sinks with 5 trucks, 2 pickups",2014-06-19 10:44:41,https://en.prothomalo.com/bangladesh/Ferry-sinks-with-5-trucks-2-pickups,madhumati river near kalna ferry ghat,Gopalganj,0,0,"Ferry, Trucks, Pickup-Vans",capsized,Bangladesh,event,road accident,2014-06-19,10:44:41,Jun,6,Moderate rain,10,Jun,unknown
6266,2 killed in Feni road crash,2014-07-08 13:12:12,https://en.prothomalo.com/bangladesh/2-killed-in-Feni-road-crash,feni-noakhali highway,Feni,2,0,Microbus And Cng-Run Auto-Rickshaw,head-on collision,Bangladesh,event,road accident,2014-07-08,13:12:12,Jul,7,Moderate rain,13,Jul,head-on collision
6267,8 killed as two buses collide in Narsingdi,2014-08-06 22:07:18,https://en.prothomalo.com/bangladesh/8-killed-as-two-buses-collide-in-Narsingdi,dhaka-sylhet highway at amtala of shibpur,Narsingdi,8,60,Buses,collision,Bangladesh,event,road accident,2014-08-06,22:07:18,Aug,8,Moderate rain,22,Aug,collision
6268,Cultural affairs secretary injured in road crash,2014-06-20 18:12:58,https://en.prothomalo.com/bangladesh/Cultural-affairs-secretary-injured-in-road-crash,boraigram upazila,Natore,0,3,,road accident,Bangladesh,event,road accident,2014-06-20,18:12:58,Jun,6,Heavy rain,18,Jun,road accident
6272,5 die as boat capsizes in Mymensingh,2014-07-24 17:55:39,,borobilar beel,Mymensingh,5,0,,overloaded boat sank,Bangladesh,event,road accident,2014-07-24,17:55:39,Jul,7,Dense rain,17,Jul,overloaded boat sank
6281,"Hit by washing machine, apparel worker dies",2014-06-19 20:05:57,https://en.prothomalo.com/bangladesh/Hit-by-washing-machine-apparel-worker-dies,konabari,Gazipur,1,0,Washing Machine,struck by a washing machine,Bangladesh,event,road accident,2014-06-19,20:05:57,Jun,6,Light rain,20,Jun,struck by a washing machine
6287,"Ferry capsizes in Padma, 2 bodies recovered",2014-08-04 15:05:05,https://en.prothomalo.com/bangladesh/Ferry-capsizes-in-Padma-2-bodies-recovered,mawa ferry terminal,Munshiganj,0,0,,capsized,Bangladesh,event,road accident,2014-08-04,15:05:05,Aug,8,Moderate rain,15,Aug,unknown
6288,24-hr bus strike on Dhaka-Barisal-Madaripur routes underway,2014-07-21 13:12:39,https://en.prothomalo.com/bangladesh/24-hr-bus-strike-on-Dhaka-Barisal-Madaripur-routes,dhaka-barisal and dhaka-madaripur highways,Dhaka,0,0,Bus,demand for compensation cut,Bangladesh,event,road accident,2014-07-21,13:12:39,Jul,7,Dense rain,13,Jul,demand for compensation cut
6290,Quader blames jaywalkers for traffic jams,2014-08-12 22:28:26,https://en.prothomalo.com/bangladesh/Quader-blames-jaywalkers-for-traffic-jams,dhaka,Dhaka,0,0,"Various (Cars, Potentially Others Implied By 'Traffic Jams')","jaywalking, reckless driving, misuse of vehicle stickers",Bangladesh,event,road accident,2014-08-12,22:28:26,Aug,8,Moderate rain,22,Aug,jaywalking reckless driving misuse of vehicle stickers
6294,10 killed as bus hits crowd in Barisal,2014-07-11 22:59:19,https://en.prothomalo.com/bangladesh/10-killed-as-bus-hits-crowd-in-Barisal,barisal-dhaka highway at wazirpur upazila,Dhaka,10,30,Bus,ploughed through a crowd at a makeshift market,Bangladesh,event,road accident,2014-07-11,22:59:19,Jul,7,Light rain,22,Jul,ploughed through a crowd at a makeshift market
6295,3 killed in Tangail road crash,2014-05-20 18:59:07,https://en.prothomalo.com/bangladesh/3-killed-in-Tangail-road-crash-2,dhaka-tangail highway at postokamari,Tangail,3,3,Truck And Pick-Up Van,truck rammed into a pick-up van,Bangladesh,event,road accident,2014-05-20,18:59:07,May,5,Partly cloudy,18,May,truck rammed into a pickup van
6302,Pistol found in mangled car belonged to Nur Hossain,2014-08-02 22:40:15,https://en.prothomalo.com/bangladesh/Pistol-found-in-mangled-car-belonged-to-Nur,malibagh bazar level crossing,Dhaka,0,0,"Car, Train",car rammed by train,Bangladesh,event,road accident,2014-08-02,22:40:15,Aug,8,Light rain,22,Aug,car rammed by train
6303,Will the state not take responsibility of Farzana?,2014-09-08 14:11:12,https://en.prothomalo.com/opinion/Will-the-state-not-take-responsibility-of-Farzana,kurmitola bihari camp,,9,0,,"arson related to land grabbing, possibly due to fireworks incident escalating.",Bangladesh,event,road accident,2014-09-08,14:11:12,Sep,9,,14,Sep,arson related to land grabbing possibly due to fireworks incident escalating
6311,Severed body parts found at Agargaon,2014-05-02 10:37:21,https://en.prothomalo.com/bangladesh/Severed-body-parts-found-at-Agargaon,agargaon,Dhaka,1,0,,severed body parts found,Bangladesh,event,road accident,2014-05-02,10:37:21,May,5,Light rain,10,May,severed body parts found
6321,Cop killed in Gazipur road crash,2014-05-12 12:34:42,https://en.prothomalo.com/bangladesh/Cop-killed-in-Gazipur-road-crash,dhaka-mymensingh highway,Dhaka,1,2,Truck,truck knocked down police constables,Bangladesh,event,road accident,2014-05-12,12:34:42,May,5,Partly cloudy,12,May,truck knocked down police constables
6338,Female UZ vice chair dies after road crash,2014-04-25 20:15:28,https://en.prothomalo.com/bangladesh/Female-UZ-vice-chair-dies-after-road-crash,,Khulna,1,0,,road accident,Bangladesh,event,road accident,2014-04-25,20:15:28,Apr,4,Moderate rain,20,Apr,road accident
6351,Chittagong unfit for habitation: Obaidul,2014-08-03 19:27:32,https://en.prothomalo.com/bangladesh/Chittagong-unfit-for-habitation-Obaidul,,Chattogram,0,0,,,Bangladesh,,road accident,2014-08-03,19:27:32,Aug,8,Moderate rain,19,Aug,
6353,10 die as 2 buses collide in Rajbari,2014-05-09 12:33:33,https://en.prothomalo.com/bangladesh/10-die-as-2-buses-collide-in-Rajbari,daulatdia-khulna highway at basantapur,Rajbari,10,23,Bus,head-on collision,Bangladesh,event,road accident,2014-05-09,12:33:33,May,5,Partly cloudy,12,May,head-on collision
6356,2 killed in Sirajganj road crash,2014-06-03 13:44:33,https://en.prothomalo.com/bangladesh/2-killed-in-Sirajganj-road-crash-2,highway villa area,Sirajganj,2,10,Traffic,traffic accident,Bangladesh,event,road accident,2014-06-03,13:44:33,Jun,6,Light rain,13,Jun,traffic accident
6362,Ferry capsize toll reaches 12,2014-05-15 23:51:15,https://en.prothomalo.com/bangladesh/Ferry-capsize-toll-reaches-12,river meghna at gazaria,Munshiganj,12,50,,capsizing,Bangladesh,event,road accident,2014-05-15,23:51:15,May,5,Moderate rain,23,May,capsizing
6363,4 killed in Comilla road crash,2014-05-15 19:45:15,https://en.prothomalo.com/bangladesh/4-killed-in-Comilla-road-crash,chouddagram upazila,Cumilla,4,12,"Bus, Ambulance, Tractor",triangular collision,Bangladesh,event,road accident,2014-05-15,19:45:15,May,5,Dense rain,19,May,triangular collision
6369,Tofail sorry for N'ganj 7-murder,2014-05-10 21:46:33,https://en.prothomalo.com/bangladesh/Tofail-sorry-for-N-ganj-7-murder,narayanganj,Narayanganj,7,0,,murder,Bangladesh,event,road accident,2014-05-10,21:46:33,May,5,Partly cloudy,21,May,murder
6373,3 schoolboys killed in Tangail road crash,2014-03-26 21:53:38,https://en.prothomalo.com/bangladesh/3-schoolboys-killed-in-Tangail-road-crash,asimtala,Tangail,3,0,Motorcycle And Bus,motorcycle crashed into a bus,Bangladesh,event,road accident,2014-03-26,21:53:38,Mar,3,Moderate rain,21,Mar,motorcycle crashed into a bus
6375,5 killed in Gazipur-Tangi road clashes,2014-04-15 11:41:54,https://en.prothomalo.com/bangladesh/4-killed-in-truck-human-hauler-collision,dhaka-tangail highway,Gazipur,4,5,"Truck, Human-Hauler",head-on collision,Bangladesh,event,road accident,2014-04-15,11:41:54,Apr,4,Mainly clear,11,Apr,head-on collision
6379,155 CC cameras in Dhaka closed for 4 years,2014-12-07 13:58:40,https://en.prothomalo.com/bangladesh/CC-cameras-closed-in-Dhaka,saarc fountain intersection,Dhaka,1,0,Bus,hit and run,Bangladesh,event,road accident,2014-12-07,13:58:40,Dec,12,Partly cloudy,13,Dec,hit and run
6393,Minister fails to ensure passenger safety,2014-08-06 11:09:29,https://en.prothomalo.com/bangladesh/Minister-fails-to-ensure-passenger-safety,"mawa route, paturia",Manikganj,0,0,Ferry,overloading passengers or goods beyond capacity,Bangladesh,event,road accident,2014-08-06,11:09:29,Aug,8,Moderate rain,11,Aug,overloading passengers or goods beyond capacity
6394,Mozena narrowly escapes road mishap,2014-05-09 22:28:54,https://en.prothomalo.com/bangladesh/Mozena-narrowly-escapes-road-mishap,village road,Gazipur,0,0,Car,loss of control and sliding over a bend,Bangladesh,event,road accident,2014-05-09,22:28:54,May,5,Squalls,22,May,loss of control and sliding over a bend
6403,UN concerned about Sundarbans oil spill,2014-12-11 09:22:43,https://en.prothomalo.com/bangladesh/UN-concerned-about-Sundarbans-oil-spill,sundarbans,Bagerhat,0,0,Tanker And Cargo Vessel,collision between two vessels,Bangladesh,event,road accident,2014-12-11,09:22:43,Dec,12,Partly cloudy,9,Dec,collision between two vessels
6429,"Please, let me live: Nancy",2014-08-20 12:33:20,https://en.prothomalo.com/entertainment/Please-let-me-live-Nancy,netrakona residence,Netrakona,0,1,,overdose on sleeping pills,Bangladesh,event,road accident,2014-08-20,12:33:20,Aug,8,,12,Aug,overdose on sleeping pills
6431,Microbus gas cylinder blast kills 3 in Ctg,2014-03-17 15:15:21,,suabeel,Chattogram,4,7,Microbus,gas cylinder explosion,Bangladesh,event,road accident,2014-03-17,15:15:21,Mar,3,Clear sky,15,Mar,gas cylinder explosion
6441,Bodies of tourist couple found in Kaptai Lake,2014-03-22 11:37:41,https://en.prothomalo.com/bangladesh/Bodies-of-tourist-couple-found-in-Kaptai-Lake,kaptai lake,Rangamati,2,1,Engine Boat,boat capsize due to high winds,Bangladesh,event,road accident,2014-03-22,11:37:41,Mar,3,,11,Mar,boat capsize due to high winds
6449,Dhaka not pedestrian friendly,2014-11-26 09:00:32,https://en.prothomalo.com/bangladesh/Dhaka-not-pedestrian-friendly,dhaka,Dhaka,0,0,,,Bangladesh,,road accident,2014-11-26,09:00:32,Nov,11,"Snow, blowing",9,Nov,
6463,7 die in ferry capsize,2014-05-03 22:58:10,https://en.prothomalo.com/bangladesh/7-die-in-ferry-capsize,kolagachia river in golachipa upazila,Patuakhali,7,20,,launch capsized,Bangladesh,event,road accident,2014-05-03,22:58:10,May,5,Light rain,22,May,launch capsized
6468,Tejturi Bazar burn victim dies,2014-04-11 11:44:39,https://en.prothomalo.com/bangladesh/Tejturi-Bazar-burn-victim-dies,"tejturi bazar, tejgaon area",Dhaka,1,11,Van,short circuit spreading to flammable chemical materials,Bangladesh,event,road accident,2014-04-11,11:44:39,Apr,4,Mainly clear,11,Apr,short circuit spreading to flammable chemical materials
6472,Pedestrian-unfriendly Dhaka,2014-11-30 15:38:51,https://en.prothomalo.com/opinion/Pedestrian-unfriendly-Dhaka,sonargaon intersection of kawran bazar,Dhaka,0,0,,obstruction of free pedestrian movement,Bangladesh,event,road accident,2014-11-30,15:38:51,Nov,11,"rain, freezing",15,Nov,obstruction of free pedestrian movement
6477,Galachipa Ferry Capsize: Ferry owners to be blamed,2014-05-05 20:26:23,https://en.prothomalo.com/opinion/Galachipa-Ferry-Capsize-Ferry-owners-to-be-blamed,galachipa,Patuakhali,12,0,,"design and technical flaws, negligence of authorities, and owner's lack of risk assessment",Bangladesh,event,road accident,2014-05-05,20:26:23,May,5,Heavy rain,20,May,design and technical flaws negligence of authorities and owners lack of risk assessment
6005,Reckless bike takes Runa’s life,2015-10-21 18:39:19,,motijheel agb colony,Dhaka,1,0,Motorcycle,reckless driving and scarf entanglement with motorcycle wheel,Bangladesh,event,road accident,2015-10-21,18:39:19,Oct,10,Mainly clear,18,Oct,reckless driving and scarf entanglement with motorcycle wheel
6012,3 killed in Tangail road crash,2015-01-13 10:52:54,https://en.prothomalo.com/bangladesh/3-killed-in-Tangail-road-crash,near bangabandhu bridge,Sirajganj,3,9,Taxicab And Truck,head-on collision,Bangladesh,event,road accident,2015-01-13,10:52:54,Jan,1,Partly cloudy,10,Jan,head-on collision
6016,Narayanganj road crash kills 4,2015-02-27 16:11:19,https://en.prothomalo.com/bangladesh/Narayanganj-road-crash-kills-4,dhaka-sylhet highway of rupganj upazila in narayanganj,Narayanganj,4,2,"Truck, Auto Rickshaw",truck crushed auto rickshaw,Bangladesh,event,road accident,2015-02-27,16:11:19,Feb,2,Mainly clear,16,Feb,truck crushed auto rickshaw
6029,3 killed in Bogra road crash,2015-03-12 21:43:53,https://en.prothomalo.com/bangladesh/3-killed-in-Bogra-road-crash-2,dhaka-bogra highway,Sherpur,3,2,Other,,Bangladesh,event,road accident,2015-03-12,21:43:53,Mar,3,Clear sky,21,Mar,
6030,3 killed in Bogra road crash,2015-03-12 21:43:53,https://en.prothomalo.com/bangladesh/3-killed-in-Bogra-road-crash,dhaka-bogra highway,Sherpur,3,2,,,Bangladesh,event,road accident,2015-03-12,21:43:53,Mar,3,Clear sky,21,Mar,
6032,City road crash kills 1,2014-12-31 10:40:16,https://en.prothomalo.com/bangladesh/City-road-crash-kills-1,karwan bazar,Dhaka,1,0,,,Bangladesh,event,road accident,2014-12-31,10:40:16,Dec,12,Light rain,10,Dec,
6035,Auto-rickshaws banned on 22 highways,2015-08-07 21:30:31,https://en.prothomalo.com/bangladesh/Auto-rickshaws-ban-on-22-highways,"companyganj residence, noakhali",Noakhali,0,0,"Auto Rickshaw, Tempo, Other",to avoid accidents,Bangladesh,event,road accident,2015-08-07,21:30:31,Aug,8,Dense rain,21,Aug,to avoid accidents
6047,6 killed in road crashes,2015-06-03 15:00:56,https://en.prothomalo.com/bangladesh/2-killed-in-B-baria-road-crash,"brahmanbaria, pabna and dhaka",Brahmanbaria,6,0,Cars,,Bangladesh,event,road accident,2015-06-03,15:00:56,Jun,6,Dense rain,15,Jun,
6054,"Father, daughter killed in Keraniganj road crash",2015-02-05 21:19:59,https://en.prothomalo.com/bangladesh/Father-daughter-killed-in-Keraniganj-road-crash,dhaka-mawa highway,Dhaka,2,0,,,Bangladesh,event,road accident,2015-02-05,21:19:59,Feb,2,Partly cloudy,21,Feb,
6060,Death on the highways,2015-04-11 10:14:49,https://en.prothomalo.com/opinion/Death-on-the-highways-3,bhanga municipal area,Faridpur,25,0,Bus,serious accident,Bangladesh,event,road accident,2015-04-11,10:14:49,Apr,4,Moderate rain,10,Apr,serious accident
6062,Death on the highways,2015-04-11 10:14:49,https://en.prothomalo.com/opinion/Death-on-the-highways,bhanga municipal area,Faridpur,25,25,Bus,,Bangladesh,event,road accident,2015-04-11,10:14:49,Apr,4,Moderate rain,10,Apr,
6066,Tangled web of overhead cables,2015-07-05 17:00:45,https://en.prothomalo.com/bangladesh/Tangled-web-of-overhead-cables,"gulshan, banani, mohakhali, karwan bazar, mirpur",Dhaka,0,0,,illegal overhead cables entangled with electricity lines and transformers,Bangladesh,event,road accident,2015-07-05,17:00:45,Jul,7,Moderate rain,17,Jul,illegal overhead cables entangled with electricity lines and transformers
6073,Cop among 3 killed in Sirajganj road crash,2014-12-31 13:56:54,https://en.prothomalo.com/bangladesh/Cop-among-3-killed-in-Sirajganj-road-crash,koddar intersection of bangabandhu bridge (west) connecting road,Sirajganj,3,3,"Bus, Truck, Van",truck ran into a stationary bus,Bangladesh,event,road accident,2014-12-31,13:56:54,Dec,12,Moderate rain,13,Dec,truck ran into a stationary bus
6080,Satkhira road crash kills woman,2014-12-05 12:44:41,https://en.prothomalo.com/bangladesh/Satkhira-road-crash-kills-woman,satkhira town,Satkhira,1,0,Other,,Bangladesh,event,road accident,2014-12-05,12:44:41,Dec,12,Partly cloudy,12,Dec,
6081,"Truck driver, asst burnt to death",2015-02-03 15:51:17,https://en.prothomalo.com/bangladesh/Truck-driver-and-assistant-burnt-to-death,dhaka-barisal highway in gaurnadi upazila,Dhaka,2,0,Truck,petrol bomb attack,Bangladesh,event,road accident,2015-02-03,15:51:17,Feb,2,Partly cloudy,15,Feb,petrol bomb attack
6083,Narsingdi road crash kills 2,2014-12-19 13:21:02,https://en.prothomalo.com/bangladesh/Narsingdi-road-crash-kills-2-4,dhaka-sylhet highway in front of bscic industrial area at kararchar,Nawabganj,2,3,"Bus, Auto-Rickshaw",bus rammed auto-rickshaw,Bangladesh,event,road accident,2014-12-19,13:21:02,Dec,12,Partly cloudy,13,Dec,bus rammed autorickshaw
6084,Narsingdi road crash kills 2,2014-12-19 13:21:02,https://en.prothomalo.com/bangladesh/Narsingdi-road-crash-kills-2-2,bscic industrial area at kararchar,Habiganj,2,3,"Bus, Cng-Run Auto-Rickshaw",bus rammed a cng-run auto-rickshaw,Bangladesh,event,road accident,2014-12-19,13:21:02,Dec,12,Partly cloudy,13,Dec,bus rammed a cngrun autorickshaw
6085,Narsingdi road crash kills 2,2014-12-19 13:21:02,https://en.prothomalo.com/bangladesh/Narsingdi-road-crash-kills-2,dhaka-sylhet highway in front of bscic industrial area,Nawabganj,2,3,"Bus, Auto-Rickshaw",bus rammed auto-rickshaw,Bangladesh,event,road accident,2014-12-19,13:21:02,Dec,12,Partly cloudy,13,Dec,bus rammed autorickshaw