id,title,date,article_url,place_of_accident,district,number_of_deaths,number_of_injured,vehicle_type,cause_of_accident,country,report_type,type_of_accident,accident_date,accident_time,month,month_num,condition,accident_hour,month_name,cause_of_accident_normalized
6086,Driver held in connection with death of 3 Rajshahi College girls,2014-12-11 14:00:58,https://en.prothomalo.com/bangladesh/Driver-held-in-connection-with-death-of-3-Rajshahi,rajshahi,Rajshahi,3,0,Bus,bus turned turtle,Bangladesh,event,road accident,2014-12-11,14:00:58,Dec,12,,14,Dec,bus turned turtle
6094,"Pinak-6 capsize: A year on, wound remains",2015-08-04 20:03:14,https://en.prothomalo.com/bangladesh/Pinak-6-capsize-A-year-on-wound-remains,padma river,Munshiganj,49,112,Launch (Pinak-6),overloaded with passengers,Bangladesh,event,road accident,2015-08-04,20:03:14,Aug,8,Light rain,20,Aug,overloaded with passengers
6098,Chakaria death toll rises to 4,2015-01-16 17:54:02,https://en.prothomalo.com/bangladesh/Chakaria-death-toll-rises-to-4,chittagong-cox's bazar highway,Cox's Bazar,4,0,"Microbus, Picnic Bus",head-on collision between a picnic bus and a microbus,Bangladesh,event,road accident,2015-01-16,17:54:02,Jan,1,Partly cloudy,17,Jan,headon collision between a picnic bus and a microbus
6107,No lack of excuses to strike,2015-05-25 08:24:49,https://en.prothomalo.com/bangladesh/Transport-strikes-at-meagre-excuses,"madhukhali, faridpur",Faridpur,0,0,Bus,robbery and arrest of bus staff,Bangladesh,event,road accident,2015-05-25,08:24:49,May,5,Light rain,8,May,robbery and arrest of bus staff
6122,Madrasah teacher killed in Rajshahi bike crash,2014-11-01 10:09:55,https://en.prothomalo.com/bangladesh/Madrasah-teacher-killed-in-Rajshahi-bike-crash,shah makhdum airport area,Rajshahi,1,0,"Truck, Motorcycle",truck knocked down motorcycle,Bangladesh,event,road accident,2014-11-01,10:09:55,Nov,11,,10,Nov,truck knocked down motorcycle
6126,14 injured in Gulistan traffic crash,2014-11-17 13:20:14,https://en.prothomalo.com/bangladesh/14-injured-in-Gulistan-traffic-crash,toll plaza in front of mayor mohhad hanif flyover,Dhaka,0,14,Bus,rear-end collision,Bangladesh,event,road accident,2014-11-17,13:20:14,Nov,11,Squalls,13,Nov,rearend collision
6134,"3 killed in road crashes in Mirsharai, Savar",2014-12-05 22:41:59,https://en.prothomalo.com/bangladesh/3-killed-in-road-crashes-in-Mirsharai-Savar,"sufia road, nayarhat area of ashulia, dhaka-aricha highway",Dhaka,3,8,"Covered Van, Cng-Run Auto-Rickshaw, Bus, Three-Wheeler","collision between vehicles, bus rammed three-wheeler",Bangladesh,event,road accident,2014-12-05,22:41:59,Dec,12,Partly cloudy,22,Dec,collision between vehicles bus rammed threewheeler
6140,"Mother, son drown in Buriganga",2014-10-01 16:11:26,https://en.prothomalo.com/bangladesh/Mother-son-drown-in-Buriganga,river buriganga near sadarghat terminal,Dhaka,2,1,Launch And Boat,launch hit the boat,Bangladesh,event,road accident,2014-10-01,16:11:26,Oct,10,Mainly clear,16,Oct,launch hit the boat
6152,Munshiganj road crash kills 2,2014-10-26 10:35:40,https://en.prothomalo.com/bangladesh/Munshiganj-road-crash-kills-2-2,madhyam farazi kandi on the dhaka-chittagong highway,Munshiganj,2,25,,,Bangladesh,event,road accident,2014-10-26,10:35:40,Oct,10,Moderate rain,10,Oct,
6153,Munshiganj road crash kills 2,2014-10-26 10:35:40,https://en.prothomalo.com/bangladesh/Munshiganj-road-crash-kills-2,dhaka-chittagong highway,Munshiganj,2,25,,,Bangladesh,event,road accident,2014-10-26,10:35:40,Oct,10,Moderate rain,10,Oct,
6163,"Man killed, 10 hurt in Mymensingh road crash",2014-08-29 17:33:40,https://en.prothomalo.com/bangladesh/Man-killed-10-hurt-in-Mymensingh-road-crash,mymensingh-kishoreganj highway at sharshi,Mymensingh,1,10,"Bus, Truck",head-on collision,Bangladesh,event,road accident,2014-08-29,17:33:40,Aug,8,Light rain,17,Aug,head-on collision
6181,Steel mill explosion burns 4,2014-10-26 16:13:38,,shyampur,Dhaka,0,4,Other (Industrial),furnace exploded,Bangladesh,event,road accident,2014-10-26,16:13:38,Oct,10,Light rain,16,Oct,furnace exploded
6182,Cop killed in Tangail road crash,2014-09-08 17:09:37,,kurni,Tangail,1,7,"Bus, Police Vehicle",bus hitting a police vehicle,Bangladesh,event,road accident,2014-09-08,17:09:37,Sep,9,Dense rain,17,Sep,bus hitting a police vehicle
6185,Zaglul Ahmed Chowdhury laid to rest,2014-12-01 23:06:15,https://en.prothomalo.com/bangladesh/Zaglul-Ahmed-Chowdhury-laid-to-rest,dhaka,Dhaka,1,0,,,Bangladesh,event,road accident,2014-12-01,23:06:15,Dec,12,Partly cloudy,23,Dec,
6197,2 killed in Narsingdi road crash,2014-09-06 22:34:46,https://en.prothomalo.com/bangladesh/accident/2-killed-in-narsingdi-road-crash,dhaka-sylhet highway in shibpur upazila,Narsingdi,2,3,Other,,Bangladesh,event,road accident,2014-09-06,22:34:46,Sep,9,Partly cloudy,22,Sep,
6198,2 killed in Narsingdi road crash,2014-09-06 22:34:46,https://en.prothomalo.com/bangladesh/2-killed-in-Narsingdi-road-crash,dhaka-sylhet highway,Dhaka,2,3,Other,,Bangladesh,event,road accident,2014-09-06,22:34:46,Sep,9,Partly cloudy,22,Sep,
6201,"Twin boys, mother die as bus falls in ditch",2014-10-05 12:41:02,https://en.prothomalo.com/bangladesh/Twin-boys-mother-die-as-bus-falls-in-ditch,comilla-sylhet highway,Brahmanbaria,3,0,Microbus,plunged into water,Bangladesh,event,road accident,2014-10-05,12:41:02,Oct,10,Clear sky,12,Oct,plunged into water
6206,Truck runs over 2 siblings,2014-09-28 10:29:06,https://en.prothomalo.com/bangladesh/Truck-runs-over-2-siblings,satkhira town,Satkhira,2,1,Truck,truck ran over siblings,Bangladesh,event,road accident,2014-09-28,10:29:06,Sep,9,Precipitation within sight,10,Sep,truck ran over siblings
6212,7 bodies recovered after Padma boat capsize,2014-07-31 11:11:30,https://en.prothomalo.com/bangladesh/7-bodies-recovered-after-Padma-boat-capsize,river padma,Kushtia,7,0,,boat capsize,Bangladesh,event,road accident,2014-07-31,11:11:30,Jul,7,Moderate rain,11,Jul,boat capsize
6214,2 killed in Mirzapur collision,2014-08-24 13:02:22,https://en.prothomalo.com/bangladesh/2-killed-in-Mirzapur-collision,mirzapur upazila,Tangail,2,0,Passenger Bus And A Fish-Laden Pick-Up,collision,Bangladesh,event,road accident,2014-08-24,13:02:22,Aug,8,Moderate rain,13,Aug,collision
6232,3 killed in Comilla road crash,2014-07-27 18:33:43,https://en.prothomalo.com/bangladesh/3-killed-in-Comilla-road-crash-5,"nuritala, chandina upazila",Cumilla,3,2,"Bus, Pick-Up Van",bus rammed a pick-up van,Bangladesh,event,road accident,2014-07-27,18:33:43,Jul,7,Moderate rain,18,Jul,bus rammed a pickup van
6233,3 killed in Comilla road crash,2014-07-27 18:33:43,https://en.prothomalo.com/bangladesh/3-killed-in-Comilla-road-crash-4,"nuritala, chandina upazila, comilla",Cumilla,3,2,"Bus, Pick-Up Van",bus rammed a pick-up van,Bangladesh,event,road accident,2014-07-27,18:33:43,Jul,7,Moderate rain,18,Jul,bus rammed a pickup van
6234,3 killed in Comilla road crash,2014-07-27 18:33:43,https://en.prothomalo.com/bangladesh/3-killed-in-Comilla-road-crash-2,dhaka-chittagong highway at nuritala,Cumilla,3,2,"Bus, Pick-Up Van",bus rammed a pick-up van,Bangladesh,event,road accident,2014-07-27,18:33:43,Jul,7,Moderate rain,18,Jul,bus rammed a pickup van
6236,Clinker-laden coaster sinks in Meghna River,2014-08-26 11:31:14,https://en.prothomalo.com/bangladesh/Clinker-laden-coaster-sinks-in-Meghna-River,meghna river near old market area,Chandpur,0,0,Coaster And Oil-Laden Tanker,collision between coaster and oil-laden tanker,Bangladesh,event,road accident,2014-08-26,11:31:14,Aug,8,Moderate rain,11,Aug,collision between coaster and oilladen tanker
6237,2 traders killed in Magura road crash,2014-07-26 17:47:34,https://en.prothomalo.com/bangladesh/2-traders-killed-in-Magura-road-crash,kasundi,Magura,2,7,"Truck, Pick-Up",truck rammed into a pick-up,Bangladesh,event,road accident,2014-07-26,17:47:34,Jul,7,Light rain,17,Jul,truck rammed into a pickup
6238,6 killed in Nilphamari road crash,2014-06-21 14:51:53,https://en.prothomalo.com/bangladesh/6-killed-in-Nilphamari-road-crash,kishoreganj-taraganj highway at dharerbazar,Kishoreganj,6,10,Bus And Ambulance,bus smashed an ambulance,Bangladesh,event,road accident,2014-06-21,14:51:53,Jun,6,Light rain,14,Jun,bus smashed an ambulance
6241,4 killed in a Tangail road crash,2014-06-28 10:19:02,,dhaka-tangail highway at jokarchar,Tangail,4,0,Truck And Pick-Up Van,truck rammed into a pick-up van,Bangladesh,event,road accident,2014-06-28,10:19:02,Jun,6,Moderate rain,10,Jun,truck rammed into a pickup van
6242,Sundarbans in grave danger,2014-12-11 10:06:13,https://en.prothomalo.com/opinion/Sundarbans-in-grave-danger,"river shela, sundarbans",,0,0,Tanker,capsized,Bangladesh,event,road accident,2014-12-11,10:06:13,Dec,12,,10,Dec,unknown
6243,3 killed in M’singh as 2 trucks collide,2014-07-04 13:09:09,https://en.prothomalo.com/bangladesh/3-killed-in-M’singh-as-2-trucks-collide,meherabari,Mymensingh,3,1,Two Trucks,head-on collision,Bangladesh,event,road accident,2014-07-04,13:09:09,Jul,7,Light rain,13,Jul,head-on collision
6246,2 killed in Mymensingh road crash,2014-07-25 13:21:47,https://en.prothomalo.com/bangladesh/accident/xmi9mzllmi,netrakona-mymensingh highway at kashiganj,Mymensingh,2,10,"Bus, Private Car",bus rammed into a private car,Bangladesh,event,road accident,2014-07-25,13:21:47,Jul,7,Moderate rain,13,Jul,bus rammed into a private car
6247,2 killed in Mymensingh road crash,2014-07-25 13:21:47,https://en.prothomalo.com/bangladesh/2-killed-in-Mymensingh-road-crash-3,netrakona-mymensingh highway at kashiganj under tarakanda upazila,Mymensingh,2,10,Bus And Private Car,bus rammed into a private car,Bangladesh,event,road accident,2014-07-25,13:21:47,Jul,7,Moderate rain,13,Jul,bus rammed into a private car
6248,2 killed in Mymensingh road crash,2014-07-25 13:21:47,https://en.prothomalo.com/bangladesh/2-killed-in-Mymensingh-road-crash,netrakona-mymensingh highway at kashiganj,Mymensingh,2,10,Bus And Private Car,bus rammed into a private car,Bangladesh,event,road accident,2014-07-25,13:21:47,Jul,7,Moderate rain,13,Jul,bus rammed into a private car
6249,4 killed in M’singh road crash,2014-08-15 11:58:27,https://en.prothomalo.com/bangladesh/3-killed-in-M’singh-road-crash,dhaka-mymensingh highway at beltoli,Dhaka,4,2,Bus And Cng-Run Auto-Rickshaw,head-on collision,Bangladesh,event,road accident,2014-08-15,11:58:27,Aug,8,Light rain,11,Aug,head-on collision
6252,2 SUST students among 3 hurt in road crash,2014-07-12 18:16:21,https://en.prothomalo.com/bangladesh/2-SUST-students-among-3-hurt-in-road-crash,akhalia,Chattogram,0,3,Microbus And Auto-Rickshaw,microbus rammed into a cng-run auto-rickshaw,Bangladesh,event,road accident,2014-07-12,18:16:21,Jul,7,Light rain,18,Jul,microbus rammed into a cngrun autorickshaw
6262,Man killed in Panchagarh road crash,2014-06-20 10:57:54,https://en.prothomalo.com/bangladesh/Man-killed-in-Panchagarh-road-crash,dhaka-panchagarh highway,Panchagarh,1,0,Traffic,,Bangladesh,event,road accident,2014-06-20,10:57:54,Jun,6,,10,Jun,
6263,"Ferry sinks with 5 trucks, 2 pickups",2014-06-19 10:44:41,https://en.prothomalo.com/bangladesh/Ferry-sinks-with-5-trucks-2-pickups,madhumati river near kalna ferry ghat,,0,0,"Ferry, Paddy-Laden Trucks, Pickup-Vans",capsized,Bangladesh,event,road accident,2014-06-19,10:44:41,Jun,6,,10,Jun,unknown
6267,8 killed as two buses collide in Narsingdi,2014-08-06 22:07:18,https://en.prothomalo.com/bangladesh/8-killed-as-two-buses-collide-in-Narsingdi,dhaka-sylhet highway at amtala of shibpur,Narsingdi,8,60,Buses,collision and subsequent fire,Bangladesh,event,road accident,2014-08-06,22:07:18,Aug,8,Moderate rain,22,Aug,collision and subsequent fire
6268,Cultural affairs secretary injured in road crash,2014-06-20 18:12:58,https://en.prothomalo.com/bangladesh/Cultural-affairs-secretary-injured-in-road-crash,boraigram upazila,Natore,0,3,Other,,Bangladesh,event,road accident,2014-06-20,18:12:58,Jun,6,Heavy rain,18,Jun,
6286,'Jarip-10' to trace the sunken ferry,2014-08-05 13:36:16,https://en.prothomalo.com/bangladesh/Jarip-10-to-trace-the-sunken-ferry,river padma at mawa,Munshiganj,0,0,,sunken,Bangladesh,event,road accident,2014-08-05,13:36:16,Aug,8,Moderate rain,13,Aug,sunken
6288,24-hr bus strike on Dhaka-Barisal-Madaripur routes underway,2014-07-21 13:12:39,https://en.prothomalo.com/bangladesh/24-hr-bus-strike-on-Dhaka-Barisal-Madaripur-routes,dhaka-barisal and dhaka-madaripur highways,Dhaka,0,0,Bus,demand for compensation rate cut,Bangladesh,event,road accident,2014-07-21,13:12:39,Jul,7,Dense rain,13,Jul,demand for compensation rate cut
6290,Quader blames jaywalkers for traffic jams,2014-08-12 22:28:26,https://en.prothomalo.com/bangladesh/Quader-blames-jaywalkers-for-traffic-jams,dhaka,Dhaka,0,0,"Cars, Motorcycles, Trucks","jaywalking, reckless driving, misuse of stickers",Bangladesh,event,road accident,2014-08-12,22:28:26,Aug,8,Moderate rain,22,Aug,jaywalking reckless driving misuse of stickers
6295,3 killed in Tangail road crash,2014-05-20 18:59:07,https://en.prothomalo.com/bangladesh/3-killed-in-Tangail-road-crash-2,dhaka-tangail highway at postokamari,Tangail,3,3,"Truck, Pick-Up Van",truck rammed into a pick-up van,Bangladesh,event,road accident,2014-05-20,18:59:07,May,5,Partly cloudy,18,May,truck rammed into a pickup van
6296,3 killed in Tangail road crash,2014-05-20 18:59:07,https://en.prothomalo.com/bangladesh/3-killed-in-Tangail-road-crash,dhaka-tangail highway,Tangail,3,3,"Truck, Pick-Up Van",truck rammed into a pick-up van,Bangladesh,event,road accident,2014-05-20,18:59:07,May,5,Partly cloudy,18,May,truck rammed into a pickup van
6303,Will the state not take responsibility of Farzana?,2014-09-08 14:11:12,https://en.prothomalo.com/opinion/Will-the-state-not-take-responsibility-of-Farzana,"kurmitola bihari camp in pallabi, mirpur",Dhaka,9,0,,arson related to land grabbing conflict,Bangladesh,event,road accident,2014-09-08,14:11:12,Sep,9,Moderate rain,14,Sep,arson related to land grabbing conflict
6311,Severed body parts found at Agargaon,2014-05-02 10:37:21,https://en.prothomalo.com/bangladesh/Severed-body-parts-found-at-Agargaon,bangabandhu international conference centre,Dhaka,0,0,,,Bangladesh,event,road accident,2014-05-02,10:37:21,May,5,Light rain,10,May,
6327,Bodies of 3 workers arrive from Malaysia,2014-08-21 12:38:55,https://en.prothomalo.com/bangladesh/Bodies-of-3-workers-arrive-from-Malaysia,malaysia,,3,0,,flyover beam collapse,Bangladesh,event,road accident,2014-08-21,12:38:55,Aug,8,,12,Aug,flyover beam collapse
6338,Female UZ vice chair dies after road crash,2014-04-25 20:15:28,https://en.prothomalo.com/bangladesh/Female-UZ-vice-chair-dies-after-road-crash,dighalia,Khulna,1,0,,road accident,Bangladesh,event,road accident,2014-04-25,20:15:28,Apr,4,Moderate rain,20,Apr,road accident
6350,Demands for a ‘People’s Dhaka’,2015-04-24 13:54:10,,dhaka university campus,Dhaka,0,0,,"sexual harassment, arrogance of power",Bangladesh,event,road accident,2015-04-24,13:54:10,Apr,4,Heavy rain,13,Apr,sexual harassment arrogance of power
6353,10 die as 2 buses collide in Rajbari,2014-05-09 12:33:33,https://en.prothomalo.com/bangladesh/10-die-as-2-buses-collide-in-Rajbari,daulatdia-khulna highway at basantapur,Rajbari,10,23,Bus,head-on collision,Bangladesh,event,road accident,2014-05-09,12:33:33,May,5,Partly cloudy,12,May,head-on collision
6355,7 killed in Jessore road crash,2014-06-03 16:28:04,https://en.prothomalo.com/bangladesh/6-killed-in-Jessore-road-crash,jessore-khulna highway at abhaynagar upazila,Khulna,7,0,Traffic,traffic accident,Bangladesh,event,road accident,2014-06-03,16:28:04,Jun,6,Moderate rain,16,Jun,traffic accident
6362,Ferry capsize toll reaches 12,2014-05-15 23:51:15,https://en.prothomalo.com/bangladesh/Ferry-capsize-toll-reaches-12,river meghna,Munshiganj,12,50,,capsize,Bangladesh,event,road accident,2014-05-15,23:51:15,May,5,Moderate rain,23,May,capsize
6379,155 CC cameras in Dhaka closed for 4 years,2014-12-07 13:58:40,https://en.prothomalo.com/bangladesh/CC-cameras-closed-in-Dhaka,saarc fountain intersection,Dhaka,1,0,Bus,hit-and-run by a bus,Bangladesh,event,road accident,2014-12-07,13:58:40,Dec,12,Partly cloudy,13,Dec,hitandrun by a bus
6394,Mozena narrowly escapes road mishap,2014-05-09 22:28:54,https://en.prothomalo.com/bangladesh/Mozena-narrowly-escapes-road-mishap,gazipur,Gazipur,0,0,Car,loss of control and slid over a bend,Bangladesh,event,road accident,2014-05-09,22:28:54,May,5,Squalls,22,May,loss of control and slid over a bend
6403,UN concerned about Sundarbans oil spill,2014-12-11 09:22:43,https://en.prothomalo.com/bangladesh/UN-concerned-about-Sundarbans-oil-spill,sundarbans,Bagerhat,0,0,Tanker And Cargo Vessel,collision between tanker and cargo vessel,Bangladesh,event,road accident,2014-12-11,09:22:43,Dec,12,Partly cloudy,9,Dec,collision between tanker and cargo vessel
6439,Human trafficking unabated,2014-10-20 15:58:43,https://en.prothomalo.com/bangladesh/Human-trafficking-unabated,cox's bazar coast,,0,0,,human trafficking,Bangladesh,event,road accident,2014-10-20,15:58:43,Oct,10,,15,Oct,human trafficking
6441,Bodies of tourist couple found in Kaptai Lake,2014-03-22 11:37:41,https://en.prothomalo.com/bangladesh/Bodies-of-tourist-couple-found-in-Kaptai-Lake,rangamati dc bungalow,Rangamati,2,1,Engine Boat,boat capsize,Bangladesh,event,road accident,2014-03-22,11:37:41,Mar,3,,11,Mar,boat capsize
6463,7 die in ferry capsize,2014-05-03 22:58:10,https://en.prothomalo.com/bangladesh/7-die-in-ferry-capsize,kolagachia river,Patuakhali,7,20,,capsized amid stormy weather,Bangladesh,event,road accident,2014-05-03,22:58:10,May,5,Light rain,22,May,capsized amid stormy weather
6468,Tejturi Bazar burn victim dies,2014-04-11 11:44:39,https://en.prothomalo.com/bangladesh/Tejturi-Bazar-burn-victim-dies,tejturi bazar,Dhaka,1,11,Van,short circuit and flammable chemical materials,Bangladesh,event,road accident,2014-04-11,11:44:39,Apr,4,Mainly clear,11,Apr,short circuit and flammable chemical materials
6472,Pedestrian-unfriendly Dhaka,2014-11-30 15:38:51,https://en.prothomalo.com/opinion/Pedestrian-unfriendly-Dhaka,sonargaon intersection of kawran bazar,Dhaka,0,0,,obstruction of free pedestrian movement for vehicles,Bangladesh,event,road accident,2014-11-30,15:38:51,Nov,11,"rain, freezing",15,Nov,obstruction of free pedestrian movement for vehicles
6477,Galachipa Ferry Capsize: Ferry owners to be blamed,2014-05-05 20:26:23,https://en.prothomalo.com/opinion/Galachipa-Ferry-Capsize-Ferry-owners-to-be-blamed,galachipa,Patuakhali,12,0,,"design and technical flaws of the ferry, negligence of the authorities, and failure to consider storm risks",Bangladesh,event,road accident,2014-05-05,20:26:23,May,5,Heavy rain,20,May,design and technical flaws of the ferry negligence of the authorities and failure to consider storm risks
6504,Highway horrors,2014-07-08 20:01:57,https://en.prothomalo.com/bangladesh/Highway-horrors,dhaka-mymensingh highway,Dhaka,0,0,All Vehicles,poor road conditions,Bangladesh,event,road accident,2014-07-08,20:01:57,Jul,7,Moderate rain,20,Jul,poor road conditions
536,2 killed in Sirajganj road accident,2018-05-08 10:02:00,https://en.prothomalo.com/bangladesh/2-killed-in-Sirajganj-road-accident,hatikumrul-banpara highway at ramchar in ullahpara upazila,Sirajganj,2,3,Bus And Battery-Run Van,speeding bus ran over them,Bangladesh,event,road accident,2018-05-08,10:02:00,May,5,Light rain,10,May,speeding bus ran over them
698,Education academy DG killed in road accident,2017-05-13 18:10:13,https://en.prothomalo.com/bangladesh/Education-academy-DG-killed-in-road-accident,baroiarhat area,Chattogram,1,0,,,Bangladesh,event,road accident,2017-05-13,18:10:13,May,5,Light rain,18,May,
959,"Mother, son drown as boat sinks in Narail",2022-12-31 09:44:46,https://en.prothomalo.com/bangladesh/0cfpjhl0ws,nabaganga river in narail's kalia upazila,Narail,2,0,,capsized,Bangladesh,event,road accident,2022-12-31,09:44:46,Dec,12,,9,Dec,unknown
1002,2 killed in Satkhira road accident,2017-01-04 10:57:49,,nehalpur,Satkhira,2,3,Truck,plunged into a roadside ditch,Bangladesh,event,road accident,2017-01-04,10:57:49,Jan,1,Clear sky,10,Jan,plunged into a roadside ditch
1033,Man killed as concrete block falls off metro rail route,2022-05-31 09:09:06,https://en.prothomalo.com/bangladesh/accident/man-killed-as-concrete-block-falls-off-metro-rail-route,mirpur,Dhaka,1,0,,concrete block fell from under-construction metro rail track,Bangladesh,event,road accident,2022-05-31,09:09:06,May,5,Moderate rain,9,May,concrete block fell from underconstruction metro rail track
1034,Work of BRT project on Uttara part remains suspended,2022-08-16 16:15:51,https://en.prothomalo.com/bangladesh/city/q1v7t4x2fw,uttara,Dhaka,0,0,Bus,lack of safety measures during brt project work,Bangladesh,event,road accident,2022-08-16,16:15:51,Aug,8,Moderate rain,16,Aug,lack of safety measures during brt project work
1076,Panchagarh road crash kills 3 teenagers,2022-05-04 23:00:14,,talma-modelhat road at sadar upazila,Panchagarh,3,0,Motorcycle,crashed into a roadside tree,Bangladesh,event,road accident,2022-05-04,23:00:14,May,5,,23,May,crashed into a roadside tree
1080,No respite from road accidents?,2016-12-19 13:56:25,,dhaka-tangail highway at gazipur,Gazipur,6,9,"Bus, Public Transport Vehicle",head-on collision,Bangladesh,event,road accident,2016-12-19,13:56:25,Dec,12,Partly cloudy,13,Dec,head-on collision
1289,Khulna fuel traders call indefinite strike from 17 February,2022-02-06 13:19:25,https://en.prothomalo.com/bangladesh/local-news/khulna-fuel-traders-call-indefinite-strike-from-17-february,khulna division,Khulna,0,0,Truck (Tanker),,Bangladesh,event,road accident,2022-02-06,13:19:25,Feb,2,Haze,13,Feb,
1296,2 killed as speedboat hits trawler in Meghna river,2021-10-31 12:49:19,https://en.prothomalo.com/bangladesh/accident/2-killed-as-speedboat-hits-trawler-in-meghna-river,meghna river at marichakandi,Brahmanbaria,2,0,Speedboat And Trawler,collision between speedboat and trawler,Bangladesh,event,road accident,2021-10-31,12:49:19,Oct,10,Partly cloudy,12,Oct,collision between speedboat and trawler
1298,"Two drown, 3 missing as ferry sinks off Barishal coast

",2022-04-08 15:54:02,https://en.prothomalo.com/bangladesh/local-news/two-drown-3-missing-as-ferry-sinks-off-barishal-coast,gazaria river,Barishal,2,0,,ferry capsized,Bangladesh,event,road accident,2022-04-08,15:54:02,Apr,4,Mainly clear,15,Apr,ferry capsized
1605,Custodial death of Jesmin to have no impact on BD-US relations: Momen,2023-03-29 22:57:40,https://en.prothomalo.com/bangladesh/nhujpkrdae,rab custody,Naogaon,1,0,,custodial death,Bangladesh,event,road accident,2023-03-29,22:57:40,Mar,3,Squalls,22,Mar,custodial death
1685,"Accused driver in custody, police complete autopsy",2022-12-03 18:14:17,https://en.prothomalo.com/bangladesh/city/j0y4gyj0pb,dhaka university campus,Dhaka,1,0,Car,driver ran over a woman and dragged her,Bangladesh,event,road accident,2022-12-03,18:14:17,Dec,12,Clear sky,18,Dec,driver ran over a woman and dragged her
1774,"Imam killed in Rajshahi road crash

",2021-02-02 08:37:39,https://en.prothomalo.com/bangladesh/accident/imam-killed-in-rajshahi-road-crash,shayergacha area,Rajshahi,1,0,Bus,crushed under the wheels of a bus while crossing a road,Bangladesh,event,road accident,2021-02-02,08:37:39,Feb,2,,8,Feb,crushed under the wheels of a bus while crossing a road
1904,Four killed in separate road crashes in Dinajpur and Magura,2022-05-16 14:56:51,https://en.prothomalo.com/bangladesh/accident/three-killed-in-dinajpur-road-crash,mangalpur area,Dinajpur,3,0,"Truck, Motorcycle",truck hit motorbike,Bangladesh,event,road accident,2022-05-16,14:56:51,May,5,Light rain,14,May,truck hit motorbike
1930,ASI killed in Bhola road crash,2021-05-02 20:39:28,,kunjerhat area,Bhola,1,0,Motorcycle,investigation of a complaint,Bangladesh,event,road accident,2021-05-02,20:39:28,May,5,Light rain,20,May,investigation of a complaint
2046,University teacher among five killed in road crashes,2021-10-14 12:41:13,https://en.prothomalo.com/bangladesh/accident/university-teacher-among-five-killed-in-road-crashes,pirojpur-gopalganj regional highway near kabirajbari in nazirpur upazila,Pirojpur,2,0,"Bus, Battery-Run Auto-Rickshaw",bus hit auto-rickshaw,Bangladesh,event,road accident,2021-10-14,12:41:13,Oct,10,Moderate rain,12,Oct,bus hit autorickshaw
2506,Bicyclist killed by city truck ,2020-07-06 09:49:43,https://en.prothomalo.com/bangladesh/accident/bicyclist-killed-by-city-truck,banani,Dhaka,1,0,"Truck, Bicycle",speeding truck hit bicyclist,Bangladesh,event,road accident,2020-07-06,09:49:43,Jul,7,Light rain,9,Jul,speeding truck hit bicyclist
3047,RMG worker killed in factory wall collapse,2019-12-10 12:46:06,https://en.prothomalo.com/bangladesh/RMG-worker-killed-in-factory-wall-collapse,gouripur in ashulia,Dhaka,1,10,,wall collapse following a blast inside the factory,Bangladesh,event,road accident,2019-12-10,12:46:06,Dec,12,Clear sky,12,Dec,wall collapse following a blast inside the factory
3700,"2 killed, 30 injured in Rangpur road crash",2018-10-24 10:44:16,https://en.prothomalo.com/bangladesh/2-killed-30-injured-in-Rangpur-road-crash,rangpur-bogura highway at khetmadpur in pirganj upazila,Rangpur,2,30,Bus,overtaking,Bangladesh,event,road accident,2018-10-24,10:44:16,Oct,10,Partly cloudy,10,Oct,overtaking
3890,"3 killed, 20 injured in road crash",2018-09-21 10:40:30,https://en.prothomalo.com/bangladesh/3-killed-20-injured-in-road-crash,dhaka-rajshahi highway,Rajshahi,3,20,"Bus, Truck",bus hit a stationary truck,Bangladesh,event,road accident,2018-09-21,10:40:30,Sep,9,,10,Sep,bus hit a stationary truck
3896,5 killed in Tangail road crash,2018-06-28 11:07:10,https://en.prothomalo.com/bangladesh/5-killed-in-Tangail-road-crash,kalihati upazila headquarters,Tangail,5,29,Truck,overturned,Bangladesh,event,road accident,2018-06-28,11:07:10,Jun,6,Light rain,11,Jun,overturned
3944,Families of road crash victims get financial assistance from PM,2018-08-02 16:53:01,,capital,Dhaka,2,0,,,Bangladesh,event,road accident,2018-08-02,16:53:01,Aug,8,Heavy rain,16,Aug,
6198,2 killed in Narsingdi road crash,2014-09-06 22:34:46,https://en.prothomalo.com/bangladesh/2-killed-in-Narsingdi-road-crash,dhaka-sylhet highway,Dhaka,2,3,Other,,Bangladesh,event,road accident,2014-09-06,22:34:46,Sep,9,Partly cloudy,22,Sep,
6181,Steel mill explosion burns 4,2014-10-26 16:13:38,,shyampur,Dhaka,0,4,Other (Industrial),furnace exploded,Bangladesh,event,road accident,2014-10-26,16:13:38,Oct,10,Light rain,16,Oct,furnace exploded
6035,Auto-rickshaws banned on 22 highways,2015-08-07 21:30:31,https://en.prothomalo.com/bangladesh/Auto-rickshaws-ban-on-22-highways,"companyganj residence, noakhali",Noakhali,0,0,"Auto Rickshaw, Tempo, Other",to avoid accidents,Bangladesh,event,road accident,2015-08-07,21:30:31,Aug,8,Dense rain,21,Aug,to avoid accidents
6353,10 die as 2 buses collide in Rajbari,2014-05-09 12:33:33,https://en.prothomalo.com/bangladesh/10-die-as-2-buses-collide-in-Rajbari,daulatdia-khulna highway at basantapur,Rajbari,10,23,Bus,head-on collision,Bangladesh,event,road accident,2014-05-09,12:33:33,May,5,Partly cloudy,12,May,head-on collision